0,"so long nerds",86353588,8619294,1656638942000,1475895
1,"The Minecraft VR Experience",15795953,867461,1648942356000,85557
2,"I Almost Became An Amputee",11263626,1050829,1640306167000,72899
3,"Destroying Friendships with the Minecraft Gravity Mod",14292095,992933,1630695613000,46079
4,"where I've been",15689169,1553679,1630094880000,256703
5,"I Became the Mayor of Skyblock",18819203,879938,1622057308000,54940
6,"I Must Win MrBeast's $10,000 Refrigerator",36210770,1457844,1617573444000,64794
7,"The Main Character of Dream SMP",14776700,804456,1614545349000,39531
8,"I Ruined Skeppy's Video",17124851,783905,1610748242000,29187
9,"Dream SMP But I Troll Skeppy",15248285,674657,1607814011000,17374
10,"The Fall of Manburg [Dream SMP]",11317944,469432,1606864306000,26868
11,"Dream SMP: The Red Festival",12474717,607943,1605293950000,30566
12,"Dream VS Technoblade: $100,000 Duel ANALYSIS",15821278,758559,1598748635000,68621
13,"Dream & Technoblade Win the Minecraft Championship w/ Burren & Michael",19035186,629815,1597883474000,23446
14,"Absolutely Ruining a $36,000 Minecraft Tournament",19998533,675945,1596391431000,45644
15,"Skyblock: Potato War 3 (FINALE)",28129562,977487,1594671620000,68803
16,"That Time College Discovered My YouTube Channel",12221081,573067,1588359673000,24932
17,"So We Won the Minecraft Championship ft. Tommy, Wilbur & Ph1lza",15050738,444413,1587837774000,14602
18,"Skyblock: Potato War 2",20960600,633578,1583610358000,24126
19,"My First Minecraft Championship",3825902,158722,1582490462000,4343
20,"Bullying Tommy & Ph1lza With My Goons",10126859,389353,1581540838000,12122
21,"SMP Earth: Battle of the Pit",8956566,237752,1580765186000,8087
22,"minecraft but we cyberbully a small child (SMP Earth)",8828848,244180,1577477987000,7578
23,"That Time I Conquered SMP Earth",11673707,348298,1576623468000,10456
24,"SMP Earth: The Empire Begins",8123230,238610,1575239492000,7448
25,"Skyblock: The Great Potato War",38280998,961245,1573685037000,40513
26,"Minecraft But TNT Spawns On Me Every 10 Seconds",14965265,495949,1571006556000,18971
27,"minecraft monday: the finale",5899975,193762,1570836787000,4986
28,"the deadliest sword in skyblock",20260278,404787,1570402610000,15563
29,"they added guns to bedwars",7387317,293536,1569685516000,9992
30,"minecraft but 100 people are trying to kill us (ft. Skeppy)",10880671,362429,1568757952000,12863
31,"i dropped out of college to play minecraft lol",3561393,191766,1568476812000,12448
32,"minecraft VR is terrifying",6955448,281671,1567267379000,12582
33,"minecraft VR is the ultimate fitness program",6741645,305160,1566601107000,15885
34,"the history of technoblade (1,000,000 sub elbow reveal)",9196309,485513,1566151242000,31549
35,"update video so i dont lose pig rank",2415604,151261,1565558258000,8775
36,"slaying dragons in skyblock",13228088,276603,1564960443000,9506
37,"how i got into minecraft monday",5141223,167247,1564259290000,7943
38,"skeppy tries to troll me but i troll him first",27374804,655710,1563558583000,26362
39,"bullying famous youtubers in minecraft minigames",18711253,406031,1563153805000,13446
40,"stabbing pewdiepie and james charles in minecraft",12607434,382636,1562526691000,21351
41,"flying in skyblock",17188545,359747,1562357928000,11603
42,"stabbing famous youtubers in minecraft for $10,000",17210025,459715,1561824904000,20904
43,"PIG RANK ON HYPIXEL",8187816,315904,1561665615000,7417
44,"the fastest man in skyblock",17275956,371135,1561321185000,12791
45,"the first boss of hypixel skyblock",8802381,185947,1560898703000,5009
46,"the hypixel skyblock experience",25701392,582284,1560549492000,27830
47,"the secret to my power",3638306,147732,1559768568000,6539
48,"the rarest pet on hypixel",6889546,199958,1554502848000,5850
49,"skywars tournament: the grandmaster experience",459013,18435,1552920546000,1626
50,"YEAR OF THE PIG üê∑",4752180,175202,1551733064000,5580
51,"a world of technoblade",5449350,220599,1549404299000,6363
52,"so my channel got a community guideline strike (FIXED)",1122027,70106,1548447229000,3224
53,"doing every skywars challenge at the same time",7296096,192175,1545253872000,5026
54,"oh my god HYTALE",962498,45801,1544993036000,2665
55,"Skeppy vs Technoblade (The Final Reckoning)",18780600,437569,1544646525000,21363
56,"when pigs fly",326808,19478,1544306716000,1474
57,"free history lesson but it's taught by an idiot playing minecraft",2877460,132997,1544219423000,4350
58,"why is the midwest so cold help",1980006,108161,1542052710000,8172
59,"skywars but all your enemies can fly",2788094,94307,1540667602000,2559
60,"i have one purpose in life and it is to capture wool",2601704,89854,1539630004000,2384
61,"fortnite played by professionals who know what they're doing",2588279,105140,1536867126000,5793
62,"grown man stabs children in bedwars while talking about soap",5737479,286153,1536698827000,9648
63,"dude college is CRAZY i fear for my LIFE",1041298,49333,1535215217000,2422
64,"what it's like to play on hypixel with 6 ping",4311845,154194,1534878182000,7441
65,"im going to college AHHHHHHHHHHHHH",453719,24499,1534011963000,2752
66,"technoblade vs the department of motor vehicles",379926,27576,1531432554000,1426
67,"cyberbullying children with my new computer",2130579,87492,1530806795000,3823
68,"abusing the new OP skywars perk",5630341,157358,1528572302000,5179
69,"my lifelong search for a jetpack (fortnite)",1538993,80438,1527105284000,7208
70,"getting scammed by the new bedwars mode",5090282,181440,1526583600000,3174
71,"bedwars: perfect game challenge",2585402,105549,1526074496000,2799
72,"reaching a higher plane of existence in bedwars",3456144,140879,1525721550000,2829
73,"GOLD PRESTIGE IN BEDWARS",7906205,194765,1525469400000,5267
74,"the year is 2030 and im still iron prestige in bedwars",1183284,47153,1525382438000,2106
75,"the new bedwars mode is crazy",3531157,101588,1525210809000,2081
76,"proof that bedwars hates me",4131930,145305,1525120999000,4729
77,"the iron prestige struggle",1476445,55055,1525026894000,1935
78,"fortnite 50v50 because it's my only chance of winning",937787,46018,1524942002000,3253
79,"wholesome bedwars",6303767,196830,1524928330000,6848
80,"my haircut gives me strength",228781,15026,1524867052000,1813
81,"new OP skywars tactic",1286539,54546,1523559601000,2241
82,"jacob do your homework noob",823861,40043,1522782144000,3144
83,"losing the world record bedwars winstreak",6883573,221322,1521223206000,6901
84,"Hypixel vs Technoblade",13653222,479071,1520113415000,13374
85,"abusing barrier blocks in bedwars",13049882,343453,1519329605000,5740
86,"greatest bow shot of my life",850812,56445,1519112418000,2415
87,"happy valentines day noobs also i might stream more idk",314646,18968,1518654361000,2328
88,"the case for ranked & mega bedwars",498564,22410,1518286624000,2052
89,"bedwars 1500 winstreak (world record)",932496,29911,1517773611000,2249
90,"if i get 1 million subs i will reveal one of my elbows",496647,26744,1517515200000,3170
91,"is it still called 'youtube beef' if you're a pig?",687219,33285,1517450030000,2467
92,"the new bedwars winstreak world record",2709620,92886,1517091735000,3506
93,"timedeo vs technoblade (a contest of pure skill)",2402006,69149,1516212001000,1868
94,"you need 500 IQ to understand this minecraft minigame",864504,37579,1516125601000,1806
95,"mvp++ is the worst thing to happen ever",6973442,263497,1513982197000,13615
96,"im bad lol",1173109,57567,1513706663000,3371
97,"youtuber makes actual video wow",199883,10471,1511209800000,1296
98,"i hate flies",1852599,109851,1510258083000,4695
99,"becoming the ultimate tryhard",618114,30426,1509822106000,1720
100,"the quest for the [PIG] rank",2389082,107927,1509209869000,9311
101,"im finally free",4362106,155107,1509087492000,7982
102,"bedwars 1337 winstreak (world record)",1678333,57532,1508958608000,3668
103,"my way of life has been destroyed",699015,31332,1508788169000,1833
104,"bedwars 1000 winstreak (world record)",15564181,467859,1507995988000,28944
105,"revenge of the hackers (bedwars 900 winstreak)",3949855,122676,1507748711000,7171
106,"bedwars 800 winstreak (world record)",598527,21224,1507391687000,3046
107,"If Bedwars Had Horses",1026503,36011,1507144559000,1322
108,"Bedwars + Admin Abuse",8198018,183979,1507057864000,4059
109,"Hypixel's $2500 Bedwars Challenge (700 winstreak)",2502452,78755,1506890143000,5488
110,"bedwars 600 winstreak meets fly hacker",4157383,141340,1506540776000,7210
111,"bedwars 500 winstreak (world record)",1186184,41963,1506180118000,3888
112,"sponsor button makes me a fancy boy",198790,11041,1506107970000,898
113,"300k subs im a big boy now",313062,19360,1505604272000,2144
114,"the dumbest skywars game of 2017",1104432,40111,1505422160000,2455
115,"my terrible youtube mentality",159797,10631,1505334778000,1078
116,"converting minecraft cheaters into zombie minions",330965,15411,1504810285000,985
117,"carrying two noobs in bedwars ft. ginger & hanna",5078634,166816,1504284536000,6949
118,"greatest minecraft mod ever created",3465685,104972,1504197465000,3145
119,"school is starting and it's going to take all my views nooo",355371,19834,1503610146000,1492
120,"pig rider = strongest kit",1779761,58362,1503417601000,2485
121,"actual upload wow",377213,21401,1502478973000,1652
122,"BETRAYED BY THE SPRAY CAN ft. iBallisticSquid",458385,19905,1502204201000,1400
123,"Bedwars Petition: Save TNT",1037949,57558,1500699530000,2482
124,"worst bedwars teammates ever (feat. admin + skeppy)",5989167,141063,1500649206000,2968
125,"I'm back.",182298,9088,1500390007000,1216
126,"beating minecraft hardcore mode with a steering wheel",19386136,721196,1499795453000,41323
127,"i hate bedwars.mp4",910882,40791,1499277475000,1611
128,"bedwars: mission impossible",7627422,204360,1498926267000,6926
129,"Technoblade vs TapL",799379,24698,1498762808000,981
130,"FRIENDSHIP NEVER ENDS",169064,7529,1498590027000,346
131,"NERD SPOTTED",225485,9034,1498417204000,515
132,"my greatest weakness",253344,12890,1498320011000,989
133,"nothing but disappointment",233377,11250,1498244402000,470
134,"I'M SO ALONE",215280,9884,1498071603000,679
135,"How Sony Vegas Pro Almost Prevented Me From Graduating",1751411,70723,1496941201000,1970
136,"the adventures of technoblade",814510,28678,1496854801000,934
137,"ADMIN ABUSE",3461406,83459,1496768404000,1616
138,"Subscribe to Technoblade (2017 Channel Trailer)",1008753,30873,1496712486000,1516
139,"How To Cyberbully Skeppy (Skywars Stream Highlights)",6745105,140481,1496168055000,4934
140,"youtube sent me a thing",7620919,450755,1496100402000,15905
141,"i rant about the new skywars maps for 17 minutes",1830974,65582,1495476002000,1979
142,"The Environmentalist Challenge (Skywars Stream Highlight)",865921,27168,1495399181000,739
143,"technoblade, master detective",532605,27618,1495179724000,658
144,"why is tribute the only skywars map lmao",363710,16819,1494957601000,656
145,"epic moderator 1v1!!!1!1!",403459,16956,1494720635000,1020
146,"skywars but with 2x the nerds",1418263,46476,1494111792000,1457
147,"AP tests are slowly killing me help",287102,14507,1493920801000,1032
148,"Tournament! (Skywars Highlights feat. TapL +  defib + Tayber)",2719242,67275,1493481887000,3049
149,"this is why i have trust issues",1175687,66181,1493342300000,1182
150,"united uhc: the lost season",404133,14284,1493320023000,870
151,"new #1 skywars strategy",3945056,100176,1493053200000,3145
152,"cyberbullying skywars players at record speeds",1208237,46967,1492982737000,1294
153,"ADMIN DISBANDED MY GUILD?!?",894599,30926,1492885628000,1899
154,"the worst texturepack ever created",5881119,182750,1492621203000,9408
155,"pls help me get more subscribers than hillary clinton",307220,18890,1492453800000,1390
156,"111 technoblade uhc",1372666,50727,1492303997000,1772
157,"19th century criticism of president andrew jackson",595334,28231,1492202412000,1414
158,"my head has returned to a normal shape",544742,26634,1492125317000,1271
159,"no techno left behind (guild announcement)",214388,10349,1492051920000,3497
160,"cant commentate yet so here's a failed recording",866085,32313,1491971293000,1530
161,"three-dimensional strafes",682732,28071,1491772058000,2967
162,"getting surgery lol",538726,30921,1491707271000,2060
163,"how to youtube",484507,26119,1491330601000,2441
164,"#1 bedwars trap",1780691,73332,1491062402000,2505
165,"ruthless materialism",1669408,57736,1490995811000,1563
166,"technoblade the responsible pet owner",1684090,68699,1490912354000,2424
167,"no fun allowed",2983629,87510,1490820480000,3265
168,"i am a positive role model",1161231,53392,1490725800000,1654
169,"skywars is pokemon",687263,31683,1490484669000,1374
170,"cyberbullying nerds with long ranged fire projectiles",161569,7201,1490207401000,543
171,"skywars coins are more important than friendship",1018169,44947,1490121001000,1407
172,"the legend of tecnoblode",1417256,57951,1489944693000,2228
173,"bedwars is a difficult game",12915516,372216,1489429800000,14311
174,"consistent uploads are hard. also i trolled my dog",1238073,62482,1489350502000,2153
175,"minecraft youtuber returns from long two day absence",201415,10984,1488915002000,872
176,"technoblade vs the french language",3812976,152958,1488646803000,7232
177,"straightlining skywars players to get into college",281763,14212,1488580261000,693
178,"too poor to afford clickbait pls watch me talk about dogs",989577,74625,1488396600000,2918
179,"Professional Minecraft PvPer Stabs Children for Coins",598206,29356,1488224620000,1078
180,"I AM TREE - Murder Mystery w/ Graser10 & TheBestGinger",2088681,80248,1487969413000,1352
181,"abusing youtube rank in murder mystery",1810403,112298,1487898018000,2568
182,"Is Hypixel Copying Other Servers?",2005681,65606,1487791801000,4817
183,"NEW MINIGAME! (Murder Mystery)",3706455,109747,1487706492000,3516
184,"Middle School Stories + Watchdog Does A Thing?!",2467109,99905,1487627102000,3489
185,"It's all part of my MASTER PLAN",284961,15694,1487440137000,1043
186,"Crawling Challenge! - Skywars",176407,9701,1487260597000,672
187,"THE POWER OF LOVE! (Valentine's Day Challenge) - Skywars",773422,43140,1487088559000,1722
188,"when i was 9 i was a hardened criminal - skywars",4235381,170130,1486934536000,7985
189,"hitting things with shovels - mega walls",101611,4324,1486828889000,368
190,"skywars modifiers suck - skywars",235396,12159,1486743373000,1485
191,"california is a crazy place - skywars",158570,9235,1486582200000,693
192,"edgy teenager talks about the meaning of life - skywars",977435,75579,1486411201000,7420
193,"i ramble about editing and the patriarchy - skywars",202518,12605,1486051854000,834
194,"bedwars youtube event w/ AciDic BliTzz, Mydoeza, ShadowApples, a lot of people really",2699975,74916,1485711751000,2462
195,"Hypixel Olympics: Part 3 (Finale) w/ TheBestGinger13, Zyper & iBeaturscore",1205959,30492,1485550801000,1089
196,"Hypixel Olympics: Part 2 w/ iBeaturscore, TheBestGinger13 & Zyper",1542441,31643,1485296399000,970
197,"Hypixel Olympics: Part One w/ Zyper, iBeaturscore & TheBestGinger13",3404871,60729,1485032401000,1876
198,"mlg hacker threatens me on twitter - skywars",2154982,105715,1484942420000,3839
199,"school discovered my channel pls send help - skywars",2272790,94334,1484583602000,4271
200,""I Am Alone" ( Hypixel Skywars TROLL )",1167123,59394,1484180605000,1720
201,"wtf it's like 8 AM i can't make titles i need sleep - Skywars",396619,24316,1483383600000,1208
202,"CHRISTMAS SPIRIT! - Skywars",458103,19136,1482703200000,1764
203,"ANVIL STRAT! - Skywars",110146,5196,1482625059000,545
204,"HUGE MEGA WALLS UPDATE! (GAMEPLAY)",112929,3910,1482082214000,451
205,"100,000 SUBS",135863,10368,1482002482000,1249
206,"THE POWER OF MUSIC! - Skywars",495066,26747,1481393402000,1318
207,"THE BLITZ POLICE - Blitz Survival Games",497641,16088,1481156218000,685
208,"I'M A PRINCESS - Skywars",344860,20531,1480887408000,894
209,"The Bowspam Continues - Blitz Survival Games",122571,4610,1480641235000,308
210,"i like frogs",1220438,68198,1479927648000,3280
211,"ARCHER X! - Bowspam Survival Games",466161,23839,1479754800000,744
212,"hillary clinton passed me in subs wtf - skywars",325546,14816,1478381738000,966
213,"Evil Geniuses - Skywars",716239,42818,1477438598000,1325
214,"FLAME BOW! - Blitz",59538,2664,1476401565000,332
215,"A Literary Analysis of Color Symbolism in the Great Gatsby - Skywars",223048,16377,1476314237000,820
216,"Map Selector (weak title, I know) - Skywars",81624,3880,1475954622000,441
217,"OP Swords & Back Pain - SkyClash",195573,7937,1475625772000,505
218,"please click on this video i need to feed my family i have 12 kids - Skywars",239671,14471,1475337601000,1039
219,"eternal_suffering.mp4 - Skywars",89516,4572,1475106228000,507
220,"DRAGONS & BETRAYAL - SkyClash w/ TheBestGinger13",156858,5596,1474732582000,435
221,"Assassin 6! - Skyclash",131005,3930,1474321934000,414
222,"STOP SPAMMING THE STAFF ARE GOING TO KILL ME",49097,2738,1474166120000,468
223,"#BringBackSpecChat - Skywars",68547,2964,1474143603000,578
224,"Unexpected - Skywars",102767,5332,1473983175000,522
225,"NEW MINIGAME! - SkyClash",123672,5262,1473722183000,497
226,"The Greatest Players Ever - Skywars",252856,9166,1473625596000,648
227,"SWORD CHALLENGE - Skywars",251685,9546,1473546127000,772
228,"ONION RING IS BACK?! - Skywars",114195,5333,1473378272000,562
229,"Chat Filters, and Why They Usually Suck",428177,20356,1473112707000,1698
230,"GO GO GO - Skywars",303025,16662,1472849534000,1158
231,"BUCKETS - Skywars",315157,12238,1472773570000,754
232,"A Work In Progress - Blitz",61829,2823,1472600480000,545
233,"CIRCLE STRAT! - Skywars",97735,5690,1472333636000,644
234,"On the Resurrection of Blitz",51269,2784,1471996212000,978
235,"90K Subs! - Skywars",81605,5092,1471918669000,817
236,"YouTube and PvP",122047,5845,1471730824000,848
237,"School Adventures - Skywars",1239579,55716,1471574949000,1810
238,"HE'S A LEGEND! - Skywars",202259,8843,1471308354000,904
239,"YouTuber UHC Games Event",946916,41128,1471114855000,1812
240,"school? nooooo - Skywars",121465,6330,1470954859000,738
241,"Zyper the TNT Legend - Skywars Highlights",342633,11942,1470765662000,675
242,"ONION RING RANT - Skywars",122365,6184,1470685665000,915
243,"xXTechnobladeXx - Skywars",178491,6625,1470419824000,902
244,"SLEEEEEP - Skywars",74524,4443,1470261512000,560
245,"FIRST GAMES BACK! - Skywars",45551,2664,1470067239000,494
246,"(insert clickbait here) - Skywars",72878,3734,1469642403000,534
247,"WHAT A SAVE! - Skywars",162981,7934,1469566693000,429
248,"WORST TEAMMATE EVER! - Mini Walls",181084,8893,1469477846000,401
249,"HAAAAAAAAAX - Skywars",446872,18714,1469385259000,1207
250,"INTERESTING TITLE!! - Skywars",94823,4932,1469298574000,390
251,"Fan Appreciation - Skywars",109734,5618,1469211214000,895
252,"0 Kill Win?! - Skywars",715195,33172,1469124000000,1293
253,"Knockback II! - Skywars",152902,5790,1469044497000,506
254,"STRENGTH RAMPAGE! - Skywars",185793,7341,1468951230000,611
255,"COMCAST PLS NO - Skywars",96654,4616,1468778403000,479
256,"1v4 Clutch! - Mini Walls",325214,11974,1468692003000,573
257,"Clickbait & Rankism - Skywars",101100,5333,1468613342000,637
258,"You Tried, Mojang: The 1.9 Update and Why it Failed",776007,36619,1468517252000,3332
259,"Q&A #2",559811,44896,1468423893000,2037
260,"Ping & Karma - Skywars",175520,8078,1468342456000,1065
261,"HE'S INVISIBLE! - Skywars",104288,4812,1468258128000,522
262,"Arcade Game Treatment - Mini Walls",103223,5317,1468248323000,353
263,"BEES - Skywars",180740,9279,1468180293000,1181
264,"quality title - Speed UHC",219487,6820,1468163087000,367
265,"INTENSE FIGHT!1!!41 - Skywars",88788,3765,1468085842000,689
266,"NEW MINIGAME! - Mini Walls",36943,1652,1468075459000,345
267,"THE RETURN - Blitz",44877,2652,1468004569000,471
268,"More Uploads? - Skywars",50090,2750,1467992845000,707
269,"KILL STEALING CHAMPION! - UHC Games Highlights w/ TheBestGinger13",64035,2563,1467815772000,357
270,"HUMAN CANNON! - Skywars Solo #57",212490,7601,1467730924000,678
271,"Master Troll! - Skywars Solo #56",165317,7618,1467644387000,567
272,"ALL THE SUBS! - Skywars Solo #55",65243,4398,1467559800000,574
273,"What Makes a Minigame Popular?",77906,4365,1467471601000,742
274,"Masters Division Ranked Rewards! - Skywars Solo #54",183514,6871,1467381971000,618
275,"GOING FOR GLORY! - Skywars Solo #53",99984,5085,1467238430000,707
276,"RIP Spectator Chat - Skywars Solo #52",121812,5903,1467146394000,568
277,"I Have No Idea What I'm Doing - Speed UHC #2",121626,5072,1466967691000,402
278,"The Quest Continues! - Mega Skywars #31",90612,3358,1466893849000,413
279,"New Minigame?! - Speed UHC #1",116453,4802,1466784060000,530
280,"COIN UPGRADES... WHY - UHC Games #4",26387,1119,1466695895000,290
281,"ALL THE THUMBNAILS MUAHAHA - Skywars Solo #51",140742,5942,1466613194000,647
282,"NOTCH APPLE CHALLENGE! - Skywars Solo #50",952060,38000,1466440636000,1083
283,"SHARPNESS EIGHT?! - Mega Skywars #30",1293804,54903,1466350382000,2207
284,"(just pretend i put a really good Mercy pun here) - Overwatch",76618,4152,1466274759000,510
285,"RIP Sleep Schedule - Skywars Solo #49",72784,4350,1466263876000,508
286,"I'm Just Fishing - Skywars Solo #48",467574,18715,1466187093000,801
287,"SHARPNESS SIX! - Mega Skywars #29",58259,2784,1466113475000,464
288,"IM BACK! - Skywars Solo #47",46846,2593,1466020115000,475
289,"sharp 6 pls - Mega Skywars #28",34119,1726,1465846200000,425
290,"Godshot Attempt v2 - Skywars Solo #46",203731,8480,1465759830000,464
291,"sharpness pls ;-; - Mega Skywars #27",60249,2762,1465673401000,500
292,"Texture Pack + Vacation - Skywars Solo #45",238332,4366,1465588095000,435
293,"the dream",3107263,112363,1465507380000,3043
294,"TEAM OF 3?! - Skywars Solo #44",156206,5715,1465414613000,958
295,"Mineplex Adventures (with nerds)",212910,7779,1465246261000,520
296,"Auto aimbot!11!1!!!1one - Skywars Solo #43",199285,7345,1465076903000,1367
297,"Quest for the Best Bowshot - Skywars Solo #42",132497,6198,1464986678000,481
298,"No Keyboard Challenge - Skywars Challenges #2",1429289,64546,1464890844000,3499
299,"ITS MAH BIRTHDAYYY - Skywars Solo #41",825072,42103,1464815375000,4800
300,"Snowballing - UHC Games #3",20021,978,1464726166000,209
301,"I'M ACTUALLY OK AT THIS (Overwatch)",186658,10311,1464642000000,965
302,"I WANT TO LIIIIIVE! - Mega Skywars #26",60038,2786,1464630716000,333
303,"Summer Goals! - Skywars Solo #40",34377,2140,1464558426000,450
304,"gg close fight - Skywars Solo #39",131049,6341,1464469290000,854
305,"TANK LADY (Overwatch)",165078,11110,1464383560000,1572
306,"SHARP 4! - UHC SG #2",25809,1070,1464372607000,130
307,"SILVERFISH 1v1! - Skywars Solo #38",62679,3184,1464223075000,305
308,"NEW MAPS! - Skywars Solo #37",97201,4279,1463871583000,515
309,"SHARPNESS 5! - Mega Skywars #25",108610,3892,1463697973000,362
310,"NO NOT THE FRENCH! - Skywars Solo #36",280381,13853,1463612280000,463
311,"FLAME BOW! - Skywars Solo #35",110777,4541,1463524203000,356
312,"SPRINKLES! - Survival Games #517",32717,1671,1463437652000,311
313,"UHC Hunger Games! - UHC Games #1",36203,1530,1463337182000,291
314,"QUALITY TITLE  - Skywars Solo #34",46849,2976,1463262475000,387
315,"SKELETON ARMY! - Mega Skywars #24 w/ GameBuster101",69435,3151,1463193000000,280
316,"GO, SKELETON! - Skywars Solo #33",46451,2444,1463090906000,326
317,"SO MANY DIAMONDS! - Mega Walls #7",120833,4504,1462655239000,485
318,"TNT TRAP! - Skywars Solo #32",196312,8142,1462572034000,397
319,"SKYWARS GODS PLS! - Skywars Solo #31",52164,2807,1462130156000,397
320,"ANVIL ATTEMPT V2! - Skywars Solo #30",120478,6051,1461880328000,784
321,"SCHOOL PLS! - Skywars Solo #29",48494,2743,1461528146000,432
322,"comment section why u do this",43922,2452,1461287942000,948
323,"Ranked Skywars!",192425,7230,1460917943000,648
324,"why",1073630,77715,1460529990000,1750
325,"Techno's Guide to Hypixel Skywars",2279714,93993,1460487602000,4364
326,"WATCHDOG SAVE ME! - Survival Games #516",109745,4455,1460083523000,470
327,"FRIENDSHIP! - Skywars Solo #27",91851,4983,1459894668000,561
328,"GOING FOR ANVIL KILLS! - Solo Skywars #26",658062,25804,1459795730000,1030
329,"DOUBLE HEADER! - Mega Skywars #23",53904,2821,1459623448000,302
330,"SPRING BREAK! - Solo Skywars #25",38649,2362,1459538827000,277
331,"Admin 1v1! - Skywars Solo #24",474845,17245,1459114188000,1182
332,""NO PLEASE!" - Survival Games #515",45158,2269,1458949185000,363
333,"Farmer! - Skywars Solo #23",79578,3926,1458865029000,408
334,"Tachophobia! - Survival Games #514",43604,2190,1458692453000,318
335,"PYRO! - Skywars Solo #22",127862,6296,1458609219000,570
336,"SKELETON OP! - Skywars Solo #21",57870,3620,1458494205000,592
337,"IT'S BACK KINDA - Crazy Walls #2",33431,1691,1458088069000,275
338,"2000 Wins! - Skywars Solo #20",62242,3749,1457817838000,507
339,"CURSE YOU SNOWMAN! - Skywars Solo #19",61108,3949,1457477815000,454
340,"the comment that ended my career",70313,3693,1457230168000,639
341,"1.9 - The Stone Axe Update",2857657,130400,1456979346000,5510
342,"KNOCKBACK SCUMBAG! - Mega Skywars #22",37726,1807,1456787002000,197
343,"THE RETURN! - Mega Walls #6",75001,3107,1456691400000,381
344,"50k Sub Q&A",406633,29107,1456610706000,2037
345,"KILLED BY MATH! - Skywars Solo #18",91498,5531,1456440998000,461
346,"50K SUBS! - Survival Games #513",51610,3036,1456273666000,1256
347,"Bodyguard Challenge! - Skywars Challenges #1",690475,24148,1456020054000,1224
348,"Bow Tricks! - Skywars Solo #17",58765,3170,1455925692000,443
349,"Haaaaax! - Solo Skywars #16",441103,17201,1455840417000,949
350,"NO, MY FEELINGS! - Survival Games #512",133695,5375,1455680598000,319
351,"DETERMINATION! - Solo Skywars #15",80710,4918,1455407961000,797
352,"SLEEP DEPRIVED! - Solo Skywars #14",57921,3596,1455291462000,350
353,"ERMAGERD COPYING - Solo Skywars #13",70936,3810,1455073768000,476
354,"Watchdog - Survival Games #511",42167,2174,1454971755000,262
355,"SO MUCH LAG - Hypixel UHC Highlights #1",82908,2689,1454874146000,361
356,"Alt Account! - Solo Skywars #12",58503,2962,1454808576000,360
357,"Minecraft's Finest #3",413829,21280,1454626848000,1001
358,"NETHER PORTAL! - Skywars Highlights #2 w/ Aiden",38714,1848,1454206536000,237
359,"STRAIGHTLINE POWERS ACTIVATE! - Survival Games #510",50928,3392,1453953660000,201
360,"[POLL] What Gamemodes Should I Make Videos On?",21423,1043,1453686962000,548
361,"SO MANY HACKERS - Solo Skywars #11",612073,24540,1453507725000,1515
362,"IM A SPEED HACKER? - Survival Games #509",168951,6622,1453154577000,427
363,"SPOODERMAN! - Smash Heroes #2",80134,2162,1452956858000,264
364,"Cannon Jumping! - Mega Skywars #21",152979,5718,1452821899000,359
365,"He Tried - Smash Heroes #1",111571,3345,1452727151000,315
366,"The Smash Heroes Experience",1438834,59973,1452452401000,1553
367,"ADMINS NOOOOOOO - Skywars Highlights",1397056,42648,1452283201000,1324
368,"ERMAGERD BETTY! - Survival Games #508",33893,1621,1451959764000,245
369,"Team Awful Returns! - Badlion Build UHC 2v2s #2 w/ PainfulPVP",49404,1828,1451775600000,311
370,"BLAZE TO THE RESCUE! - Solo Skywars #10",94269,3297,1451505602000,725
371,"GOING UNDERCOVER! - Survival Games #507",36399,1712,1451332801000,332
372,"AEGIS IS CURSED! - Solo Skywars #9",75840,3552,1451249969000,546
373,"Technoblade's 2016 Channel Trailer",423093,9802,1450979204000,725
374,"THE TECHNOBLADE QUIZ",3399697,157037,1450737834000,3573
375,"NONONONONONONONO (Warlords Highlight)",50553,2106,1450597462000,181
376,"OBI-WAN BEST JEDI - Solo Skywars #8",90039,5050,1450564153000,673
377,"SCHOOL IS OVER! - Survival Games #506",30139,1444,1450403093000,685
378,"School + 1.8 Drama/LabyMod - Survival Games #505",56374,2054,1450043308000,357
379,"WHAT A LEGEND! - Mega Skywars #20 w/ PainfulPVP",48604,2191,1449947108000,217
380,"my_darkest_hour.mp4",7901647,503875,1449555984000,10489
381,"Air-to-Air Combat",276055,21133,1449440557000,1772
382,"TEAMING WITH HUGE NERD - Badlion Build UHC #1 w/ PainfulPVP",107174,3383,1449342000000,400
383,"SCHOOL PLS NO - Survival Games #504",37907,2081,1449100797000,245
384,"IT'S A BABY! - Solo Skywars #7",84316,3810,1448825401000,482
385,"FIRE, CAELUM, AND MORE FIRE! - Blitz Survival Games #503",37460,1785,1448751047000,357
386,"AN UPDATE! - Survival Games #502",42287,1842,1448561840000,206
387,"Minecraft's Finest #2",555089,17962,1448341002000,417
388,"PANTS PLS - Survival Games #501",28873,1336,1448227532000,156
389,"BROKEN DREAMS! - Solo Skywars #5",129772,4137,1447801547000,454
390,"Minecraft's Finest #1",815838,19376,1447652594000,477
391,"skywars players will call hacks on literally anything",1872417,74292,1447480301000,2262
392,"BLITZ MARATHON! - Survival Games #500",280554,9402,1447370082000,723
393,"I HAVE NO IDEA WHAT I'M DOING - Fallout 4 Highlights #1",17862,921,1447208407000,167
394,"New Minigame?! - Crazy Walls #1",59761,2193,1447039624000,277
395,"New Texture Pack! - Solo Skywars #4",106119,2455,1446944562000,298
396,"i am missile",1686501,43846,1446778488000,1565
397,"THE ULTIMATE HUNGER GAMES! - Hunger Games Simulator",6555870,277935,1446609654000,11433
398,"INVOKER BLITZ! - Blitz Survival Games #499",61403,2451,1446419466000,245
399,"HE CAN FLY! - Solo Skywars #3",200584,5593,1446326615000,550
400,"HAPPY BURFDAY TO MAH CHANNEL! - Blitz Survival Games #498",33629,1843,1446073968000,358
401,"WITCH V! - Mega Skywars #19",60928,2166,1445989262000,161
402,"BEST SWORD EVER! - Mega Skywars #18",101664,2822,1445911048000,277
403,"JUMPING JACKS! - Blitz Survival Games #497",30943,1571,1445801561000,370
404,"SPENDING A MILLION COINS! - Mega Skywars #17",188649,8589,1445732836000,712
405,"STREEEEENGTH! - Solo Skywars #2",96348,3872,1445567159000,436
406,"ALL THE COINS! - Mega Skywars #16",37756,1551,1445389059000,223
407,"TECHNOBLADE DISAPPEARS?!",1924802,163489,1445298530000,7684
408,"OMG YOUTUBER!!11one1! - Blitz Survival Games #496",71217,2605,1445212062000,524
409,"ENDERPEARLS FOR LIFE! - Mega Skywars #15",31629,1299,1445096521000,200
410,"Things Blitz Players Never Say",332084,18202,1444784258000,648
411,"Non-VIP Experience in 15 Seconds",2755118,129197,1444688588000,4290
412,"TECHNO THE NON-VIP?! - Mega Skywars #14",65592,2231,1444686195000,243
413,"TEAM OF 4?! - Blitz Survival Games #495",47091,2049,1444502336000,305
414,"Aqueduct! - Mega Skywars #13",20897,888,1444350221000,176
415,"New minigame?! - Party Games 3",17384,779,1444259616000,126
416,"WHAT A COMEBACK! - Blitz Survival Games #494",23622,1082,1443992952000,192
417,"HE GOT EATEN! - Mega Skywars #12",26236,1012,1443891034000,148
418,"HUNTER DUO OP! - Mega Walls #5",26300,809,1443808800000,157
419,"3 New Maps?! - Skywars #1",52202,2528,1443737648000,319
420,"The Little Fly That Could...not - Blitz Survival Games #493",20813,1067,1443657043000,217
421,"HE TRIED! - Mega Skywars #11",21454,952,1443485140000,180
422,"Best Camping Strategy! - Mega Skywars #10",27182,1022,1443380992000,240
423,"BACCA SG",226062,8405,1443316504000,411
424,"Max Hunter + MW Update! - Mega Walls #4",35667,936,1443045862000,173
425,"NOT THE FISH! - Blitz Survival Games #492 (Highlights) w/ PainfulPVP",50479,2221,1442873915000,152
426,"JACKHAMMER OP! - Mega Skywars #9 w/ PainfulPVP",40092,1548,1442786400000,155
427,"TECHNO VS WALL! - Mega Skywars #8",21139,1373,1442704495000,126
428,"GOTTA MAKE THE SWORD! - Blitz Survival Games #491",17319,926,1442619303000,136
429,"MINEPLEX SG BEST SG",297467,11512,1442457052000,647
430,"Minecraft 1.9: "The Combat Update"",228258,9219,1442172158000,895
431,"Combat Logging Strat! - Mega Skywars #7",29757,1058,1442100601000,212
432,"THOMAS THE TANK ENGINE - Blitz Survival Games #490",22323,1180,1441930778000,189
433,"25 Kills! - Mega Skywars #6",50940,1771,1441839728000,228
434,"A DEBT REPAID - Mega Skywars #5",49849,1880,1441751061000,246
435,"FALSE HOPE! - Mega Walls #3",23471,1091,1441648800000,222
436,"ALL THE COINS! - Blitz Survival Games #489",21783,901,1441573906000,314
437,"PIG POWER DUO! - Mega Skywars #4",33941,1266,1441408235000,208
438,"How NOT to Apply to College - Blitz Survival Games #488",24716,1097,1441329015000,202
439,"Sometimes it's tough being the best.",1511622,117087,1441238006000,2385
440,"RAMBO! - Blitz Survival Games #487 (Highlights) w/ BPM",24261,1220,1441062755000,135
441,"BEST ESCAPE 2015 - Mega Skywars #3 w/ Baby Punching Marathon",37824,1205,1440978805000,149
442,"GRANDPA'S REVENGE - Blitz Survival Games #486",18795,1143,1440887471000,269
443,"CHUCK TESTA! - Skywars #23",46661,1301,1440714218000,207
444,"HEAT SEEKING ARROWS! - Skywars #22",46228,1349,1440629627000,529
445,"TEAMMATES PLS! - Mega Skywars #2",24894,955,1440462539000,200
446,"Real Talk - Blitz Survival Games #485",21215,1110,1440374650000,668
447,"THE DREAM (getting YT rank)",890503,41965,1440286146000,2751
448,"A GOOD TEAMMATE?! - Skywars #20",32897,1440,1440111278000,152
449,"MONEY WALLS (contains swearing)",321807,16184,1440019801000,966
450,"HOW AM I ALIVE?! - Skywars #19",27018,1427,1439931600000,163
451,"Portal Pranks! - NeoTech #4",39628,1506,1439852175000,312
452,"Team Rampaging! - Blitz Survival Games #484",15791,709,1439756984000,154
453,"HIT REG PLS! - Blitz Survival Games #483",14533,658,1439670235000,123
454,"PROT 3 DIAMOND CHESTPLATE?! - Blitz Survival Games #482",26762,857,1439574367000,141
455,"Inspiration (contains swearing)",1079802,51145,1439495641000,6507
456,"ULTIMATE SCUMBAG! - Blitz Survival Games #481",15075,845,1439398800000,187
457,"ROBOT MINING TURTLES! - NeoTech #3",57401,3451,1439139602000,231
458,"NUUUUUUUKE! - Blitz Survival Games #479",22970,836,1439084096000,121
459,"Laser Gun!? - Neotech #2",23137,1011,1438966801000,104
460,"Easiest Win Ever?! - Blitz Survival Games #478",23172,877,1438899248000,134
461,"Wither Warrior Blitz! - Blitz Survival Games #477",23032,869,1438819200000,112
462,"MLG MODDED MINECRAFT! - Neotech #1",38236,1670,1438815620000,174
463,"Paladin X! - Blitz Survival Games #476",65491,1630,1438731293000,177
464,"RIDDLE ME THIS... or DIE! - Town of Salem",40997,1743,1438480660000,241
465,"Summer Goals V2 - Skywars Ep. 18",29046,863,1438298552000,121
466,"Shadow Knight X! - Blitz Survival Games #473",57663,1164,1438202741000,190
467,"UPDATE! - Blitz Survival Games #472",14248,576,1438135117000,206
468,"TECHNO HAAAAAX! - Blitz Survival Games #471",17670,648,1437953790000,157
469,"Mega Skywars! - Mega Skywars #1",32993,1335,1437861814000,183
470,"Huahwi Vs Technoblade - 1v1 of the Ages",1266191,52879,1437594366000,2014
471,"I'M BACK! - Blitz Survival Games #470",12736,609,1437526371000,289
472,"SLEEEEEEP! - Skywars Ep. 16",42490,1383,1437430292000,115
473,"The future is now.",1763288,123417,1437375620000,4704
474,"SO STACKED! - Blitz Survival Games #469",11212,554,1437328801000,63
475,"Healing! - Skywars Ep. 15",27700,1077,1437246822000,118
476,"Sexy Armor RETURNS! - Blitz Survival Games",11177,612,1437159194000,116
477,"SPEEEEED! - Skywars Ep. 14",34550,1687,1437075950000,181
478,"ARMORSMITH! - Skywars Ep. 13",22431,783,1436994006000,122
479,"Flawlessing Level 10s! - Blitz Survival Games",19989,741,1436893203000,103
480,"Cannoneer! - Skywars Ep. 12",38930,1185,1436817713000,151
481,"SHARP 3 FIRE ASPECT 2! - Skywars Ep. 11",48042,1160,1436730282000,157
482,"Low Level Struggle! - Blitz Survival Games",12281,633,1436640498000,114
483,"i paid 27$ for one joke",1626654,147755,1436636947000,2456
484,"Snowman! - Skywars Ep. 10",37965,1007,1436565533000,116
485,"Vacation! - Blitz Survival Games",9925,539,1436471482000,147
486,"SPENDING 2000 SOULS! (171K Coins!) - Skywars",20565,749,1436378401000,119
487,"Armorer! - Skywars Ep. 9",22677,911,1436294209000,93
488,"NO ARMOR CHALLENGE! - Blitz Survival Games",28739,1595,1436205813000,182
489,"Speleologist! - Skywars Ep. 8",39114,1053,1436124805000,163
490,"Armorsmith! - Skywars Ep. 7",23471,895,1436050947000,93
491,"MAX GOLEM! - Blitz Survival Games",15098,634,1436038037000,113
492,"BEST TEAMMATE EVER ! - Skywars Ep. 6",50537,1348,1435980600000,210
493,"Youtube Growth/Server Discussion! - Blitz Survival Games",9514,532,1435957659000,150
494,"Knight! - Skywars Ep. 5",32396,976,1435946400000,129
495,"13 Kills! - Skywars Ep. 4",46004,1195,1435872600000,168
496,"Spawnkilling a Hacker! - Blitz Survival Games",33847,1657,1435860001000,163
497,"The Soul Well! - Skywars Ep. 3",23069,937,1435789800000,126
498,"FRIENDSHIP MENDING! - Blitz Survival Games",8474,470,1435785136000,79
499,"TEAM MODE! - Skywars Ep. 2",37607,1949,1435696577000,180
500,"BLAZE IT! - Blitz Survival Games",9838,634,1435691112000,110
501,"How to Enchant v2 - Blitz Highlights",36398,1601,1435632816000,160
502,"1.5x Speed! - Town of Salem (Custom Mode)",39375,2257,1435622627000,307
503,"Adventure! - Blitz Survival Games",8556,606,1435616464000,69
504,"NO KIT! - Blitz Survival Games",12617,667,1435526156000,115
505,"CURSE YOU TOWNIES! - Town of Salem",16381,785,1435451818000,121
506,"BOOP! - Blitz Survival Games (Armorer 10 Gameplay)",18718,882,1435440556000,132
507,"OP CHESTS! - Blitz Survival Games",18532,702,1435345202000,80
508,"HOW TO FRIENDSHIP! - Blitz Survival Games",10643,550,1435279061000,100
509,"SERIAL KILLER VS MAFIA! - Town of Salem",17112,1034,1435192222000,142
510,"TEXTURE PACK OP! - Blitz Survival Games",40450,812,1435182519000,149
511,"OH MY GOD - Blitz Survival Games (Slime X Gameplay)",35094,1159,1435103478000,134
512,"Wolftamer X! - Blitz Survival Games",12431,657,1435004951000,99
513,"NOOOO! - Mega Walls #2 (Prestige Arcanist)",86118,2519,1434933857000,312
514,"HOLE IN TWO! - Blitz Survival Games",9856,602,1434920292000,100
515,"FACEOFF! is ok - Mega Walls (Prestige Pigman Gameplay)",29785,687,1434757187000,94
516,"ALMOST FULL DIAMOND! - Blitz Survival Games",10632,724,1434747669000,79
517,"Rogue X! - Blitz Survival Games",38116,1282,1434657600000,85
518,"Pee Vee Pee Adventure! - Badlion FFA",63183,2569,1434579584000,280
519,"Speleo X! - Blitz Survival Games",15558,792,1434573253000,93
520,"ALL THE BLAZES! - Mega Walls (Prestige Blaze)",31454,630,1434490201000,92
521,""Blitz" - Parody of "Blank Space" (has swearing)",4212014,300625,1434477630000,21838
522,"SKYWARS! - Skywars Ep. 1",46599,1605,1434405318000,261
523,"Creeper X! - Blitz Survival Games",9549,479,1434400196000,63
524,"Airshot + OP DUO! - Mega Walls #1",35826,692,1434317401000,81
525,"KILL HIM WITH FIRE - Blitz Survival Games  (Necromancer X Gameplay)",15813,618,1434304800000,63
526,"Baker X! - Blitz Survival Games",25490,829,1434218401000,92
527,"DAT ESCAPE! - Mega Walls (Prestige Spider Gameplay)",22276,649,1434144601000,64
528,"Why I Play on Other Accounts - Blitz Survival Games (Fisherman X Gameplay)",20813,762,1434045600000,96
529,"HALF HEART WARRIOR! - Mega Walls",18930,663,1433982527000,108
530,"OMG TEXTURE PACK! - Blitz Survival Games (Scout X Gameplay)",33566,693,1433960833000,118
531,"ASTRO X! - Blitz Survival Games",14033,578,1433894418000,84
532,"14 second clip of me on my main account",1993741,70020,1433816744000,2132
533,"Knight X!... meh - Blitz Survival Games",26251,1032,1433796958000,153
534,"Diamond Collector! - Mega Walls (Prestige Enderman Gameplay)",34426,671,1433721383000,83
535,"Snowman X! - Blitz Survival Games w/ RecklessFaberMC",10267,425,1433696927000,39
536,"THE RETURN OF MEGA WALLS! - Mega Walls (Prestige Herobrine)",21421,713,1433632581000,110
537,"VIGILANTE TO THE RESCUE! - Town of Salem",17141,781,1433625744000,66
538,"Arachno X! - Blitz Survival Games",8775,546,1433617539000,63
539,"Bounty Hunters! - Arcade Games",18250,795,1433535182000,109
540,"MLG HUDS! - Blitz Survival Games",8420,472,1433526792000,72
541,"Toxicologist 10! - Blitz Survival Games w/ Aiden",13548,537,1433463897000,84
542,"NEXT LEVEL HOTKEYING! - Blitz Survival Games",17176,907,1433368916000,88
543,"PVP GOD! - Blitz Survival Games",18762,1008,1433278372000,165
544,"HAPPY BURFDAY ME - Blitz Survival Games",18906,2033,1433195087000,304
545,"LEADERBOARD PLAYER 1v1?! - Blitz Survival Games",15705,815,1433102400000,62
546,"ALL DA COMBOS! - Blitz Survival Games",18290,795,1433036303000,106
547,"Knight X! - Blitz Survival Games",26358,919,1432943807000,92
548,"ALL THE GOLD APPLES! - Blitz Survival Games",14815,616,1432774672000,98
549,"SPEEEEEEEEEEED! - Blitz Survival Games",9627,477,1432691239000,89
550,"Baker X! - Blitz Survival Games",25761,701,1432586348000,105
551,"MLG CART RACING! - Turbo Kart Racer",43399,1943,1432495544000,209
552,"FEELS GOOD MAN! - Blitz Survival Games",8601,478,1432425038000,76
553,"The Power of a Balanced Breakfast - Survival Games Montage",88613,2970,1432103841000,453
554,"Creepertamer X! - Blitz Survival Games",10481,489,1432084635000,71
555,"Red X!  - Blitz Survival Games",33041,900,1431994896000,105
556,"Fisherman X! - Blitz Survival Games",21166,733,1431894106000,97
557,"Random Kit! - Blitz Survival Games",23930,744,1431650668000,90
558,"MAGIC SNOWBALLS! - Blitz Survival Games",11215,532,1431557451000,69
559,"FOR GLORY! - Mega Walls (Prestige Spider)",26904,636,1431473788000,61
560,"MORE SHAMAN! - Warlords (Domination)",6518,253,1431296976000,66
561,"BEST FRIENDS :D - Blitz Survival Games",14630,694,1431284325000,79
562,"Level 75 Shaman! - Warlords (Domination)",11830,355,1431207338000,61
563,"LEVEL 1 KIT COMBO OP! - Blitz Survival Games",29230,954,1431200381000,158
564,"MAXIMUM SCUMBAG! - BSG",12957,549,1431128856000,100
565,"CURSE OF CAELUM! - Blitz Survival Games",12502,622,1431042755000,121
566,"Archer X + Snowman X! - Blitz Survival Games",28576,787,1430957750000,85
567,"Gamebuster's Strongest Kit! - Blitz Survival Games",24240,867,1430870591000,86
568,"HALF DIAMOND! - Mega Walls",21556,577,1430788734000,73
569,"Toxic 10! - Blitz Survival Games",33384,988,1430697774000,132
570,"MAYOR! - Town of Salem",27671,1318,1430598542000,140
571,"team mode ;-; - Blitz Survival Games",14400,844,1430519985000,77
572,"PLAY IT SAFE - Mega Walls",16953,521,1430261890000,59
573,"Scout X! - Blitz Survival Games",30912,900,1430177625000,116
574,"MOST STACKED I'VE EVER BEEN?! - Blitz Survival Games",30093,1081,1430085662000,97
575,"MY BACK HURTS! - Town of Salem",15386,853,1430076190000,82
576,"TECHNO VS HELICOPTER - Battlefield: Hardline",6544,366,1429999200000,65
577,"Rampaging - Blitz Survival Games",8908,639,1429990620000,71
578,"FULL DIAMOND?! - Blitz Survival Games",60964,1708,1429905600000,155
579,"Basic Guide to Town of Salem",17520,745,1429898733000,175
580,"Kill Contest! - Blitz Survival Games",8128,698,1429820294000,70
581,"Red X! - Blitz Survival Games",10076,500,1429729087000,81
582,"Family, NO PLS - Blitz Survival Games",10200,814,1429653548000,65
583,"Cooking with Technoblade! (contains swearing)",5882386,372809,1429642801000,21178
584,"More Level 10 1v2s! - Blitz Survival Games",18703,715,1429560389000,69
585,"Chain Kills! - Mega Walls",15797,511,1429483958000,51
586,"Max Golem in Blitz?! :O - Blitz Survival Games",29500,941,1429471077000,94
587,"Lag Montage! - Blitz Survival Games",19209,681,1429385830000,82
588,"Solo Team Mode Adventures - Blitz Survival Games",24162,822,1429310332000,90
589,"Troll X! - Blitz Survival Games",31257,929,1429224850000,133
590,"MLG CREEPER SHOWCASE! - Mega Walls",16942,432,1429138973000,92
591,"I Leave the Elite Team? - Blitz Survival Games",16982,632,1429124400000,143
592,"Tim 10! - Blitz Survival Games",18981,718,1429045201000,42
593,"Meatmaster X + 1v2ing Level 10s! - Blitz Survival Games",46791,1187,1428958800000,101
594,"Prestige Zombie! - Mega Walls",16368,477,1428876000000,67
595,"Level 17 Enchantment! - Blitz Survival Games",28486,780,1428865200000,66
596,"MASTER BUILDERS! - Build Battle",45773,1211,1428803873000,134
597,"Team of 3?! - Blitz Survival Games",9808,547,1428786000000,99
598,"Update Video! - New Videos, Level X Explanations and YT Rank Discussion!",16393,750,1428776293000,169
599,"Wolf X BREEDS DRAMA - Blitz Survival Games",26564,834,1428706452000,181
600,"Prestige Enderman?! - Mega Walls",31887,633,1428622784000,116
601,"Full Diamond + Flawlessing Aiden?! - Blitz Survival Games",41585,1300,1428606001000,86
602,"Horse X Returns! - Blitz Survival Games",9628,437,1428530400000,75
603,"Prestige Herobrine! - Mega Walls",38278,720,1428444002000,123
604,"Bacca Army OP! - Blitz Survival Games",7671,461,1428433201000,58
605,"Hunter X! - Blitz Survival Games",44143,1077,1428357601000,106
606,"Speed Hax OP! - Mega Walls",21883,630,1428271895000,83
607,"Meatmaster X + Swag Thumbnail! - Blitz Survival Games",19920,755,1428260400000,90
608,"Blaze 10! - Blitz Survival Games",27648,923,1428185971000,84
609,"Teaming Update + AK 47! - Blitz Survival Games",20271,713,1428102735000,86
610,"Customer Service Police! - Battlefield: Hardline Campaign (Episode 1)",6616,376,1428023865000,68
611,"Archer X + Mod Encounter?! - Blitz Survival Games",40557,1193,1428018525000,104
612,"Tim 10! - Blitz Survival Games",24692,894,1427930008000,81
613,"Blitz Public Service Announcement - COMMUNITY POLL",16526,829,1427914801000,184
614,"Sharpness Iron Swords for DAYS! - Blitz Survival Games",11598,666,1427843414000,92
615,"Creeper X Returns! - Blitz Survival Games",27411,1138,1427754274000,116
616,"My Horse is Spoiled! - Blitz Survival Games",10214,545,1427666401000,77
617,"RETURN TO THE BACCA ARMY! - Blitz Survival Games",11446,599,1427580001000,142
618,"Speleologist X! - Blitz Survival Games",38975,1003,1427493601000,98
619,"Wolf X + DRAMA! - Blitz Survival Games",24171,765,1427407200000,176
620,"Arachno 10! - Blitz Survival Games",23736,846,1427320801000,101
621,"SO MUCH DIAMOND GEAR! - Blitz Survival Games",16003,616,1427234400000,77
622,"(generic title about thumbnail goes here) - Blitz Survival Games",9408,524,1427148000000,112
623,"Moar Thumbnails! - Blitz Survival Games",10082,677,1427061600000,92
624,"TECHNO THE WAR VETERAN! - Heroes and Generals",15558,613,1426993008000,107
625,"I GET FLAWLESSED?! - Blitz Survival Games",27198,794,1426972203000,147
626,"BLAZES WHY U NO SAVE ME?! - Blitz Survival Games",8383,733,1426888804000,62
627,"xAiden vs HIS MOM?! - Blitz Survival Games",23097,735,1426802401000,96
628,"IN BENJA WE TRUST FOR BACCA WE MUST! - Blitz Survival Games",13889,640,1426722189000,148
629,"Fishing Rod OP! - Blitz Survival Games",10248,682,1426627801000,56
630,"SO CLOSE! - Spider Quest #14 (Mega Walls)",23093,662,1426453201000,109
631,"BETTY RETURNS! - Blitz Survival Games",10100,624,1426370401000,97
632,"MIND GAMES! - Blitz Survival Games",10034,653,1426197600000,62
633,"The Bow Creeper Combo! - Blitz Survival Games",12586,704,1426111200000,82
634,"NICE GUY COMMENTARY! - Blitz Survival Games",13017,1061,1425938401000,86
635,"Crushing Teamers! - Blitz Survival Games",16200,1124,1425855703000,121
636,"Thumbnails 4 Days! - Blitz Survival Games",10755,1240,1425767825000,181
637,"All Part of the Plan! - Blitz Survival Games",21597,1065,1425695918000,101
638,"Level 10 Grind! ... again... - Blitz Survival Games",21858,887,1425596401000,158
639,"KATNISS EVERDEEN! - Blitz Survival Games",17071,624,1425520330000,93
640,"GO GO GO! - Warlords (Capture the Flag)",8491,284,1425431530000,58
641,"I challenge you to LEAP FROG! - Spider Quest #13 (Mega Walls)",24013,638,1425337201000,99
642,"Series Goals and Void Shards?! - Warlords (Domination)",9464,355,1425259576000,60
643,"SAVE ME BLAZES! - Blitz Survival Games",11221,860,1425172546000,95
644,"IM SO GOOD! - Blitz Survival Games",12326,519,1424980801000,77
645,"CURSE YOU, MAGES! - Warlords (Capture the Flag)",6457,342,1424911151000,98
646,"Greater Warrior Helmet OP! - Warlords (Domination)",7933,331,1424825985000,69
647,"Getting Stacked! - Blitz Survival Games",9768,494,1424742052000,106
648,"Mage vs Warrior rivalry begins! - Warlords (Domination)",6458,269,1424721600000,76
649,"longest game ;-; - Blitz Survival Games",11022,407,1424644224000,43
650,"CLOSEST GAME EVER! - Warlords (Domination)",8042,291,1424639453000,49
651,"WARLORDS! - CAPTURE DA FLAG",7936,312,1424550853000,77
652,"PLOT TWIST! - Blitz Survival Games",10655,439,1424396862000,118
653,"AWESOME TITLE HERE - Blitz Survival Games",9899,442,1424311226000,93
654,"Carphobia - H1Z1",6544,418,1424289601000,83
655,"The Non-VIP Struggle - (10K Sub Special) (A BSG Montage)",94099,2988,1424126801000,496
656,"Teamers, PLS! ;-; - Blitz Survival Games",7811,359,1424125958000,96
657,"JE SUIS UNE POMME DE TERRE?! - Blitz Survival Games",10112,610,1424036069000,163
658,"GG Close Fight! - Blitz Survival Games",9324,457,1423956626000,101
659,"Teams & Blitz discussion! - Blitz Survival Games",8169,552,1423854063000,148
660,"CARROTS = DRUGS - Blitz Survival Games",17686,618,1423707151000,78
661,"DIAMOND SWORD?! - Blitz Survival Games",25898,699,1423613644000,111
662,"WHAT ;-; - Blitz Survival Games",11581,451,1423531829000,114
663,"PIGMAN! - Mega Walls",28951,615,1423425606000,109
664,"He's... pathetic? HELP - Blitz Survival Games",15888,655,1423345927000,78
665,"BEST GAME ENDING EVER?! - Blitz Survival Games",25174,1073,1423263601000,92
666,"ITS BACK! - Blitz Survival Games",10052,463,1423177202000,54
667,"Techno is a HAXXOR! - Blitz Survival Games",24923,675,1423083600000,92
668,"Non-VIP Shenanigans - Blitz Survival Games",13646,498,1422760414000,132
669,"OP Kits FTW! - Blitz Survival Games",9448,538,1422675415000,75
670,"A New Base - The DarkOnion Chronicles(Episode 1)",21060,928,1422486005000,117
671,"Guilds? Pls Nu! - Spider Quest #12 (Mega Walls)",20673,527,1422414395000,113
672,"THE SNOWMEN STRIKE! - Blitz Survival Games",7860,373,1422322950000,66
673,"SEXIEST ARMOR EVER?! - Blitz Survival Games",18599,758,1422230540000,141
674,"Level 10 Showdowns! - Blitz Survival Games",16501,529,1422133083000,57
675,"Slimeyslime for DAYS! - Blitz Survival Games",10794,570,1421978402000,87
676,"DA BLITZ GODS! - Blitz Survival Games",11082,416,1421896030000,73
677,"YOU THINK THIS IS A GAME?! - Blitz Survival Games",11559,523,1421806175000,92
678,"The DarkOnion Chronicles - Trailer",17232,795,1421706089000,153
679,"CLEVER TITLE! - Blitz Survival Games",8904,394,1421627327000,37
680,"LEAP OF FAITH! - Spider Quest #11 (Mega Walls)",24733,650,1421527784000,81
681,"100% Skill! - Blitz Survival Games",25944,660,1421455634000,129
682,"EPISODE 1 - Blitz Survival Games",20399,813,1421378548000,79
683,"HOW?! - Town of Salem",18477,787,1421276405000,114
684,"JESUS TEAMERS?! - Blitz Survival Games",16559,828,1421203047000,103
685,"So Much Gold! - Blitz Survival Games",9797,518,1421109314000,100
686,"rip boosters - Blitz Survival Games",11441,551,1421006405000,66
687,"EXCELLENT TITLE HERE - Blitz Survival Games",22102,898,1420916407000,97
688,"SCHOOL - Blitz Survival Games",10448,819,1420684370000,71
689,"Enderchest! - Spider Quest #10 (Mega Walls)",27321,569,1420570867000,74
690,"NEW MIC + SO MANY TEAMS - Blitz Survival Games",10116,538,1420499503000,65
691,"Counter-Team Strats! - Blitz Survival Games",8020,612,1420426559000,68
692,"UPDATE? NEW MAP? - Spider Quest #9 (Mega Walls)",15898,382,1420333371000,115
693,"Legolas's Final Stand! - Town of Salem",17408,561,1420315209000,50
694,""Mega Walls" -  Parody of "Jingle Bells" (swearing)",772504,52902,1420232401000,3279
695,"European Ping?! - SG: Heroes",14967,541,1420228806000,142
696,"The Lag Survival Games - Blitz Survival Games",7994,342,1420149601000,64
697,"Astro City! - Blitz Survival Games",12622,930,1420080061000,100
698,"Brick, NOOOOO! - Blitz Survival Games",21980,869,1419980547000,122
699,"OP KITS = WIN! - Blitz Survival Games",26634,747,1419884396000,145
700,"Horse 9! - Blitz Survival Games",10261,365,1419800610000,98
701,"Spider = Best Rushing Class! - Spider Quest #8 (Mega Walls)",26279,469,1419730095000,91
702,"So Much Diamond Stuff! - Blitz Survival Games",14341,399,1419718165000,51
703,"So Many Mobs! - Blitz Survival Games",7900,615,1419627419000,64
704,"The Tree",835053,76894,1419582535000,3411
705,"The Curse of 1.8! - Blitz Survival Games",11051,369,1419552865000,63
706,"Reasons - A Blitz Survival Games Montage (Christmas Special!)",70091,2228,1419537608000,204
707,"Spider 7! - Spider Quest #7 (Mega Walls)",14623,407,1419457440000,48
708,"How to sweep a UHC Deathmatch",39251,843,1419385278000,96
709,"mah bread D: - Spider Quest #6 (Mega Walls)",10731,282,1419375606000,59
710,"Creeper 10?! - Blitz Survival Games",20213,556,1419361203000,63
711,"Bows are Life! - Blitz Survival Games",9908,510,1419308297000,66
712,"A New Minigame?! - Ultra Hard Core",36865,845,1419285461000,129
713,"FRIENDSHIPS WERE FORGED! - Spider Quest #5 (Mega Walls)",11170,362,1419199206000,52
714,"Intense 1v1! - Blitz Survival Games",9536,543,1419188404000,49
715,"Upgrades! - Spider Quest #4 (Mega Walls)",14614,323,1419112803000,56
716,"FEAR THE STEAK! - Blitz Survival Games",6611,493,1419102007000,116
717,"Chop Chop! - Blitz Survival Games",7233,479,1419025880000,57
718,"Your Dead Friend's Pants! - Blitz Survival Games",7079,453,1419016283000,60
719,"New Mic?!  - Spider Quest #3 (Mega Walls)",12510,345,1418935937000,80
720,"A NEW LEVEL 10?! - Blitz Survival Games",11766,438,1418930815000,86
721,"How To Enchant - Blitz Highlights",25383,565,1418871986000,68
722,"YOLO = BAD REASON! - Blitz Survival Games",7617,308,1418853313000,38
723,"The Booster Continues! - Blitz Survival Games",14931,466,1418851660000,68
724,"Network Booster?! - Blitz Survival Games",14149,497,1418765806000,60
725,"Best Framer Ever! - Town of Salem",22799,566,1418763869000,72
726,"WHERE ARE STICKS?! - Blitz Survival Games",6450,461,1418693677000,94
727,"I'm Scared! - Blitz Survival Games",6574,474,1418683260000,77
728,"Spider 1 Clutch?! - Spider Quest #2 (Mega Walls)",21356,697,1418608658000,74
729,"Pigman! - Blitz Survival Games",10551,602,1418593603000,49
730,"Welcome to Hell- I mean, My Channel! - Channel Trailer 2015",333510,9992,1418541254000,705
731,"Hunter OP + New PC! - Blitz Survival Games",8579,324,1418508078000,52
732,"SO MUCH GEAR and TIM X?! - Blitz Survival Games",14402,513,1418501766000,48
733,"The Riddle! - Town of Salem",14680,533,1418437513000,54
734,"So Many Potions! - Blitz Survival Games",6545,525,1418435972000,87
735,"Paranoid Blazes! - Blitz Survival Games",6649,253,1418351728000,48
736,"A New Series! - Spider Quest #1 (Mega Walls)",18507,441,1418255771000,86
737,"More OP Kit Gameplay! - Blitz Survival Games",9938,353,1418174491000,59
738,"Tim 9 and the Cobweb Trap! - Blitz Survival Games",6704,250,1418084518000,54
739,"Not Even Close! - Blitz Survival Games",6619,400,1417999451000,45
740,"Intimidation OP! - Blitz Survival Games",7385,281,1417917502000,48
741,"1v1 Final Showdown! - Town of Salem",14576,513,1417737250000,64
742,"Where That Armor At?! - Blitz Survival Games",6566,362,1417737232000,89
743,"I'm Back! - Blitz Survival Games",6449,340,1417662093000,81
744,"The Return of the Trinity?! - Blitz Survival Games",7391,286,1417386156000,48
745,"Troll Showdown - Blitz Survival Games",9142,392,1417200364000,62
746,"I Kill The Queen?! - Blitz Survival Games",11687,420,1417036569000,55
747,"So Many Speleologists! - Blitz Survival Games",11195,361,1416961482000,62
748,"New Map?! Tim X?! I'M BATMAN?! - Blitz Survival Games",10518,309,1416781247000,46
749,"Level 10 Grind?! - Blitz Survival Games",13931,490,1416690236000,96
750,"The Scumbag Duo! - Blitz Survival Games w/ AidenRK (60 FPS)",6892,327,1416609001000,36
751,"OP Kit Marathon! - 5k Sub Special!",63382,1645,1416454839000,209
752,"Chain Killing Massacre! - Blitz Survival Games (60 FPS)",6463,288,1416439801000,78
753,"Team of 3?! - Blitz Survival Games w/ AidenRK (60 FPS)",14739,428,1416353401000,59
754,"Teams Got Nothing on my BAKER! - Blitz Survival Games (60 FPS)",9314,508,1416267002000,48
755,"AidenRK gets memed! - Blitz Survival Games w/ AidenRK (60 FPS)",14144,561,1416168004000,86
756,"welcome to blitz",53462,2289,1416101313000,210
757,"The Level 10 Trinity! - Blitz Survival Games w/ AidenRK (60 FPS)",9238,296,1416081608000,27
758,"Damn I'm Good! - Blitz Survival Games (60 FPS)",6944,425,1416007801000,45
759,"Not The Blitz Star! - Blitz Survival Games (60 FPS)",7879,399,1415921402000,37
760,"CHICKENS ARE DEADLY! - MVP Land",7008,302,1415839548000,54
761,"Snowmen OP! - Blitz Survival Games (60 FPS)",6617,504,1415835001000,75
762,"Creeper Best Pokemon! - Blitz Survival Games (60 FPS)",7394,552,1415733629000,58
763,"The Staff Army?! - Blitz Survival Games (60 FPS)",38706,1465,1415662201000,194
764,"Congrats on Helper...Again! - Blitz Survival Games w/ AidenRK (60 FPS)",15525,346,1415582198000,48
765,"Life - A BSG Montage (Hypixel Blitz Survival Games)",151735,5174,1415499834000,667
766,"ACTUALLY 60 FPS THIS TIME! - Blitz Survival Games",17439,556,1415426341000,78
767,"Silly Complaints - Blitz Survival Games",7974,337,1415340135000,79
768,"Huahwi Power - Blitz Survival Games",12413,530,1415148091000,62
769,"Get Out'ta Here! - Blitz Survival Games",6772,465,1415060490000,36
770,"The Spookiest Level X Ever?! - Blitz Survival Games",12927,744,1414967995000,95
771,"How 2 Deal with Cheeky Teaming Skrublords",42316,1753,1414909621000,178
772,"gg close fight! - Blitz Survival Games",7045,625,1414792806000,46
773,"The Snipes! - Blitz Survival Games",6480,373,1414713878000,30
774,"Its Jailin' Time! - Town of Salem",16008,494,1414624560000,58
775,"Slothtamer - Blitz Survival Games",7141,600,1414538470000,68
776,"PUPPIES! - Blitz Survival Games",7732,294,1414452268000,49
777,"SO MANY POTIONS! - Blitz Survival Games",6475,365,1414372486000,101
778,"MCSG Strats! - Blitz Survival Games",6989,314,1414274133000,43
779,"THIS FAMILY SUCKS! - Town of Salem",19175,811,1414212788000,80
780,"Pokemon Adventure! - Blitz Survival Games",52000,1628,1414103402000,182
781,""Its Just Leather Guys!" - Blitz Survival Games",10855,654,1414024960000,32
782,"Shovel of DOOM! - Blitz Survival Games",7736,251,1413756006000,47
783,"Snowman Policemen! - Blitz Survival Games",12786,423,1413669606000,56
784,"Not Enough Wolftamers! - Blitz Survival Games",6488,238,1413583204000,28
785,"Get Beefed! - Blitz Survival Games",7019,256,1413503197000,31
786,"Cake Strat OP! - Blitz Survival Games",15396,562,1413402241000,66
787,"Full Enchanted Iron! - Blitz Survival Games",6581,243,1413255484000,48
788,"Tuxedo Commentary!? - Blitz Survival Games",6688,293,1413146888000,53
789,"Slime 8?! - Blitz Survival Games",10405,276,1413088153000,76
790,"Scout 8! - Blitz Survival Games",8181,268,1412989568000,43
791,"RUNNERS FOR DAYS! - Blitz Survival Games",6518,300,1412824876000,93
792,"Toxicologist :O - Blitz Survival Games",10163,296,1412623180000,36
793,"Number Survival Games -  Blitz Survival Games",6531,252,1412462934000,54
794,"Cops & Crims - 360 Noscopes!",6460,216,1412295978000,53
795,"FIRE IS HOT! - Blitz Survival Games",8516,276,1412129472000,37
796,"Cops and Crims - Alleyway!",6465,176,1411944504000,51
797,":O ITS JOHNNY - Blitz Survival Games",9384,281,1411937512000,47
798,"Shoutouts! - Blitz Survival Games",6522,262,1411849932000,95
799,"Montages and PVP and Kits, oh my! - Blitz Survival Games",8887,315,1411788557000,91
800,"Unexpected - A BSG Montage (Hypixel Blitz Survival Games)",71196,2167,1411652284000,258
801,"PINGWARRIOR! - Blitz Survival Games",6453,319,1411608895000,89
802,"So Much Regeneration! - Mega Walls",13094,298,1411435142000,48
803,"Fisherman X?! - Blitz Survival Games",12502,335,1411347648000,70
804,"French Failures - Blitz Survival Games",17241,579,1411261762000,85
805,"REALLY CLOSE DEATHMATCH! - Blitz Survival Games",9157,281,1410924620000,43
806,"Dat Airshot! - Mega Walls",11706,316,1410829057000,43
807,""TNT is never useful"",67332,1971,1410748372000,138
808,"SKELE 9! - Mega Walls",15875,327,1410718763000,53
809,"Blitz Hit Registration summed up in 17 seconds",92218,3085,1410715425000,211
810,"Why does everyone have diamond gear?! - Mega Walls",11375,273,1410674564000,47
811,"ASFJerome IS DA BEST - Blitz Survival Games",23227,776,1410630232000,181
812,"ATTENTION GRABBING TITLE! - Mega Walls",7549,215,1410577277000,26
813,"Knight 10 + armorer 10?!  - Blitz Survival Games",15823,372,1410567038000,46
814,"How to be a Blitz Pro",32456,897,1410486375000,153
815,"DIAMOND PANTS?! - Blitz Survival Games",10784,287,1410400458000,49
816,"ermag0rd ASFJEROME?! - Mega Walls w/ bunch of randy YTers",31030,1000,1410313793000,218
817,"Clutch?! - Mega Walls",19460,420,1410224654000,72
818,"THE RETURN - Mega Walls",8588,279,1410124168000,61
819,"this is a title - Blitz Survival Games",12871,471,1410023966000,89
820,"Level 10 Showdown! - Blitz Survival Games",6542,255,1409704420000,57
821,"Pna and why you are a terrible person - Blitz Survival Games",6465,231,1409528966000,129
822,"Recent channel issues + elbow cam",74323,3962,1409365602000,347
823,"Citadel Adventures! - Blitz Survival Games",6453,271,1409204815000,111
824,"ULTIMATE HORSE SCRUB! - Blitz Survival Games",6450,257,1409104988000,48
825,"Dream Team! - Blitz",12810,379,1409016859000,48
826,"Archer 8! - Blitz Survival Games",8648,256,1408927998000,60
827,"Level 8 Enchant?! - Blitz Survival Games",8230,283,1408814484000,55
828,"Thorns OP!",17935,503,1408669005000,87
829,"Team Invasion! - Blitz Survival Games",7022,277,1408578067000,50
830,"Blockhitting tank! - Blitz Survival Games",7067,239,1408489463000,52
831,"Armorer 10 gameplay! - Blitz Survival Games",18958,520,1408377268000,69
832,"New Server Update: KARMA?!",19695,605,1408336374000,49
833,"Welcome to the Level X Club",12371,402,1408323845000,106
834,"feed me kits pls! - Blitz Survival Games",6484,296,1408318194000,106
835,"360 No Scopes! - Blitz Survival Games",6460,300,1408232275000,86
836,"NEW MINIGAME?! - The Blocking Dead",15018,513,1408148263000,86
837,"Project Ares - BLOW UP EVERYTHING",6675,248,1408142766000,48
838,"I Kill Hypi...ckle? - Blitz Survival Games",16553,425,1408047561000,40
839,"I Pan, I pan! - Blitz Survival Games",6552,247,1407959224000,95
840,"Forcefield Hax! - Blitz Survival Games",8729,260,1407882990000,61
841,"train 'em young (Collab with GURL GAMER ERMAGERD)",1355223,132232,1407785060000,8918
842,"I'm A Dragon! - Blitz Survival Games",6450,269,1407702130000,63
843,"Archer 10?! - Blitz Survival Games",17390,530,1407617042000,65
844,"Too Many Good Kits! - Blitz Survival Games",8397,265,1407432595000,29
845,"New everything! - Blitz Survival Games",6726,267,1407379393000,48
846,"[Tutorial] How to Escape the Spawn Pit in Despair v2",7020,312,1407354835000,36
847,"Frame of Mind - A BSG Montage (Hypixel Blitz Survival Games)",223887,9088,1407347189000,1290
848,"fall damage working as intended",56831,2906,1407260074000,200
849,"SO CLOSE! - Blitz Survival Games",13227,458,1407094201000,65
850,"I Have Horse 10?! - Blitz Survival Games",8529,271,1407006007000,34
851,"Archer OP - Blitz Survival Games",6503,285,1406921401000,57
852,"Moral Dilemnas?! - Blitz Survival Games",6454,271,1406835001000,65
853,"This Map Is Hell! - Blitz Survival Games",9137,322,1406748601000,44
854,"WITCHCRAFT",38324,1572,1406671204000,136
855,"Slaughter! - Mega Walls",11990,284,1406662202000,55
856,"Best Enchantment Ever! - Blitz Survival Games",10179,322,1406489403000,43
857,"Coordinated Assault - Mega Walls",9107,250,1406403003000,46
858,"Despair v2 Kill Record! - Blitz Survival Games",12301,333,1406316602000,53
859,"Porky The Pig - The Sequel!",53045,2920,1406239204000,183
860,"Despair v1 Kill Record! - Blitz Survival Games",17722,564,1406230203000,58
861,"Diamond Shovel OP! - Blitz Survival Games",6529,238,1406159959000,36
862,"Admins Attack?! - Mega Walls",15277,302,1406084072000,35
863,"This is ridiculous! - Mega Walls",14018,351,1405973341000,50
864,"Mistakes were made! - Blitz Survival Games",6694,363,1405969822000,142
865,"Refining Technique - Blitz Survival Games",6942,252,1405903990000,39
866,"PIGMAAAAAAN - Mega Walls",29416,483,1405876429000,136
867,"pretty average deathmatch",52258,2539,1405735247000,144
868,"Knight 8?! - Blitz Survival Games",11181,317,1405732943000,47
869,"The Magical Porkchop! - Blitz Survival Games",11147,326,1405720244000,37
870,"Knockback Cyberbullying! - Blitz Survival Games",6450,359,1405550746000,110
871,"BSG Tournament?! - Blitz Survival Games",19818,554,1405470334000,78
872,"100 PRESTIGED BLAZES?! - Blaze God Mode Mega Walls",10667,243,1405380426000,33
873,"Arachnologist - Blitz Survival Games",6484,280,1405378309000,81
874,"Hexxors! - Blitz Survival Games",6474,286,1405286025000,45
875,"Prestiged Blaze?! - God Mode Mega Walls",13456,305,1405281257000,53
876,"I Has Cape! - Blitz Survival Games",6469,361,1405206250000,73
877,"Diamond Shovel OP - Blitz Survival Games",11573,597,1405131128000,170
878,"Blaze Gameplay - The Targeting is Real! - Mega Walls",9998,265,1405052014000,61
879,"NOSCOPED!!1!!1one - Blitz Survival Games",6573,267,1405023636000,35
880,"Hacker Stories! - Blitz Survival Games",18160,655,1404944104000,85
881,"Docks 2.0?! Grimm Loche! - Blitz Survival Games",12978,482,1404867279000,108
882,"New Map?! RAINFOREST! - Blitz Survival Games",18444,595,1404866392000,99
883,"Techno Tips - Winter and Baker!",7031,302,1404850359000,25
884,"Tim 7?! - Blitz Survival Games",8049,300,1404758352000,32
885,"Techno Tips - Scout & Egypt",7895,309,1404758290000,47
886,"How to Escape with Style",22364,1051,1404706378000,109
887,"THORINS BACK?! - Blitz Survival Games",35231,1017,1404699956000,131
888,"Im Ready to Clutch! - Blitz Survival Games",6621,283,1404588601000,61
889,"Scumbag Technoblade! - Blitz Survival Games",25420,528,1404514941000,111
890,"SO MUCH FOOD! - Mega Walls",6675,252,1404512768000,40
891,"Archer - Blitz Survival Games",7143,357,1404438025000,98
892,"Creepertamer! - Blitz Survival Games",17777,616,1404359965000,80
893,"Farm Hunt - HOLD THE FORT",17434,679,1404356185000,87
894,"HACKER TEAM?! - Blitz Survival Games",23967,802,1403983802000,77
895,"Team City?! - Blitz Survival Games",7001,314,1403897402000,72
896,""Eat Him."",76253,3697,1403857361000,169
897,"A Story of Rankism",295493,27649,1403674951000,1656
898,"Kit of the Day: Armorer",7092,332,1403581129000,62
899,"BREADTAMER 8! - Blitz Survival Games",18312,695,1403471762000,98
900,"Tim The Enchanter OP! - Blitz Survival Games",10595,386,1403324173000,43
901,"Them Iron Swords! - Blitz Survival Games",26830,954,1403289001000,129
902,"Monetization - Update Video?!",106837,6335,1403240158000,324
903,"The Matador Technique - Blitz Survival Games",27490,960,1403204404000,122
904,"Proof I don't autoclick",49437696,2561500,1403165709000,150151
905,"Get Out Of Dat Skybase! - Mega Walls Deathmatch",8337,386,1403112811000,88
906,"Pls Nu Nerf! - Blitz Survival Games",23609,815,1402871401000,104
907,"Don't Need Yo OP Kits! - Mega Walls",13491,366,1402679911000,55
908,"ALL DAT BREAD - Mega Walls",8775,343,1402599873000,70
909,"Troll Chronicles Part 2 w/ GlitchyShell, SpiderDiclonii, AidenRK & Simfone",9847,373,1402599843000,48
910,"Troll Chronicles 1",15656,576,1402440139000,86
911,"Snowman is back! - Blitz Survival Games",9249,720,1402260034000,342
912,"Dat Baker Thumbnail! - Blitz Survival Games",9333,518,1402259968000,119
913,"Skeleton/Endermen Rivalry - Mega Walls",11138,411,1402186585000,73
914,"Winter Massacre (ALL DEM SUBS) - Blitz Survival Games",25810,900,1402182428000,132
915,"nothing suspicious here",162747,6881,1402170652000,277
916,"Skeleton Buff?! - Mega Walls",21487,577,1402096121000,74
917,"75 Player Deathmatch? - God Mode BSG w/ AYS",75463,2644,1402022274000,281
918,"The God Sword - A BSG Special - 500 Subs & Birthday!",125577,5208,1401681005000,848
919,"WE FOUND THORIN! - Walls 2 w/ AidenRK",16476,575,1401574378000,89
920,"Technoblade's Blaze Army - God Mode BSG w/ Jamie974, Monsterlol & Nordyalex",52991,1368,1401415295000,133
921,"Troll Squad! - God Mode BSG w/ Jamie974, SpiderDiclonni, Monsterlol & Nordyalex",26002,885,1401242052000,103
922,"Jamie974's Wolf Army - God Mode BSG  w/ Jamie974, NordyAlex & Monsterlol",78791,3254,1401064475000,388
923,"God Mode?! - Mega Walls #5 w/ GlitchyShell",17868,645,1400989227000,89
924,"Cake Barricade! - Blitz Survival Games",10771,655,1400475865000,81
925,"School Stories?! - Blitz Survival Games",16800,1138,1400365921000,128
926,"DEFEND THE JON - Blitz Survival Games w/ AidenRK",10854,634,1400291587000,144
927,"Vine Clip! - BSG God Mode w/ AidenRK",55495,1326,1400210756000,216
928,"#420BlazeIt - 420 sub special!",135861,7489,1400202946000,932
929,"An Army of Meat w/ AidenRK and Dhruv",28230,1225,1399938933000,212
930,"Blitz Survival Games - Naming My Horse!",186070,9762,1399847865000,1024
931,"Mineplex Hunger Games - Stack",11058,778,1399523534000,163
932,"Blitz Hunger Games - Breadtamers w/ AidenRK",47694,2129,1399153140000,300
933,"OPERATION UBERHAX - SUCCESS",13066,854,1398311290000,160
934,"Chicken Pot Pie! - Mega Walls #3",19016,1112,1396850626000,138
935,"#Professional - A Hunger Games Youtube Event Attempt",15013,993,1396235152000,144
936,"Raging Teamers Volume 1",14294,1031,1395975719000,155
937,"Hunger Games - Archer!",17052,1205,1395889645000,171
938,"Mega Walls - SO MANY DIAMONDS",35532,1334,1395637493000,177
939,"Mega Walls - DEM HAX",25633,1473,1395011131000,275
940,"Mega Walls - Diamond Axe Strat!",27677,1915,1394781010000,310
941,"Mega Walls - The Diamond Thief!",48235,3466,1394161799000,620
942,"Hypixel FAQ - How do I Punch Staff? A Comprehensive Guide by Technoblade",688379,42337,1392270703000,3454
943,"Moments of WTF 2: CREEPER OF GLORY?",375198,14998,1391312025000,1304
944,"Hunger Games 57 - OMGWTFBBQ BOW",159091,13305,1390875148000,1916
945,"technoblade vs mineplex's owner",2811092,145487,1383276100000,38434
Index,Title,Views,Likes,Date,Comments