Date	Technoblade	Technothepig	StudioLORE	Derp Squad
Bar colors	#f59e9d	#c3ecb0	#ffaf6d	#689f39
Bar images	x	x	x	x
"Oct 28, 2013"	0		0	0
"Oct 29, 2013"	0		0	0
"Oct 30, 2013"	0		0	0
"Oct 31, 2013"	0		0	0
"Nov 01, 2013"	0		0	0
"Nov 02, 2013"	1		0	0
"Nov 03, 2013"	0		0	0
"Nov 04, 2013"	0		0	0
"Nov 05, 2013"	1		0	0
"Nov 06, 2013"	0		0	0
"Nov 07, 2013"	1		0	0
"Nov 08, 2013"	0		0	0
"Nov 09, 2013"	1		0	0
"Nov 10, 2013"	1		0	0
"Nov 11, 2013"	5		0	0
"Nov 12, 2013"	15		0	0
"Nov 13, 2013"	6		0	0
"Nov 14, 2013"	2		0	0
"Nov 15, 2013"	1		0	0
"Nov 16, 2013"	2		0	0
"Nov 17, 2013"	1		0	0
"Nov 18, 2013"	2		0	0
"Nov 19, 2013"	2		0	0
"Nov 20, 2013"	2		0	0
"Nov 21, 2013"	2		0	0
"Nov 22, 2013"	2		0	0
"Nov 23, 2013"	2		0	0
"Nov 24, 2013"	2		1	0
"Nov 25, 2013"	2		0	0
"Nov 26, 2013"	2		0	0
"Nov 27, 2013"	1		0	0
"Nov 28, 2013"	2		0	0
"Nov 29, 2013"	2		0	0
"Nov 30, 2013"	2		0	0
"Dec 01, 2013"	2		0	0
"Dec 02, 2013"	2		0	0
"Dec 03, 2013"	2		0	0
"Dec 04, 2013"	2		0	0
"Dec 05, 2013"	2		0	0
"Dec 06, 2013"	1		0	0
"Dec 07, 2013"	2		0	0
"Dec 08, 2013"	2		0	0
"Dec 09, 2013"	2		0	0
"Dec 10, 2013"	2		0	0
"Dec 11, 2013"	2		0	0
"Dec 12, 2013"	2		0	0
"Dec 13, 2013"	2		0	0
"Dec 14, 2013"	2		0	0
"Dec 15, 2013"	2		0	0
"Dec 16, 2013"	1		0	0
"Dec 17, 2013"	2		0	0
"Dec 18, 2013"	2		0	0
"Dec 19, 2013"	2		0	0
"Dec 20, 2013"	2		1	0
"Dec 21, 2013"	2		0	0
"Dec 22, 2013"	2		0	0
"Dec 23, 2013"	2		0	0
"Dec 24, 2013"	2		0	0
"Dec 25, 2013"	2		0	0
"Dec 26, 2013"	1		0	0
"Dec 27, 2013"	2		0	0
"Dec 28, 2013"	2		0	0
"Dec 29, 2013"	2		0	0
"Dec 30, 2013"	2		0	0
"Dec 31, 2013"	2		0	0
"Jan 01, 2014"	2		0	0
"Jan 02, 2014"	2		0	0
"Jan 03, 2014"	2		0	0
"Jan 04, 2014"	1		0	0
"Jan 05, 2014"	2		0	0
"Jan 06, 2014"	2		0	0
"Jan 07, 2014"	2		0	0
"Jan 08, 2014"	2		0	0
"Jan 09, 2014"	2		0	0
"Jan 10, 2014"	2		0	0
"Jan 11, 2014"	2		0	0
"Jan 12, 2014"	2		0	0
"Jan 13, 2014"	2		0	0
"Jan 14, 2014"	1		0	0
"Jan 15, 2014"	2		0	0
"Jan 16, 2014"	2		1	0
"Jan 17, 2014"	2		0	0
"Jan 18, 2014"	2		0	0
"Jan 19, 2014"	2		0	0
"Jan 20, 2014"	2		0	0
"Jan 21, 2014"	2		0	0
"Jan 22, 2014"	2		0	0
"Jan 23, 2014"	2		0	0
"Jan 24, 2014"	1		0	0
"Jan 25, 2014"	2		0	0
"Jan 26, 2014"	2		0	0
"Jan 27, 2014"	2		0	0
"Jan 28, 2014"	2		0	0
"Jan 29, 2014"	2		0	0
"Jan 30, 2014"	2		0	0
"Jan 31, 2014"	2		0	0
"Feb 01, 2014"	2		0	0
"Feb 02, 2014"	1		0	0
"Feb 03, 2014"	2		0	0
"Feb 04, 2014"	2		0	0
"Feb 05, 2014"	2		0	0
"Feb 06, 2014"	2		0	0
"Feb 07, 2014"	2		0	0
"Feb 08, 2014"	2		0	0
"Feb 09, 2014"	2		0	0
"Feb 10, 2014"	2		0	0
"Feb 11, 2014"	2		1	0
"Feb 12, 2014"	1		0	0
"Feb 13, 2014"	2		0	0
"Feb 14, 2014"	2		0	0
"Feb 15, 2014"	2		0	0
"Feb 16, 2014"	2		0	0
"Feb 17, 2014"	2		0	0
"Feb 18, 2014"	2		0	0
"Feb 19, 2014"	2		0	0
"Feb 20, 2014"	2		0	0
"Feb 21, 2014"	2		0	0
"Feb 22, 2014"	1		0	0
"Feb 23, 2014"	2		0	0
"Feb 24, 2014"	2		0	0
"Feb 25, 2014"	2		0	0
"Feb 26, 2014"	2		0	0
"Feb 27, 2014"	2		0	0
"Feb 28, 2014"	2		0	0
"Mar 01, 2014"	2		0	0
"Mar 02, 2014"	2		0	0
"Mar 03, 2014"	1		0	0
"Mar 04, 2014"	2		0	0
"Mar 05, 2014"	2		0	0
"Mar 06, 2014"	2		0	0
"Mar 07, 2014"	2		0	0
"Mar 08, 2014"	2		0	0
"Mar 09, 2014"	2		1	0
"Mar 10, 2014"	2		0	0
"Mar 11, 2014"	2		0	0
"Mar 12, 2014"	2		0	0
"Mar 13, 2014"	1		0	0
"Mar 14, 2014"	2		0	0
"Mar 15, 2014"	2		0	0
"Mar 16, 2014"	2		0	0
"Mar 17, 2014"	2		0	0
"Mar 18, 2014"	2		0	0
"Mar 19, 2014"	2		0	0
"Mar 20, 2014"	2		0	0
"Mar 21, 2014"	2		0	0
"Mar 22, 2014"	2		0	0
"Mar 23, 2014"	1		0	0
"Mar 24, 2014"	2		0	0
"Mar 25, 2014"	2		0	0
"Mar 26, 2014"	2		0	0
"Mar 27, 2014"	2		0	0
"Mar 28, 2014"	2		0	0
"Mar 29, 2014"	2		0	0
"Mar 30, 2014"	2		0	0
"Mar 31, 2014"	2		0	0
"Apr 01, 2014"	1		0	0
"Apr 02, 2014"	2		0	0
"Apr 03, 2014"	2		0	0
"Apr 04, 2014"	2		0	0
"Apr 05, 2014"	2		1	0
"Apr 06, 2014"	2		0	0
"Apr 07, 2014"	2		0	0
"Apr 08, 2014"	2		0	0
"Apr 09, 2014"	2		0	0
"Apr 10, 2014"	2		0	0
"Apr 11, 2014"	1		0	0
"Apr 12, 2014"	2		0	0
"Apr 13, 2014"	2		0	0
"Apr 14, 2014"	2		0	0
"Apr 15, 2014"	2		0	0
"Apr 16, 2014"	2		0	0
"Apr 17, 2014"	2		0	0
"Apr 18, 2014"	2		0	0
"Apr 19, 2014"	2		0	0
"Apr 20, 2014"	2		0	0
"Apr 21, 2014"	1		0	0
"Apr 22, 2014"	2		0	0
"Apr 23, 2014"	2		0	0
"Apr 24, 2014"	2		0	0
"Apr 25, 2014"	2		0	0
"Apr 26, 2014"	2		0	0
"Apr 27, 2014"	2		0	0
"Apr 28, 2014"	2		0	0
"Apr 29, 2014"	2		0	0
"Apr 30, 2014"	2		0	0
"May 01, 2014"	15		1	0
"May 02, 2014"	6		0	0
"May 03, 2014"	4		0	0
"May 04, 2014"	7		0	0
"May 05, 2014"	8		0	0
"May 06, 2014"	2		0	0
"May 07, 2014"	4		0	0
"May 08, 2014"	2		0	0
"May 09, 2014"	3		0	0
"May 10, 2014"	0		0	0
"May 11, 2014"	1		0	0
"May 12, 2014"	18		0	0
"May 13, 2014"	6		0	0
"May 14, 2014"	6		0	0
"May 15, 2014"	6		0	0
"May 16, 2014"	4		0	0
"May 17, 2014"	2		0	0
"May 18, 2014"	2		0	0
"May 19, 2014"	5		0	0
"May 20, 2014"	7		0	0
"May 21, 2014"	4		0	0
"May 22, 2014"	1		0	0
"May 23, 2014"	3		0	0
"May 24, 2014"	3		0	0
"May 25, 2014"	3		0	0
"May 26, 2014"	2		0	0
"May 27, 2014"	5		0	0
"May 28, 2014"	8		1	0
"May 29, 2014"	7		0	0
"May 30, 2014"	5		0	0
"May 31, 2014"	15		0	0
"Jun 01, 2014"	5		0	0
"Jun 02, 2014"	15		0	1
"Jun 03, 2014"	12		0	0
"Jun 04, 2014"	21		0	0
"Jun 05, 2014"	8		0	0
"Jun 06, 2014"	13		0	0
"Jun 07, 2014"	15		0	0
"Jun 08, 2014"	13		0	0
"Jun 09, 2014"	13		0	0
"Jun 10, 2014"	17		0	0
"Jun 11, 2014"	12		0	0
"Jun 12, 2014"	8		0	0
"Jun 13, 2014"	9		0	0
"Jun 14, 2014"	10		0	0
"Jun 15, 2014"	12		0	0
"Jun 16, 2014"	12		0	0
"Jun 17, 2014"	9		0	0
"Jun 18, 2014"	24		0	0
"Jun 19, 2014"	9		0	0
"Jun 20, 2014"	22		0	0
"Jun 21, 2014"	25		0	0
"Jun 22, 2014"	19		0	0
"Jun 23, 2014"	22		1	0
"Jun 24, 2014"	19		0	0
"Jun 25, 2014"	29		0	0
"Jun 26, 2014"	32		0	0
"Jun 27, 2014"	16		0	0
"Jun 28, 2014"	23		0	0
"Jun 29, 2014"	25		0	0
"Jun 30, 2014"	23		0	0
"Jul 01, 2014"	32		0	0
"Jul 02, 2014"	20		0	0
"Jul 03, 2014"	20		0	0
"Jul 04, 2014"	16		0	0
"Jul 05, 2014"	18		0	0
"Jul 06, 2014"	18		0	0
"Jul 07, 2014"	24		0	0
"Jul 08, 2014"	27		0	0
"Jul 09, 2014"	35		0	0
"Jul 10, 2014"	20		0	0
"Jul 11, 2014"	29		0	0
"Jul 12, 2014"	29		0	0
"Jul 13, 2014"	25		0	0
"Jul 14, 2014"	30		0	0
"Jul 15, 2014"	17		0	0
"Jul 16, 2014"	26		0	0
"Jul 17, 2014"	19		0	0
"Jul 18, 2014"	25		0	0
"Jul 19, 2014"	23		1	0
"Jul 20, 2014"	23		0	0
"Jul 21, 2014"	28		0	0
"Jul 22, 2014"	26		0	0
"Jul 23, 2014"	22		0	0
"Jul 24, 2014"	29		0	0
"Jul 25, 2014"	21		0	0
"Jul 26, 2014"	20		0	0
"Jul 27, 2014"	27		0	0
"Jul 28, 2014"	27		0	0
"Jul 29, 2014"	38		0	0
"Jul 30, 2014"	27		0	0
"Jul 31, 2014"	30		0	0
"Aug 01, 2014"	33		0	0
"Aug 02, 2014"	24		0	0
"Aug 03, 2014"	30		0	0
"Aug 04, 2014"	37		0	0
"Aug 05, 2014"	26		0	0
"Aug 06, 2014"	32		0	0
"Aug 07, 2014"	46		0	0
"Aug 08, 2014"	28		0	0
"Aug 09, 2014"	32		0	0
"Aug 10, 2014"	37		0	0
"Aug 11, 2014"	34		0	0
"Aug 12, 2014"	47		0	0
"Aug 13, 2014"	40		0	0
"Aug 14, 2014"	30		0	0
"Aug 15, 2014"	21		1	0
"Aug 16, 2014"	29		0	0
"Aug 17, 2014"	43		0	0
"Aug 18, 2014"	60		0	0
"Aug 19, 2014"	35		0	0
"Aug 20, 2014"	39		0	0
"Aug 21, 2014"	39		0	0
"Aug 22, 2014"	42		0	0
"Aug 23, 2014"	33		0	0
"Aug 24, 2014"	30		0	0
"Aug 25, 2014"	25		0	0
"Aug 26, 2014"	23		0	0
"Aug 27, 2014"	39		0	0
"Aug 28, 2014"	31		0	0
"Aug 29, 2014"	42		0	0
"Aug 30, 2014"	44		0	0
"Aug 31, 2014"	32		0	0
"Sep 01, 2014"	32		0	0
"Sep 02, 2014"	28		0	0
"Sep 03, 2014"	27		0	0
"Sep 04, 2014"	19		0	0
"Sep 05, 2014"	19		0	0
"Sep 06, 2014"	40		0	0
"Sep 07, 2014"	28		0	0
"Sep 08, 2014"	39		0	0
"Sep 09, 2014"	30		0	0
"Sep 10, 2014"	27		1	0
"Sep 11, 2014"	35		0	0
"Sep 12, 2014"	19		0	0
"Sep 13, 2014"	43		0	0
"Sep 14, 2014"	39		0	0
"Sep 15, 2014"	32		0	0
"Sep 16, 2014"	26		0	0
"Sep 17, 2014"	15		0	0
"Sep 18, 2014"	26		0	0
"Sep 19, 2014"	20		0	0
"Sep 20, 2014"	35		0	0
"Sep 21, 2014"	39		0	0
"Sep 22, 2014"	25		0	0
"Sep 23, 2014"	32		0	0
"Sep 24, 2014"	30		0	0
"Sep 25, 2014"	35		0	0
"Sep 26, 2014"	24		0	0
"Sep 27, 2014"	49		0	0
"Sep 28, 2014"	34		0	0
"Sep 29, 2014"	26		0	0
"Sep 30, 2014"	23		0	0
"Oct 01, 2014"	18		0	0
"Oct 02, 2014"	3		0	0
"Oct 03, 2014"	37		0	0
"Oct 04, 2014"	37		0	0
"Oct 05, 2014"	23		0	0
"Oct 06, 2014"	22		0	0
"Oct 07, 2014"	19		1	0
"Oct 08, 2014"	16		0	0
"Oct 09, 2014"	28		0	0
"Oct 10, 2014"	28		0	0
"Oct 11, 2014"	35		0	0
"Oct 12, 2014"	42		0	0
"Oct 13, 2014"	29		0	0
"Oct 14, 2014"	28		0	0
"Oct 15, 2014"	24		0	0
"Oct 16, 2014"	20		0	0
"Oct 17, 2014"	18		0	0
"Oct 18, 2014"	26		0	0
"Oct 19, 2014"	30		0	0
"Oct 20, 2014"	33		0	0
"Oct 21, 2014"	24		0	0
"Oct 22, 2014"	26		0	0
"Oct 23, 2014"	23		0	0
"Oct 24, 2014"	31		0	0
"Oct 25, 2014"	32		0	0
"Oct 26, 2014"	23		0	0
"Oct 27, 2014"	28		0	0
"Oct 28, 2014"	28		0	0
"Oct 29, 2014"	21		0	0
"Oct 30, 2014"	13		0	0
"Oct 31, 2014"	14		0	0
"Nov 01, 2014"	31		0	0
"Nov 02, 2014"	39		1	0
"Nov 03, 2014"	17		0	0
"Nov 04, 2014"	20		0	0
"Nov 05, 2014"	19		0	0
"Nov 06, 2014"	13		0	0
"Nov 07, 2014"	29		0	0
"Nov 08, 2014"	28		0	0
"Nov 09, 2014"	37		0	0
"Nov 10, 2014"	34		0	0
"Nov 11, 2014"	24		0	0
"Nov 12, 2014"	28		0	0
"Nov 13, 2014"	44		0	0
"Nov 14, 2014"	29		0	0
"Nov 15, 2014"	44		0	0
"Nov 16, 2014"	50		0	0
"Nov 17, 2014"	30		0	0
"Nov 18, 2014"	27		0	0
"Nov 19, 2014"	32		0	0
"Nov 20, 2014"	23		0	0
"Nov 21, 2014"	24		0	0
"Nov 22, 2014"	36		0	0
"Nov 23, 2014"	39		0	0
"Nov 24, 2014"	23		0	0
"Nov 25, 2014"	26		0	0
"Nov 26, 2014"	29		0	0
"Nov 27, 2014"	27		0	0
"Nov 28, 2014"	35		1	0
"Nov 29, 2014"	51		0	0
"Nov 30, 2014"	15		0	0
"Dec 01, 2014"	29		0	0
"Dec 02, 2014"	-8		0	0
"Dec 03, 2014"	19		0	0
"Dec 04, 2014"	27		0	0
"Dec 05, 2014"	13		0	0
"Dec 06, 2014"	25		0	0
"Dec 07, 2014"	29		0	0
"Dec 08, 2014"	30		0	0
"Dec 09, 2014"	24		0	0
"Dec 10, 2014"	28		0	0
"Dec 11, 2014"	28		0	0
"Dec 12, 2014"	23		0	0
"Dec 13, 2014"	16		0	0
"Dec 14, 2014"	60		0	0
"Dec 15, 2014"	87		0	0
"Dec 16, 2014"	56		0	0
"Dec 17, 2014"	107		0	0
"Dec 18, 2014"	148		0	0
"Dec 19, 2014"	124		0	0
"Dec 20, 2014"	127		0	0
"Dec 21, 2014"	146		0	0
"Dec 22, 2014"	81		0	0
"Dec 23, 2014"	101		0	0
"Dec 24, 2014"	54		0	0
"Dec 25, 2014"	34		1	0
"Dec 26, 2014"	61		0	0
"Dec 27, 2014"	54		0	0
"Dec 28, 2014"	50		0	0
"Dec 29, 2014"	41		0	0
"Dec 30, 2014"	62		0	0
"Dec 31, 2014"	51		0	0
"Jan 01, 2015"	53		0	0
"Jan 02, 2015"	71		0	0
"Jan 03, 2015"	57		0	0
"Jan 04, 2015"	65		0	1
"Jan 05, 2015"	59		0	0
"Jan 06, 2015"	67		0	0
"Jan 07, 2015"	54		0	0
"Jan 08, 2015"	51		0	0
"Jan 09, 2015"	48		0	0
"Jan 10, 2015"	54		0	0
"Jan 11, 2015"	66		0	0
"Jan 12, 2015"	48		0	0
"Jan 13, 2015"	49		0	0
"Jan 14, 2015"	42		0	0
"Jan 15, 2015"	39		0	0
"Jan 16, 2015"	43		0	0
"Jan 17, 2015"	60		0	0
"Jan 18, 2015"	66		0	0
"Jan 19, 2015"	59		0	0
"Jan 20, 2015"	43		1	0
"Jan 21, 2015"	35		0	0
"Jan 22, 2015"	48		0	0
"Jan 23, 2015"	35		0	0
"Jan 24, 2015"	54		0	0
"Jan 25, 2015"	74		0	0
"Jan 26, 2015"	51		0	0
"Jan 27, 2015"	63		0	0
"Jan 28, 2015"	39		0	0
"Jan 29, 2015"	55		0	0
"Jan 30, 2015"	74		0	0
"Jan 31, 2015"	90		0	0
"Feb 01, 2015"	112		0	0
"Feb 02, 2015"	80		0	0
"Feb 03, 2015"	66		0	0
"Feb 04, 2015"	56		0	0
"Feb 05, 2015"	57		0	0
"Feb 06, 2015"	49		0	0
"Feb 07, 2015"	70		0	0
"Feb 08, 2015"	87		0	0
"Feb 09, 2015"	114		0	0
"Feb 10, 2015"	85		0	0
"Feb 11, 2015"	95		0	0
"Feb 12, 2015"	99		0	0
"Feb 13, 2015"	68		0	0
"Feb 14, 2015"	103		0	0
"Feb 15, 2015"	86		0	0
"Feb 16, 2015"	69		1	0
"Feb 17, 2015"	51		0	0
"Feb 18, 2015"	70		0	0
"Feb 19, 2015"	46		0	0
"Feb 20, 2015"	63		0	0
"Feb 21, 2015"	66		0	0
"Feb 22, 2015"	40		0	0
"Feb 23, 2015"	42		0	0
"Feb 24, 2015"	116		0	0
"Feb 25, 2015"	69		0	0
"Feb 26, 2015"	49		0	0
"Feb 27, 2015"	29		0	0
"Feb 28, 2015"	43		0	0
"Mar 01, 2015"	47		0	0
"Mar 02, 2015"	35		0	0
"Mar 03, 2015"	47		0	0
"Mar 04, 2015"	41		0	0
"Mar 05, 2015"	32		0	0
"Mar 06, 2015"	40		0	0
"Mar 07, 2015"	64		0	0
"Mar 08, 2015"	59		0	0
"Mar 09, 2015"	25		0	0
"Mar 10, 2015"	55		0	0
"Mar 11, 2015"	42		0	0
"Mar 12, 2015"	35		0	0
"Mar 13, 2015"	35		0	0
"Mar 14, 2015"	63		1	0
"Mar 15, 2015"	170		0	0
"Mar 16, 2015"	66		0	0
"Mar 17, 2015"	42		0	0
"Mar 18, 2015"	46		0	0
"Mar 19, 2015"	35		0	0
"Mar 20, 2015"	52		0	0
"Mar 21, 2015"	65		0	0
"Mar 22, 2015"	83		0	0
"Mar 23, 2015"	39		0	0
"Mar 24, 2015"	54		0	0
"Mar 25, 2015"	40		0	0
"Mar 26, 2015"	39		0	0
"Mar 27, 2015"	32		0	0
"Mar 28, 2015"	44		0	0
"Mar 29, 2015"	56		0	0
"Mar 30, 2015"	50		0	0
"Mar 31, 2015"	50		0	0
"Apr 01, 2015"	43		0	0
"Apr 02, 2015"	60		0	0
"Apr 03, 2015"	59		0	0
"Apr 04, 2015"	61		0	0
"Apr 05, 2015"	66		0	0
"Apr 06, 2015"	58		0	0
"Apr 07, 2015"	50		0	0
"Apr 08, 2015"	60		0	0
"Apr 09, 2015"	42		1	0
"Apr 10, 2015"	53		0	0
"Apr 11, 2015"	67		0	0
"Apr 12, 2015"	81		0	0
"Apr 13, 2015"	52		0	0
"Apr 14, 2015"	81		0	0
"Apr 15, 2015"	57		0	0
"Apr 16, 2015"	57		0	0
"Apr 17, 2015"	44		0	0
"Apr 18, 2015"	63		0	0
"Apr 19, 2015"	70		0	0
"Apr 20, 2015"	38		0	0
"Apr 21, 2015"	38		0	0
"Apr 22, 2015"	49		0	0
"Apr 23, 2015"	44		0	0
"Apr 24, 2015"	30		0	0
"Apr 25, 2015"	54		0	0
"Apr 26, 2015"	51		0	0
"Apr 27, 2015"	46		0	0
"Apr 28, 2015"	54		0	0
"Apr 29, 2015"	43		0	0
"Apr 30, 2015"	14		0	0
"May 01, 2015"	43		0	0
"May 02, 2015"	36		0	0
"May 03, 2015"	45		0	0
"May 04, 2015"	37		0	0
"May 05, 2015"	13		0	0
"May 06, 2015"	36		1	0
"May 07, 2015"	28		0	0
"May 08, 2015"	26		0	0
"May 09, 2015"	43		0	0
"May 10, 2015"	41		0	0
"May 11, 2015"	37		0	0
"May 12, 2015"	39		0	0
"May 13, 2015"	25		0	0
"May 14, 2015"	32		0	0
"May 15, 2015"	47		0	0
"May 16, 2015"	35		0	0
"May 17, 2015"	53		0	0
"May 18, 2015"	46		0	0
"May 19, 2015"	17		0	0
"May 20, 2015"	21		0	0
"May 21, 2015"	23		0	0
"May 22, 2015"	30		0	0
"May 23, 2015"	50		0	0
"May 24, 2015"	54		0	0
"May 25, 2015"	46		0	0
"May 26, 2015"	34		0	0
"May 27, 2015"	37		0	0
"May 28, 2015"	45		0	0
"May 29, 2015"	44		0	0
"May 30, 2015"	79		0	0
"May 31, 2015"	144		0	0
"Jun 01, 2015"	138		1	0
"Jun 02, 2015"	121		0	0
"Jun 03, 2015"	115		0	0
"Jun 04, 2015"	86		0	0
"Jun 05, 2015"	55		0	0
"Jun 06, 2015"	111		0	0
"Jun 07, 2015"	111		0	0
"Jun 08, 2015"	93		0	0
"Jun 09, 2015"	97		0	0
"Jun 10, 2015"	93		0	0
"Jun 11, 2015"	78		0	0
"Jun 12, 2015"	97		0	0
"Jun 13, 2015"	98		0	0
"Jun 14, 2015"	106		0	0
"Jun 15, 2015"	98		0	0
"Jun 16, 2015"	109		0	0
"Jun 17, 2015"	112		0	0
"Jun 18, 2015"	80		0	0
"Jun 19, 2015"	80		0	0
"Jun 20, 2015"	72		0	0
"Jun 21, 2015"	59		0	0
"Jun 22, 2015"	57		0	0
"Jun 23, 2015"	62		0	0
"Jun 24, 2015"	41		0	0
"Jun 25, 2015"	59		0	0
"Jun 26, 2015"	50		0	0
"Jun 27, 2015"	51		1	0
"Jun 28, 2015"	41		0	0
"Jun 29, 2015"	65		0	0
"Jun 30, 2015"	43		0	0
"Jul 01, 2015"	52		0	0
"Jul 02, 2015"	43		0	0
"Jul 03, 2015"	57		0	0
"Jul 04, 2015"	80		0	0
"Jul 05, 2015"	70		0	0
"Jul 06, 2015"	78		0	0
"Jul 07, 2015"	79		0	0
"Jul 08, 2015"	76		0	0
"Jul 09, 2015"	58		0	0
"Jul 10, 2015"	63		0	0
"Jul 11, 2015"	53		0	0
"Jul 12, 2015"	82		0	0
"Jul 13, 2015"	70		0	0
"Jul 14, 2015"	65		0	0
"Jul 15, 2015"	75		0	0
"Jul 16, 2015"	81		0	0
"Jul 17, 2015"	75		0	0
"Jul 18, 2015"	60		0	0
"Jul 19, 2015"	59		0	0
"Jul 20, 2015"	72		0	0
"Jul 21, 2015"	9		0	0
"Jul 22, 2015"	135		0	0
"Jul 23, 2015"	78		0	0
"Jul 24, 2015"	52		1	0
"Jul 25, 2015"	66		0	0
"Jul 26, 2015"	67		0	0
"Jul 27, 2015"	51		0	0
"Jul 28, 2015"	78		0	0
"Jul 29, 2015"	69		0	0
"Jul 30, 2015"	70		0	0
"Jul 31, 2015"	90		0	0
"Aug 01, 2015"	110		0	0
"Aug 02, 2015"	89		0	0
"Aug 03, 2015"	59		0	0
"Aug 04, 2015"	72		0	0
"Aug 05, 2015"	74		0	0
"Aug 06, 2015"	67		0	0
"Aug 07, 2015"	68		0	0
"Aug 08, 2015"	74		0	0
"Aug 09, 2015"	76		0	1
"Aug 10, 2015"	93		0	0
"Aug 11, 2015"	68		0	0
"Aug 12, 2015"	68		0	0
"Aug 13, 2015"	118		0	0
"Aug 14, 2015"	125		0	0
"Aug 15, 2015"	102		0	0
"Aug 16, 2015"	83		0	0
"Aug 17, 2015"	93		0	0
"Aug 18, 2015"	81		0	0
"Aug 19, 2015"	82		1	0
"Aug 20, 2015"	105		0	0
"Aug 21, 2015"	82		0	0
"Aug 22, 2015"	129		0	0
"Aug 23, 2015"	282		0	0
"Aug 24, 2015"	238		0	0
"Aug 25, 2015"	169		0	0
"Aug 26, 2015"	157		0	0
"Aug 27, 2015"	187		0	0
"Aug 28, 2015"	186		0	0
"Aug 29, 2015"	138		0	0
"Aug 30, 2015"	125		0	0
"Aug 31, 2015"	121		0	0
"Sep 01, 2015"	81		0	0
"Sep 02, 2015"	164		0	0
"Sep 03, 2015"	150		0	0
"Sep 04, 2015"	141		0	0
"Sep 05, 2015"	157		0	0
"Sep 06, 2015"	163		0	0
"Sep 07, 2015"	128		0	0
"Sep 08, 2015"	87		0	0
"Sep 09, 2015"	98		0	0
"Sep 10, 2015"	77		0	0
"Sep 11, 2015"	127		0	0
"Sep 12, 2015"	170		0	0
"Sep 13, 2015"	145		0	0
"Sep 14, 2015"	96		0	0
"Sep 15, 2015"	118		1	0
"Sep 16, 2015"	69		0	0
"Sep 17, 2015"	94		0	0
"Sep 18, 2015"	90		0	0
"Sep 19, 2015"	137		0	0
"Sep 20, 2015"	144		0	0
"Sep 21, 2015"	158		0	0
"Sep 22, 2015"	73		0	0
"Sep 23, 2015"	119		0	0
"Sep 24, 2015"	95		0	0
"Sep 25, 2015"	83		0	0
"Sep 26, 2015"	68		0	0
"Sep 27, 2015"	128		0	0
"Sep 28, 2015"	98		0	0
"Sep 29, 2015"	70		0	0
"Sep 30, 2015"	90		0	0
"Oct 01, 2015"	88		0	0
"Oct 02, 2015"	85		0	0
"Oct 03, 2015"	126		0	0
"Oct 04, 2015"	147		0	0
"Oct 05, 2015"	82		0	0
"Oct 06, 2015"	71		0	0
"Oct 07, 2015"	47		0	0
"Oct 08, 2015"	59		0	0
"Oct 09, 2015"	125		0	0
"Oct 10, 2015"	137		0	0
"Oct 11, 2015"	107		1	0
"Oct 12, 2015"	89		0	0
"Oct 13, 2015"	48		0	0
"Oct 14, 2015"	67		0	0
"Oct 15, 2015"	61		0	0
"Oct 16, 2015"	128		0	0
"Oct 17, 2015"	142		0	0
"Oct 18, 2015"	156		0	0
"Oct 19, 2015"	106		0	0
"Oct 20, 2015"	110		0	0
"Oct 21, 2015"	98		0	0
"Oct 22, 2015"	74		0	0
"Oct 23, 2015"	133		0	0
"Oct 24, 2015"	148		0	0
"Oct 25, 2015"	148		0	0
"Oct 26, 2015"	111		0	0
"Oct 27, 2015"	125		0	0
"Oct 28, 2015"	123		0	0
"Oct 29, 2015"	159		0	0
"Oct 30, 2015"	109		0	0
"Oct 31, 2015"	114		0	0
"Nov 01, 2015"	188		0	0
"Nov 02, 2015"	119		0	0
"Nov 03, 2015"	75		0	0
"Nov 04, 2015"	109		0	0
"Nov 05, 2015"	81		0	0
"Nov 06, 2015"	99		1	0
"Nov 07, 2015"	129		0	0
"Nov 08, 2015"	157		0	0
"Nov 09, 2015"	128		0	0
"Nov 10, 2015"	99		0	0
"Nov 11, 2015"	101		0	0
"Nov 12, 2015"	94		0	0
"Nov 13, 2015"	53		0	0
"Nov 14, 2015"	122		0	0
"Nov 15, 2015"	129		0	0
"Nov 16, 2015"	112		0	0
"Nov 17, 2015"	95		0	0
"Nov 18, 2015"	101		0	0
"Nov 19, 2015"	79		0	0
"Nov 20, 2015"	110		0	0
"Nov 21, 2015"	124		0	0
"Nov 22, 2015"	111		0	0
"Nov 23, 2015"	89		0	0
"Nov 24, 2015"	76		0	0
"Nov 25, 2015"	111		0	0
"Nov 26, 2015"	84		0	0
"Nov 27, 2015"	76		0	0
"Nov 28, 2015"	132		0	0
"Nov 29, 2015"	118		0	0
"Nov 30, 2015"	112		0	0
"Dec 01, 2015"	75		0	0
"Dec 02, 2015"	85		0	0
"Dec 03, 2015"	64		1	0
"Dec 04, 2015"	61		0	0
"Dec 05, 2015"	153		0	0
"Dec 06, 2015"	124		0	0
"Dec 07, 2015"	80		0	0
"Dec 08, 2015"	56		0	0
"Dec 09, 2015"	82		0	0
"Dec 10, 2015"	67		0	0
"Dec 11, 2015"	64		0	0
"Dec 12, 2015"	125		0	0
"Dec 13, 2015"	139		0	0
"Dec 14, 2015"	112		0	0
"Dec 15, 2015"	72		0	0
"Dec 16, 2015"	71		0	0
"Dec 17, 2015"	70		0	0
"Dec 18, 2015"	61		0	0
"Dec 19, 2015"	91		0	0
"Dec 20, 2015"	99		0	0
"Dec 21, 2015"	88		0	0
"Dec 22, 2015"	83		0	0
"Dec 23, 2015"	77		0	0
"Dec 24, 2015"	108		0	0
"Dec 25, 2015"	132		0	0
"Dec 26, 2015"	246		0	0
"Dec 27, 2015"	470		0	0
"Dec 28, 2015"	329		0	0
"Dec 29, 2015"	293		1	0
"Dec 30, 2015"	280		0	0
"Dec 31, 2015"	281		0	0
"Jan 01, 2016"	446		0	0
"Jan 02, 2016"	353		0	0
"Jan 03, 2016"	329		0	0
"Jan 04, 2016"	145		0	0
"Jan 05, 2016"	171		0	0
"Jan 06, 2016"	170		0	0
"Jan 07, 2016"	150		0	0
"Jan 08, 2016"	159		0	0
"Jan 09, 2016"	274		0	0
"Jan 10, 2016"	198		0	0
"Jan 11, 2016"	124		0	0
"Jan 12, 2016"	183		0	0
"Jan 13, 2016"	244		0	0
"Jan 14, 2016"	252		0	0
"Jan 15, 2016"	233		0	0
"Jan 16, 2016"	229		0	0
"Jan 17, 2016"	200		0	0
"Jan 18, 2016"	190		0	0
"Jan 19, 2016"	121		0	0
"Jan 20, 2016"	194		0	0
"Jan 21, 2016"	161		0	0
"Jan 22, 2016"	173		0	0
"Jan 23, 2016"	94		0	0
"Jan 24, 2016"	77		0	0
"Jan 25, 2016"	151		1	0
"Jan 26, 2016"	201		0	0
"Jan 27, 2016"	210		0	0
"Jan 28, 2016"	130		0	0
"Jan 29, 2016"	205		0	0
"Jan 30, 2016"	335		0	0
"Jan 31, 2016"	282		0	0
"Feb 01, 2016"	134		0	0
"Feb 02, 2016"	128		0	0
"Feb 03, 2016"	126		0	0
"Feb 04, 2016"	151		0	0
"Feb 05, 2016"	60		0	0
"Feb 06, 2016"	63		0	0
"Feb 07, 2016"	83		0	0
"Feb 08, 2016"	88		0	0
"Feb 09, 2016"	106		0	0
"Feb 10, 2016"	139		0	0
"Feb 11, 2016"	242		0	0
"Feb 12, 2016"	856		0	0
"Feb 13, 2016"	589		0	0
"Feb 14, 2016"	499		0	0
"Feb 15, 2016"	336		0	0
"Feb 16, 2016"	235		0	0
"Feb 17, 2016"	16		0	0
"Feb 18, 2016"	130		0	0
"Feb 19, 2016"	189		0	0
"Feb 20, 2016"	197		1	0
"Feb 21, 2016"	281		0	0
"Feb 22, 2016"	1797		0	0
"Feb 23, 2016"	1194		0	0
"Feb 24, 2016"	419		0	0
"Feb 25, 2016"	115		0	0
"Feb 26, 2016"	145		0	0
"Feb 27, 2016"	242		0	0
"Feb 28, 2016"	239		0	0
"Feb 29, 2016"	122		0	0
"Mar 01, 2016"	135		0	0
"Mar 02, 2016"	134		0	0
"Mar 03, 2016"	131		0	0
"Mar 04, 2016"	153		0	0
"Mar 05, 2016"	196		0	0
"Mar 06, 2016"	151		0	0
"Mar 07, 2016"	116		0	0
"Mar 08, 2016"	66		0	0
"Mar 09, 2016"	91		0	0
"Mar 10, 2016"	186		0	0
"Mar 11, 2016"	13		0	0
"Mar 12, 2016"	77		0	1
"Mar 13, 2016"	122		0	0
"Mar 14, 2016"	94		0	0
"Mar 15, 2016"	122		0	0
"Mar 16, 2016"	81		0	0
"Mar 17, 2016"	109		1	0
"Mar 18, 2016"	107		0	0
"Mar 19, 2016"	203		0	0
"Mar 20, 2016"	137		0	0
"Mar 21, 2016"	132		0	0
"Mar 22, 2016"	100		0	0
"Mar 23, 2016"	80		0	0
"Mar 24, 2016"	129		0	0
"Mar 25, 2016"	148		0	0
"Mar 26, 2016"	157		0	0
"Mar 27, 2016"	156		0	0
"Mar 28, 2016"	109		0	0
"Mar 29, 2016"	105		0	0
"Mar 30, 2016"	101		0	0
"Mar 31, 2016"	103		0	0
"Apr 01, 2016"	78		0	0
"Apr 02, 2016"	135		0	0
"Apr 03, 2016"	157		0	0
"Apr 04, 2016"	97		0	0
"Apr 05, 2016"	90		0	0
"Apr 06, 2016"	104		0	0
"Apr 07, 2016"	57		0	0
"Apr 08, 2016"	39		0	0
"Apr 09, 2016"	61		0	0
"Apr 10, 2016"	79		0	0
"Apr 11, 2016"	64		0	0
"Apr 12, 2016"	75		0	0
"Apr 13, 2016"	80		1	0
"Apr 14, 2016"	96		0	0
"Apr 15, 2016"	66		0	0
"Apr 16, 2016"	201		0	0
"Apr 17, 2016"	77		0	0
"Apr 18, 2016"	139		0	0
"Apr 19, 2016"	143		0	0
"Apr 20, 2016"	112		0	0
"Apr 21, 2016"	58		0	0
"Apr 22, 2016"	70		0	0
"Apr 23, 2016"	110		0	0
"Apr 24, 2016"	99		0	0
"Apr 25, 2016"	96		0	0
"Apr 26, 2016"	62		0	0
"Apr 27, 2016"	68		0	0
"Apr 28, 2016"	31		0	0
"Apr 29, 2016"	94		0	0
"Apr 30, 2016"	78		0	0
"May 01, 2016"	98		0	0
"May 02, 2016"	38		0	0
"May 03, 2016"	63		0	0
"May 04, 2016"	80		0	0
"May 05, 2016"	94		0	0
"May 06, 2016"	58		0	0
"May 07, 2016"	113		0	0
"May 08, 2016"	108		0	0
"May 09, 2016"	107		1	0
"May 10, 2016"	126		0	0
"May 11, 2016"	49		0	0
"May 12, 2016"	81		0	0
"May 13, 2016"	95		0	0
"May 14, 2016"	93		0	0
"May 15, 2016"	128		0	0
"May 16, 2016"	114		0	0
"May 17, 2016"	71		0	0
"May 18, 2016"	75		0	0
"May 19, 2016"	80		0	0
"May 20, 2016"	81		0	0
"May 21, 2016"	125		0	0
"May 22, 2016"	151		0	0
"May 23, 2016"	93		0	0
"May 24, 2016"	97		0	0
"May 25, 2016"	92		0	0
"May 26, 2016"	73		0	0
"May 27, 2016"	80		0	0
"May 28, 2016"	154		0	0
"May 29, 2016"	131		0	0
"May 30, 2016"	157		0	0
"May 31, 2016"	85		0	0
"Jun 01, 2016"	273		0	0
"Jun 02, 2016"	274		0	0
"Jun 03, 2016"	238		0	0
"Jun 04, 2016"	253		0	0
"Jun 05, 2016"	192		1	0
"Jun 06, 2016"	147		0	0
"Jun 07, 2016"	165		0	0
"Jun 08, 2016"	143		0	0
"Jun 09, 2016"	150		0	0
"Jun 10, 2016"	118		0	0
"Jun 11, 2016"	164		0	0
"Jun 12, 2016"	159		0	0
"Jun 13, 2016"	138		0	0
"Jun 14, 2016"	389		0	0
"Jun 15, 2016"	179		0	0
"Jun 16, 2016"	179		0	0
"Jun 17, 2016"	178		0	0
"Jun 18, 2016"	192		0	0
"Jun 19, 2016"	174		0	0
"Jun 20, 2016"	201		0	0
"Jun 21, 2016"	173		0	0
"Jun 22, 2016"	194		0	0
"Jun 23, 2016"	318		0	0
"Jun 24, 2016"	1750		0	0
"Jun 25, 2016"	1944		0	0
"Jun 26, 2016"	1413		0	0
"Jun 27, 2016"	1429		0	0
"Jun 28, 2016"	-1411		0	0
"Jun 29, 2016"	747		0	0
"Jun 30, 2016"	662		0	0
"Jul 01, 2016"	692		1	0
"Jul 02, 2016"	120		0	0
"Jul 03, 2016"	189		0	0
"Jul 04, 2016"	196		0	0
"Jul 05, 2016"	264		0	0
"Jul 06, 2016"	186		0	0
"Jul 07, 2016"	180		0	0
"Jul 08, 2016"	205		0	0
"Jul 09, 2016"	199		0	0
"Jul 10, 2016"	179		0	0
"Jul 11, 2016"	193		0	0
"Jul 12, 2016"	175		0	0
"Jul 13, 2016"	170		0	0
"Jul 14, 2016"	163		0	0
"Jul 15, 2016"	120		0	0
"Jul 16, 2016"	112		0	0
"Jul 17, 2016"	127		0	0
"Jul 18, 2016"	109		0	0
"Jul 19, 2016"	133		0	0
"Jul 20, 2016"	124		0	0
"Jul 21, 2016"	110		0	0
"Jul 22, 2016"	116		0	0
"Jul 23, 2016"	65		0	0
"Jul 24, 2016"	107		0	0
"Jul 25, 2016"	93		0	0
"Jul 26, 2016"	85		0	0
"Jul 27, 2016"	96		1	0
"Jul 28, 2016"	150		0	0
"Jul 29, 2016"	116		0	0
"Jul 30, 2016"	73		0	0
"Jul 31, 2016"	145		0	0
"Aug 01, 2016"	120		0	0
"Aug 02, 2016"	145		0	0
"Aug 03, 2016"	138		0	0
"Aug 04, 2016"	151		0	0
"Aug 05, 2016"	122		0	0
"Aug 06, 2016"	168		0	0
"Aug 07, 2016"	220		0	0
"Aug 08, 2016"	157		0	0
"Aug 09, 2016"	518		0	0
"Aug 10, 2016"	1887		0	0
"Aug 11, 2016"	2125		0	0
"Aug 12, 2016"	1493		0	0
"Aug 13, 2016"	194		0	0
"Aug 14, 2016"	319		0	0
"Aug 15, 2016"	183		0	0
"Aug 16, 2016"	206		0	0
"Aug 17, 2016"	200		0	0
"Aug 18, 2016"	181		0	0
"Aug 19, 2016"	961		0	0
"Aug 20, 2016"	925		0	0
"Aug 21, 2016"	850		0	0
"Aug 22, 2016"	453		0	0
"Aug 23, 2016"	159		1	0
"Aug 24, 2016"	135		0	0
"Aug 25, 2016"	123		0	0
"Aug 26, 2016"	112		0	0
"Aug 27, 2016"	110		0	0
"Aug 28, 2016"	206		0	0
"Aug 29, 2016"	194		0	0
"Aug 30, 2016"	102		0	0
"Aug 31, 2016"	74		0	0
"Sep 01, 2016"	92		0	0
"Sep 02, 2016"	127		0	0
"Sep 03, 2016"	186		0	0
"Sep 04, 2016"	180		0	0
"Sep 05, 2016"	159		0	0
"Sep 06, 2016"	84		0	0
"Sep 07, 2016"	89		0	0
"Sep 08, 2016"	102		0	0
"Sep 09, 2016"	87		0	0
"Sep 10, 2016"	102		0	0
"Sep 11, 2016"	123		0	0
"Sep 12, 2016"	121		0	0
"Sep 13, 2016"	106		0	0
"Sep 14, 2016"	95		0	0
"Sep 15, 2016"	99		0	0
"Sep 16, 2016"	108		0	0
"Sep 17, 2016"	154		0	0
"Sep 18, 2016"	120		1	0
"Sep 19, 2016"	91		0	0
"Sep 20, 2016"	111		0	0
"Sep 21, 2016"	55		0	0
"Sep 22, 2016"	48		0	0
"Sep 23, 2016"	49		0	0
"Sep 24, 2016"	101		0	0
"Sep 25, 2016"	152		0	0
"Sep 26, 2016"	27		0	0
"Sep 27, 2016"	52		0	0
"Sep 28, 2016"	59		0	0
"Sep 29, 2016"	68		0	0
"Sep 30, 2016"	72		0	0
"Oct 01, 2016"	102		0	0
"Oct 02, 2016"	121		0	0
"Oct 03, 2016"	78		0	0
"Oct 04, 2016"	82		0	0
"Oct 05, 2016"	40		0	0
"Oct 06, 2016"	65		0	0
"Oct 07, 2016"	85		0	0
"Oct 08, 2016"	92		0	0
"Oct 09, 2016"	109		0	0
"Oct 10, 2016"	112		0	0
"Oct 11, 2016"	95		0	0
"Oct 12, 2016"	70		0	0
"Oct 13, 2016"	54		0	0
"Oct 14, 2016"	53		1	1
"Oct 15, 2016"	71		0	0
"Oct 16, 2016"	77		0	0
"Oct 17, 2016"	57		0	0
"Oct 18, 2016"	15		0	0
"Oct 19, 2016"	58		0	0
"Oct 20, 2016"	48		0	0
"Oct 21, 2016"	54		0	0
"Oct 22, 2016"	107		0	0
"Oct 23, 2016"	145		0	0
"Oct 24, 2016"	88		0	0
"Oct 25, 2016"	88		0	0
"Oct 26, 2016"	110		0	0
"Oct 27, 2016"	92		0	0
"Oct 28, 2016"	79		0	0
"Oct 29, 2016"	162		0	0
"Oct 30, 2016"	139		0	0
"Oct 31, 2016"	60		0	0
"Nov 01, 2016"	76		0	0
"Nov 02, 2016"	-47		0	0
"Nov 03, 2016"	56		0	0
"Nov 04, 2016"	32		0	0
"Nov 05, 2016"	40		0	0
"Nov 06, 2016"	116		0	0
"Nov 07, 2016"	57		0	0
"Nov 08, 2016"	55		0	0
"Nov 09, 2016"	44		0	0
"Nov 10, 2016"	45		1	0
"Nov 11, 2016"	95		0	0
"Nov 12, 2016"	133		0	0
"Nov 13, 2016"	93		0	0
"Nov 14, 2016"	76		0	0
"Nov 15, 2016"	17		0	0
"Nov 16, 2016"	-11		0	0
"Nov 17, 2016"	36		0	0
"Nov 18, 2016"	63		0	0
"Nov 19, 2016"	65		0	0
"Nov 20, 2016"	69		0	0
"Nov 21, 2016"	28		0	0
"Nov 22, 2016"	21		0	0
"Nov 23, 2016"	44		0	0
"Nov 24, 2016"	64		0	0
"Nov 25, 2016"	74		0	0
"Nov 26, 2016"	99		0	0
"Nov 27, 2016"	105		0	0
"Nov 28, 2016"	64		0	0
"Nov 29, 2016"	84		0	0
"Nov 30, 2016"	56		0	0
"Dec 01, 2016"	79		0	0
"Dec 02, 2016"	30		0	0
"Dec 03, 2016"	60		0	0
"Dec 04, 2016"	40		0	0
"Dec 05, 2016"	51		0	0
"Dec 06, 2016"	83		1	0
"Dec 07, 2016"	72		0	0
"Dec 08, 2016"	57		0	0
"Dec 09, 2016"	63		0	0
"Dec 10, 2016"	133		0	0
"Dec 11, 2016"	104		0	0
"Dec 12, 2016"	124		0	0
"Dec 13, 2016"	107		0	0
"Dec 14, 2016"	56		0	0
"Dec 15, 2016"	82		0	0
"Dec 16, 2016"	79		0	0
"Dec 17, 2016"	207		0	0
"Dec 18, 2016"	169		0	0
"Dec 19, 2016"	87		0	0
"Dec 20, 2016"	80		0	0
"Dec 21, 2016"	89		0	0
"Dec 22, 2016"	71		0	0
"Dec 23, 2016"	89		0	0
"Dec 24, 2016"	38		0	0
"Dec 25, 2016"	74		0	0
"Dec 26, 2016"	140		0	0
"Dec 27, 2016"	118		0	0
"Dec 28, 2016"	93		0	0
"Dec 29, 2016"	109		0	0
"Dec 30, 2016"	111		0	0
"Dec 31, 2016"	96		0	0
"Jan 01, 2017"	113		0	0
"Jan 02, 2017"	102		1	0
"Jan 03, 2017"	116		0	0
"Jan 04, 2017"	238		0	0
"Jan 05, 2017"	104		0	0
"Jan 06, 2017"	83		0	0
"Jan 07, 2017"	131		0	0
"Jan 08, 2017"	120		0	0
"Jan 09, 2017"	86		0	0
"Jan 10, 2017"	69		0	0
"Jan 11, 2017"	76		0	0
"Jan 12, 2017"	96		0	0
"Jan 13, 2017"	109		0	0
"Jan 14, 2017"	115		0	0
"Jan 15, 2017"	126		0	0
"Jan 16, 2017"	192		0	0
"Jan 17, 2017"	157		0	0
"Jan 18, 2017"	189		0	0
"Jan 19, 2017"	185		0	0
"Jan 20, 2017"	168		0	0
"Jan 21, 2017"	214		0	0
"Jan 22, 2017"	274		0	0
"Jan 23, 2017"	166		0	0
"Jan 24, 2017"	173		0	0
"Jan 25, 2017"	174		0	0
"Jan 26, 2017"	78		0	0
"Jan 27, 2017"	112		0	0
"Jan 28, 2017"	219		1	0
"Jan 29, 2017"	334		0	0
"Jan 30, 2017"	231		0	0
"Jan 31, 2017"	162		0	0
"Feb 01, 2017"	167		0	0
"Feb 02, 2017"	171		0	0
"Feb 03, 2017"	102		0	0
"Feb 04, 2017"	94		0	0
"Feb 05, 2017"	130		0	0
"Feb 06, 2017"	58		0	0
"Feb 07, 2017"	125		0	0
"Feb 08, 2017"	35		0	0
"Feb 09, 2017"	199		0	0
"Feb 10, 2017"	74		0	0
"Feb 11, 2017"	139		0	0
"Feb 12, 2017"	106		0	0
"Feb 13, 2017"	148		0	0
"Feb 14, 2017"	124		0	0
"Feb 15, 2017"	210		0	0
"Feb 16, 2017"	308		0	0
"Feb 17, 2017"	726		0	0
"Feb 18, 2017"	694		0	0
"Feb 19, 2017"	626		0	0
"Feb 20, 2017"	723		0	0
"Feb 21, 2017"	328		0	0
"Feb 22, 2017"	475		0	0
"Feb 23, 2017"	411		1	0
"Feb 24, 2017"	397		0	0
"Feb 25, 2017"	681		0	0
"Feb 26, 2017"	1192		0	0
"Feb 27, 2017"	1659		0	0
"Feb 28, 2017"	1295		0	0
"Mar 01, 2017"	775		0	0
"Mar 02, 2017"	1016		0	0
"Mar 03, 2017"	754		0	0
"Mar 04, 2017"	493		0	0
"Mar 05, 2017"	961		0	0
"Mar 06, 2017"	929		0	0
"Mar 07, 2017"	450		0	0
"Mar 08, 2017"	530		0	0
"Mar 09, 2017"	192		0	0
"Mar 10, 2017"	55		0	0
"Mar 11, 2017"	103		0	0
"Mar 12, 2017"	120		0	0
"Mar 13, 2017"	162		0	0
"Mar 14, 2017"	189		0	0
"Mar 15, 2017"	162		0	0
"Mar 16, 2017"	126		0	0
"Mar 17, 2017"	150		0	0
"Mar 18, 2017"	160		0	0
"Mar 19, 2017"	194		0	0
"Mar 20, 2017"	177		0	0
"Mar 21, 2017"	143		0	0
"Mar 22, 2017"	136		1	0
"Mar 23, 2017"	193		0	0
"Mar 24, 2017"	223		0	0
"Mar 25, 2017"	235		0	0
"Mar 26, 2017"	274		0	0
"Mar 27, 2017"	239		0	0
"Mar 28, 2017"	220		0	0
"Mar 29, 2017"	192		0	0
"Mar 30, 2017"	222		0	0
"Mar 31, 2017"	193		0	0
"Apr 01, 2017"	252		0	0
"Apr 02, 2017"	216		0	0
"Apr 03, 2017"	162		0	0
"Apr 04, 2017"	254		0	0
"Apr 05, 2017"	220		0	0
"Apr 06, 2017"	169		0	0
"Apr 07, 2017"	144		0	0
"Apr 08, 2017"	157		0	0
"Apr 09, 2017"	211		0	0
"Apr 10, 2017"	188		0	0
"Apr 11, 2017"	290		0	0
"Apr 12, 2017"	212		0	0
"Apr 13, 2017"	167		0	0
"Apr 14, 2017"	325		0	0
"Apr 15, 2017"	287		0	0
"Apr 16, 2017"	238		0	0
"Apr 17, 2017"	862		1	0
"Apr 18, 2017"	477		0	0
"Apr 19, 2017"	277		0	0
"Apr 20, 2017"	221		0	0
"Apr 21, 2017"	167		0	0
"Apr 22, 2017"	273		0	0
"Apr 23, 2017"	402		0	0
"Apr 24, 2017"	338		0	0
"Apr 25, 2017"	284		0	0
"Apr 26, 2017"	217		0	0
"Apr 27, 2017"	224		0	0
"Apr 28, 2017"	254		0	0
"Apr 29, 2017"	307		0	0
"Apr 30, 2017"	389		0	0
"May 01, 2017"	377		0	0
"May 02, 2017"	264		0	0
"May 03, 2017"	239		0	0
"May 04, 2017"	209		0	0
"May 05, 2017"	268		0	0
"May 06, 2017"	340		0	0
"May 07, 2017"	586		0	0
"May 08, 2017"	214		0	0
"May 09, 2017"	373		0	0
"May 10, 2017"	245		0	0
"May 11, 2017"	171		0	0
"May 12, 2017"	187		0	0
"May 13, 2017"	234		0	0
"May 14, 2017"	487		1	0
"May 15, 2017"	302		0	0
"May 16, 2017"	238		0	0
"May 17, 2017"	226		0	0
"May 18, 2017"	30		0	0
"May 19, 2017"	130		0	1
"May 20, 2017"	271		0	0
"May 21, 2017"	187		0	0
"May 22, 2017"	124		0	0
"May 23, 2017"	169		0	0
"May 24, 2017"	190		0	0
"May 25, 2017"	202		0	0
"May 26, 2017"	272		0	0
"May 27, 2017"	331		0	0
"May 28, 2017"	213		0	0
"May 29, 2017"	213		0	0
"May 30, 2017"	336		0	0
"May 31, 2017"	184		0	0
"Jun 01, 2017"	273		0	0
"Jun 02, 2017"	135		0	0
"Jun 03, 2017"	215		0	0
"Jun 04, 2017"	393		0	0
"Jun 05, 2017"	767		0	0
"Jun 06, 2017"	2328		0	0
"Jun 07, 2017"	2597		0	0
"Jun 08, 2017"	2055		0	0
"Jun 09, 2017"	1244		1	0
"Jun 10, 2017"	819		0	0
"Jun 11, 2017"	1988		0	0
"Jun 12, 2017"	1528		0	0
"Jun 13, 2017"	1170		0	0
"Jun 14, 2017"	1057		0	0
"Jun 15, 2017"	1021		0	0
"Jun 16, 2017"	1123		0	0
"Jun 17, 2017"	1154		0	0
"Jun 18, 2017"	1185		0	0
"Jun 19, 2017"	1028		0	0
"Jun 20, 2017"	1107		0	0
"Jun 21, 2017"	1322		0	0
"Jun 22, 2017"	1251		0	0
"Jun 23, 2017"	1191		0	0
"Jun 24, 2017"	1381		0	0
"Jun 25, 2017"	1402		0	0
"Jun 26, 2017"	1401		0	0
"Jun 27, 2017"	1125		0	0
"Jun 28, 2017"	1554		0	0
"Jun 29, 2017"	1516		0	0
"Jun 30, 2017"	3070		0	0
"Jul 01, 2017"	1910		0	0
"Jul 02, 2017"	2175		0	0
"Jul 03, 2017"	865		0	0
"Jul 04, 2017"	2062		0	0
"Jul 05, 2017"	1609		1	0
"Jul 06, 2017"	2030		0	0
"Jul 07, 2017"	1468		0	0
"Jul 08, 2017"	2568		0	0
"Jul 09, 2017"	2048		0	0
"Jul 10, 2017"	1800		0	0
"Jul 11, 2017"	1053		0	0
"Jul 12, 2017"	539		0	0
"Jul 13, 2017"	760		0	0
"Jul 14, 2017"	436		0	0
"Jul 15, 2017"	1252		0	0
"Jul 16, 2017"	1363		0	0
"Jul 17, 2017"	840		0	0
"Jul 18, 2017"	1276		0	0
"Jul 19, 2017"	2834		0	0
"Jul 20, 2017"	4135		0	0
"Jul 21, 2017"	4198		0	0
"Jul 22, 2017"	4848		0	0
"Jul 23, 2017"	4516		0	0
"Jul 24, 2017"	5696		0	0
"Jul 25, 2017"	3040		0	0
"Jul 26, 2017"	3334		0	0
"Jul 27, 2017"	3052		0	0
"Jul 28, 2017"	6962		0	0
"Jul 29, 2017"	4497		0	0
"Jul 30, 2017"	2147		0	0
"Jul 31, 2017"	44		0	0
"Aug 01, 2017"	2722		1	0
"Aug 02, 2017"	3182		0	0
"Aug 03, 2017"	1494		0	0
"Aug 04, 2017"	1153		0	0
"Aug 05, 2017"	3566		0	0
"Aug 06, 2017"	1699		0	0
"Aug 07, 2017"	1160		0	0
"Aug 08, 2017"	1259		0	0
"Aug 09, 2017"	1369		0	0
"Aug 10, 2017"	920		0	0
"Aug 11, 2017"	1252		0	0
"Aug 12, 2017"	1397		0	0
"Aug 13, 2017"	495		0	0
"Aug 14, 2017"	715		0	0
"Aug 15, 2017"	649		0	0
"Aug 16, 2017"	611		0	0
"Aug 17, 2017"	597		0	0
"Aug 18, 2017"	714		0	0
"Aug 19, 2017"	615		0	0
"Aug 20, 2017"	465		0	0
"Aug 21, 2017"	352		0	0
"Aug 22, 2017"	545		0	0
"Aug 23, 2017"	839		0	0
"Aug 24, 2017"	437		0	0
"Aug 25, 2017"	316		0	0
"Aug 26, 2017"	578		0	0
"Aug 27, 2017"	580		1	0
"Aug 28, 2017"	609		0	0
"Aug 29, 2017"	480		0	0
"Aug 30, 2017"	594		0	0
"Aug 31, 2017"	600		0	0
"Sep 01, 2017"	886		0	0
"Sep 02, 2017"	828		0	0
"Sep 03, 2017"	1018		0	0
"Sep 04, 2017"	1285		0	0
"Sep 05, 2017"	859		0	0
"Sep 06, 2017"	745		0	0
"Sep 07, 2017"	787		0	0
"Sep 08, 2017"	616		0	0
"Sep 09, 2017"	876		0	0
"Sep 10, 2017"	952		0	0
"Sep 11, 2017"	520		0	0
"Sep 12, 2017"	473		0	0
"Sep 13, 2017"	465		0	0
"Sep 14, 2017"	491		0	0
"Sep 15, 2017"	308		0	0
"Sep 16, 2017"	452		0	0
"Sep 17, 2017"	438		0	0
"Sep 18, 2017"	360		0	0
"Sep 19, 2017"	365		0	0
"Sep 20, 2017"	507		0	0
"Sep 21, 2017"	493		0	0
"Sep 22, 2017"	371		0	0
"Sep 23, 2017"	578		1	0
"Sep 24, 2017"	909		0	0
"Sep 25, 2017"	1286		0	0
"Sep 26, 2017"	640		0	0
"Sep 27, 2017"	707		0	0
"Sep 28, 2017"	753		0	0
"Sep 29, 2017"	619		0	0
"Sep 30, 2017"	846		0	0
"Oct 01, 2017"	1583		0	0
"Oct 02, 2017"	1808		0	0
"Oct 03, 2017"	1293		0	0
"Oct 04, 2017"	1368		0	0
"Oct 05, 2017"	1698		0	0
"Oct 06, 2017"	1365		0	0
"Oct 07, 2017"	2420		0	0
"Oct 08, 2017"	2025		0	0
"Oct 09, 2017"	1456		0	0
"Oct 10, 2017"	986		0	0
"Oct 11, 2017"	1226		0	0
"Oct 12, 2017"	1294		0	0
"Oct 13, 2017"	888		0	0
"Oct 14, 2017"	2437		0	0
"Oct 15, 2017"	9077		0	0
"Oct 16, 2017"	3543		0	0
"Oct 17, 2017"	1501		0	0
"Oct 18, 2017"	1157		0	0
"Oct 19, 2017"	834		1	0
"Oct 20, 2017"	863		0	0
"Oct 21, 2017"	1068		0	0
"Oct 22, 2017"	1036		0	0
"Oct 23, 2017"	768		0	0
"Oct 24, 2017"	729		0	0
"Oct 25, 2017"	845		0	0
"Oct 26, 2017"	801		0	0
"Oct 27, 2017"	637		0	0
"Oct 28, 2017"	2599		0	0
"Oct 29, 2017"	2434		0	0
"Oct 30, 2017"	818		0	0
"Oct 31, 2017"	619		0	0
"Nov 01, 2017"	624		0	0
"Nov 02, 2017"	520		0	0
"Nov 03, 2017"	378		0	0
"Nov 04, 2017"	543		0	0
"Nov 05, 2017"	708		0	0
"Nov 06, 2017"	497		0	0
"Nov 07, 2017"	921		0	0
"Nov 08, 2017"	384		0	0
"Nov 09, 2017"	135		0	0
"Nov 10, 2017"	405		0	0
"Nov 11, 2017"	2627		0	0
"Nov 12, 2017"	1360		0	0
"Nov 13, 2017"	605		0	0
"Nov 14, 2017"	381		1	0
"Nov 15, 2017"	437		0	0
"Nov 16, 2017"	638		0	0
"Nov 17, 2017"	1322		0	0
"Nov 18, 2017"	539		0	0
"Nov 19, 2017"	571		0	0
"Nov 20, 2017"	1243		0	0
"Nov 21, 2017"	715		0	0
"Nov 22, 2017"	308		0	0
"Nov 23, 2017"	759		0	0
"Nov 24, 2017"	728		0	0
"Nov 25, 2017"	699		0	0
"Nov 26, 2017"	712		0	0
"Nov 27, 2017"	490		0	0
"Nov 28, 2017"	533		0	0
"Nov 29, 2017"	485		0	0
"Nov 30, 2017"	670		0	0
"Dec 01, 2017"	539		0	0
"Dec 02, 2017"	931		0	0
"Dec 03, 2017"	852		0	0
"Dec 04, 2017"	426		0	0
"Dec 05, 2017"	323		0	0
"Dec 06, 2017"	573		0	0
"Dec 07, 2017"	586		0	0
"Dec 08, 2017"	393		0	0
"Dec 09, 2017"	619		0	0
"Dec 10, 2017"	424		0	0
"Dec 11, 2017"	501		1	0
"Dec 12, 2017"	455		0	0
"Dec 13, 2017"	405		0	0
"Dec 14, 2017"	367		0	0
"Dec 15, 2017"	357		0	0
"Dec 16, 2017"	429		0	0
"Dec 17, 2017"	379		0	0
"Dec 18, 2017"	403		0	0
"Dec 19, 2017"	399		0	0
"Dec 20, 2017"	495		0	0
"Dec 21, 2017"	517		0	1
"Dec 22, 2017"	581		0	0
"Dec 23, 2017"	912		0	0
"Dec 24, 2017"	724		0	0
"Dec 25, 2017"	838		0	0
"Dec 26, 2017"	1009		0	0
"Dec 27, 2017"	859		0	0
"Dec 28, 2017"	725		0	0
"Dec 29, 2017"	1167		0	0
"Dec 30, 2017"	1074		0	0
"Dec 31, 2017"	816	0	0	0
"Jan 01, 2018"	806	166	0	0
"Jan 02, 2018"	732	122	0	0
"Jan 03, 2018"	676	123	0	0
"Jan 04, 2018"	744	123	0	0
"Jan 05, 2018"	637	219	0	0
"Jan 06, 2018"	728	219	1	0
"Jan 07, 2018"	464	118	0	0
"Jan 08, 2018"	421	69	0	0
"Jan 09, 2018"	346	33	0	0
"Jan 10, 2018"	398	47	0	0
"Jan 11, 2018"	-424	49	0	0
"Jan 12, 2018"	288	623	0	0
"Jan 13, 2018"	418	139	0	0
"Jan 14, 2018"	496	295	0	0
"Jan 15, 2018"	619	328	0	0
"Jan 16, 2018"	355	156	0	0
"Jan 17, 2018"	397	15	0	0
"Jan 18, 2018"	345	82	0	0
"Jan 19, 2018"	356	56	0	0
"Jan 20, 2018"	406	52	0	0
"Jan 21, 2018"	461	74	0	0
"Jan 22, 2018"	372	74	0	0
"Jan 23, 2018"	281	39	0	0
"Jan 24, 2018"	324	42	0	0
"Jan 25, 2018"	364	57	0	0
"Jan 26, 2018"	423	40	0	0
"Jan 27, 2018"	466	38	0	0
"Jan 28, 2018"	710	51	0	0
"Jan 29, 2018"	561	52	0	0
"Jan 30, 2018"	504	52	0	0
"Jan 31, 2018"	444	52	0	0
"Feb 01, 2018"	876	101	1	0
"Feb 02, 2018"	713	114	0	0
"Feb 03, 2018"	958	125	0	0
"Feb 04, 2018"	551	11	0	0
"Feb 05, 2018"	410	61	0	0
"Feb 06, 2018"	368	32	0	0
"Feb 07, 2018"	319	32	0	0
"Feb 08, 2018"	308	33	0	0
"Feb 09, 2018"	290	31	0	0
"Feb 10, 2018"	244	29	0	0
"Feb 11, 2018"	534	47	0	0
"Feb 12, 2018"	340	50	0	0
"Feb 13, 2018"	302	36	0	0
"Feb 14, 2018"	332	242	0	0
"Feb 15, 2018"	259	151	0	0
"Feb 16, 2018"	283	202	0	0
"Feb 17, 2018"	275	76	0	0
"Feb 18, 2018"	477	62	0	0
"Feb 19, 2018"	470	45	0	0
"Feb 20, 2018"	341	64	0	0
"Feb 21, 2018"	294	43	0	0
"Feb 22, 2018"	504	43	0	0
"Feb 23, 2018"	633	46	0	0
"Feb 24, 2018"	754	75	0	0
"Feb 25, 2018"	994	49	0	0
"Feb 26, 2018"	897	18	0	0
"Feb 27, 2018"	818	34	0	0
"Feb 28, 2018"	1126	20	0	0
"Mar 01, 2018"	867	28	0	0
"Mar 02, 2018"	768	22	0	0
"Mar 03, 2018"	1415	45	0	0
"Mar 04, 2018"	1854	54	0	0
"Mar 05, 2018"	1029	39	0	0
"Mar 06, 2018"	668	42	0	0
"Mar 07, 2018"	814	27	0	0
"Mar 08, 2018"	700	28	0	0
"Mar 09, 2018"	695	35	0	0
"Mar 10, 2018"	887	16	0	0
"Mar 11, 2018"	662	50	0	0
"Mar 12, 2018"	356	14	0	0
"Mar 13, 2018"	527	15	0	0
"Mar 14, 2018"	410	28	0	0
"Mar 15, 2018"	634	28	0	0
"Mar 16, 2018"	610	34	0	0
"Mar 17, 2018"	987	61	0	0
"Mar 18, 2018"	575	29	0	0
"Mar 19, 2018"	490	13	0	0
"Mar 20, 2018"	314	17	0	0
"Mar 21, 2018"	236	18	0	0
"Mar 22, 2018"	359	21	0	0
"Mar 23, 2018"	360	18	0	0
"Mar 24, 2018"	391	23	0	0
"Mar 25, 2018"	338	13	0	0
"Mar 26, 2018"	323	16	0	0
"Mar 27, 2018"	278	5	0	0
"Mar 28, 2018"	215	17	0	0
"Mar 29, 2018"	223	14	0	0
"Mar 30, 2018"	300	18	0	0
"Mar 31, 2018"	382	11	0	0
"Apr 01, 2018"	273	17	0	0
"Apr 02, 2018"	520	21	0	0
"Apr 03, 2018"	321	27	0	0
"Apr 04, 2018"	294	34	0	0
"Apr 05, 2018"	307	22	0	0
"Apr 06, 2018"	177	15	0	0
"Apr 07, 2018"	285	17	0	0
"Apr 08, 2018"	338	7	0	0
"Apr 09, 2018"	217	29	0	0
"Apr 10, 2018"	290	17	0	0
"Apr 11, 2018"	250	11	0	0
"Apr 12, 2018"	139	4	0	0
"Apr 13, 2018"	171	8	0	0
"Apr 14, 2018"	286	19	0	0
"Apr 15, 2018"	390	2	0	0
"Apr 16, 2018"	327	17	0	0
"Apr 17, 2018"	179	17	0	0
"Apr 18, 2018"	145	26	0	0
"Apr 19, 2018"	226	17	0	0
"Apr 20, 2018"	219	9	0	0
"Apr 21, 2018"	229	17	0	0
"Apr 22, 2018"	175	-2	0	0
"Apr 23, 2018"	167	10	0	0
"Apr 24, 2018"	127	8	0	0
"Apr 25, 2018"	171	5	0	0
"Apr 26, 2018"	46	8	0	0
"Apr 27, 2018"	76	10	0	0
"Apr 28, 2018"	-1234	15	0	0
"Apr 29, 2018"	116	26	0	0
"Apr 30, 2018"	245	17	0	0
"May 01, 2018"	247	23	0	0
"May 02, 2018"	164	9	0	0
"May 03, 2018"	198	17	0	0
"May 04, 2018"	139	17	0	0
"May 05, 2018"	240	19	0	0
"May 06, 2018"	212	15	0	0
"May 07, 2018"	23	31	0	0
"May 08, 2018"	229	22	0	0
"May 09, 2018"	20	18	0	0
"May 10, 2018"	170	18	0	0
"May 11, 2018"	109	30	0	0
"May 12, 2018"	-10	19	0	0
"May 13, 2018"	20	34	0	0
"May 14, 2018"	73	3	0	0
"May 15, 2018"	61	17	0	0
"May 16, 2018"	48	11	0	0
"May 17, 2018"	29	5	0	0
"May 18, 2018"	96	13	0	0
"May 19, 2018"	101	10	0	0
"May 20, 2018"	140	9	0	0
"May 21, 2018"	171	14	0	0
"May 22, 2018"	98	10	0	0
"May 23, 2018"	-43	1	0	0
"May 24, 2018"	118	15	0	0
"May 25, 2018"	124	13	0	0
"May 26, 2018"	175	5	0	0
"May 27, 2018"	79	12	0	0
"May 28, 2018"	168	10	0	0
"May 29, 2018"	166	16	0	0
"May 30, 2018"	128	4	0	0
"May 31, 2018"	180	16	0	0
"Jun 01, 2018"	85	19	0	0
"Jun 02, 2018"	103	17	0	0
"Jun 03, 2018"	85	-3	0	0
"Jun 04, 2018"	83	5	0	0
"Jun 05, 2018"	154	-2	0	0
"Jun 06, 2018"	122	10	0	0
"Jun 07, 2018"	117	7	0	0
"Jun 08, 2018"	104	2	0	0
"Jun 09, 2018"	152	1	0	0
"Jun 10, 2018"	407	16	0	0
"Jun 11, 2018"	468	18	0	0
"Jun 12, 2018"	305	12	0	0
"Jun 13, 2018"	377	10	0	0
"Jun 14, 2018"	341	10	0	0
"Jun 15, 2018"	219	22	0	0
"Jun 16, 2018"	228	16	0	0
"Jun 17, 2018"	280	14	0	0
"Jun 18, 2018"	230	25	0	0
"Jun 19, 2018"	268	1	0	0
"Jun 20, 2018"	292	15	0	0
"Jun 21, 2018"	292	8	0	0
"Jun 22, 2018"	306	12	0	0
"Jun 23, 2018"	515	18	0	0
"Jun 24, 2018"	325	4	0	0
"Jun 25, 2018"	275	7	0	0
"Jun 26, 2018"	291	9	0	0
"Jun 27, 2018"	223	5	0	0
"Jun 28, 2018"	231	8	0	0
"Jun 29, 2018"	220	6	0	0
"Jun 30, 2018"	153	10	0	0
"Jul 01, 2018"	278	4	1	0
"Jul 02, 2018"	235	18	0	0
"Jul 03, 2018"	246	11	0	0
"Jul 04, 2018"	144	11	0	0
"Jul 05, 2018"	-96	3047	0	0
"Jul 06, 2018"	206	737	0	0
"Jul 07, 2018"	211	485	0	0
"Jul 08, 2018"	307	24	0	0
"Jul 09, 2018"	162	215	0	0
"Jul 10, 2018"	259	82	0	0
"Jul 11, 2018"	327	102	0	0
"Jul 12, 2018"	27	75	0	0
"Jul 13, 2018"	59	124	0	0
"Jul 14, 2018"	188	63	0	0
"Jul 15, 2018"	225	51	0	0
"Jul 16, 2018"	197	56	0	0
"Jul 17, 2018"	170	34	0	0
"Jul 18, 2018"	189	26	0	0
"Jul 19, 2018"	203	35	0	0
"Jul 20, 2018"	159	9	0	0
"Jul 21, 2018"	87	23	0	0
"Jul 22, 2018"	144	23	0	0
"Jul 23, 2018"	164	23	0	0
"Jul 24, 2018"	87	11	0	0
"Jul 25, 2018"	187	13	0	0
"Jul 26, 2018"	291	4	0	1
"Jul 27, 2018"	213	8	0	0
"Jul 28, 2018"	184	5	0	0
"Jul 29, 2018"	164	5	0	0
"Jul 30, 2018"	136	12	0	0
"Jul 31, 2018"	138	4	0	0
"Aug 01, 2018"	172	9	1	0
"Aug 02, 2018"	167	8	0	0
"Aug 03, 2018"	212	6	0	0
"Aug 04, 2018"	198	7	0	0
"Aug 05, 2018"	105	18	0	0
"Aug 06, 2018"	231	8	0	0
"Aug 07, 2018"	158	8	0	0
"Aug 08, 2018"	285	6	0	0
"Aug 09, 2018"	162	7	0	0
"Aug 10, 2018"	161	17	0	0
"Aug 11, 2018"	11	-1	0	0
"Aug 12, 2018"	210	3	0	0
"Aug 13, 2018"	307	15	0	0
"Aug 14, 2018"	423	4	0	0
"Aug 15, 2018"	339	12	0	0
"Aug 16, 2018"	321	2	0	0
"Aug 17, 2018"	297	2	0	0
"Aug 18, 2018"	293	6	0	0
"Aug 19, 2018"	210	8	0	0
"Aug 20, 2018"	346	1133	0	0
"Aug 21, 2018"	147	1134	0	0
"Aug 22, 2018"	341	1275	0	0
"Aug 23, 2018"	505	796	0	0
"Aug 24, 2018"	465	1075	0	0
"Aug 25, 2018"	295	850	0	0
"Aug 26, 2018"	391	640	0	0
"Aug 27, 2018"	387	388	0	0
"Aug 28, 2018"	305	402	0	0
"Aug 29, 2018"	163	38	0	0
"Aug 30, 2018"	207	191	0	0
"Aug 31, 2018"	237	192	0	0
"Sep 01, 2018"	298	197	1	0
"Sep 02, 2018"	265	58	-1	0
"Sep 03, 2018"	345	59	0	0
"Sep 04, 2018"	213	68	0	0
"Sep 05, 2018"	226	69	0	0
"Sep 06, 2018"	249	34	0	0
"Sep 07, 2018"	236	28	0	0
"Sep 08, 2018"	307	31	0	0
"Sep 09, 2018"	297	67	0	0
"Sep 10, 2018"	222	13	0	0
"Sep 11, 2018"	165	72	0	0
"Sep 12, 2018"	208	22	0	0
"Sep 13, 2018"	83	36	0	0
"Sep 14, 2018"	192	29	0	0
"Sep 15, 2018"	98	28	0	0
"Sep 16, 2018"	198	16	0	0
"Sep 17, 2018"	103	24	-1	0
"Sep 18, 2018"	80	30	0	0
"Sep 19, 2018"	-60	12	0	0
"Sep 20, 2018"	32	5	0	0
"Sep 21, 2018"	24	0	0	0
"Sep 22, 2018"	126	1	0	0
"Sep 23, 2018"	115	15	0	0
"Sep 24, 2018"	97	14	0	0
"Sep 25, 2018"	74	4	0	0
"Sep 26, 2018"	73	7	0	0
"Sep 27, 2018"	110	1	0	0
"Sep 28, 2018"	47	1	0	0
"Sep 29, 2018"	96	15	0	0
"Sep 30, 2018"	74	13	0	0
"Oct 01, 2018"	42	-2	0	0
"Oct 02, 2018"	70	-4	-1	0
"Oct 03, 2018"	65	-1	0	0
"Oct 04, 2018"	95	17	0	0
"Oct 05, 2018"	93	6	0	0
"Oct 06, 2018"	251	8	0	0
"Oct 07, 2018"	305	7	0	0
"Oct 08, 2018"	210	9	0	0
"Oct 09, 2018"	158	22	0	0
"Oct 10, 2018"	107	7	0	0
"Oct 11, 2018"	134	8	0	0
"Oct 12, 2018"	164	5	0	0
"Oct 13, 2018"	121	5	0	0
"Oct 14, 2018"	163	16	0	0
"Oct 15, 2018"	-20	15	0	0
"Oct 16, 2018"	104	15	0	0
"Oct 17, 2018"	-75	18	0	0
"Oct 18, 2018"	116	18	0	0
"Oct 19, 2018"	108	8	0	0
"Oct 20, 2018"	220	7	0	0
"Oct 21, 2018"	232	27	0	0
"Oct 22, 2018"	168	9	0	0
"Oct 23, 2018"	114	10	0	0
"Oct 24, 2018"	112	10	0	0
"Oct 25, 2018"	151	-1	0	0
"Oct 26, 2018"	76	5	0	0
"Oct 27, 2018"	-53	6	0	0
"Oct 28, 2018"	115	41	0	0
"Oct 29, 2018"	37	7	0	0
"Oct 30, 2018"	75	4	0	0
"Oct 31, 2018"	75	4	0	0
"Nov 01, 2018"	43	23	0	0
"Nov 02, 2018"	66	25	0	0
"Nov 03, 2018"	32	6	0	0
"Nov 04, 2018"	88	7	0	0
"Nov 05, 2018"	126	3	0	0
"Nov 06, 2018"	64	3	0	0
"Nov 07, 2018"	89	8	0	0
"Nov 08, 2018"	80	1	0	0
"Nov 09, 2018"	96	-10	0	0
"Nov 10, 2018"	37	1	0	0
"Nov 11, 2018"	102	2	0	0
"Nov 12, 2018"	75	6	0	0
"Nov 13, 2018"	122	49	0	0
"Nov 14, 2018"	116	21	0	0
"Nov 15, 2018"	199	11	0	0
"Nov 16, 2018"	261	18	0	0
"Nov 17, 2018"	201	2	0	0
"Nov 18, 2018"	161	5	0	0
"Nov 19, 2018"	246	12	0	0
"Nov 20, 2018"	303	11	0	0
"Nov 21, 2018"	620	12	0	0
"Nov 22, 2018"	681	-2	0	0
"Nov 23, 2018"	540	10	0	0
"Nov 24, 2018"	484	23	0	0
"Nov 25, 2018"	451	10	0	0
"Nov 26, 2018"	521	23	0	0
"Nov 27, 2018"	486	4	0	0
"Nov 28, 2018"	338	11	0	0
"Nov 29, 2018"	344	-4	0	0
"Nov 30, 2018"	234	1	0	0
"Dec 01, 2018"	234	1	0	0
"Dec 02, 2018"	234	1	0	0
"Dec 03, 2018"	234	1	0	0
"Dec 04, 2018"	135	11	0	0
"Dec 05, 2018"	89	4	0	0
"Dec 06, 2018"	78	5	0	0
"Dec 07, 2018"	80	29	0	0
"Dec 08, 2018"	105	29	0	0
"Dec 09, 2018"	-39	115	0	0
"Dec 10, 2018"	169	42	0	0
"Dec 11, 2018"	245	8	0	0
"Dec 12, 2018"	167	14	0	0
"Dec 13, 2018"	91	39	0	0
"Dec 14, 2018"	284	-8	0	0
"Dec 15, 2018"	-85	16	0	0
"Dec 16, 2018"	870	27	0	0
"Dec 17, 2018"	978	37	0	0
"Dec 18, 2018"	843	30	0	0
"Dec 19, 2018"	796	43	0	0
"Dec 20, 2018"	701	28	0	0
"Dec 21, 2018"	749	42	0	0
"Dec 22, 2018"	427	30	0	0
"Dec 23, 2018"	506	73	0	0
"Dec 24, 2018"	603	42	0	0
"Dec 25, 2018"	390	14	0	0
"Dec 26, 2018"	279	21	0	0
"Dec 27, 2018"	317	18	0	0
"Dec 28, 2018"	241	26	0	0
"Dec 29, 2018"	353	12	0	0
"Dec 30, 2018"	305	26	0	0
"Dec 31, 2018"	328	35	0	0
"Jan 01, 2019"	403	21	0	0
"Jan 02, 2019"	356	29	-1	0
"Jan 03, 2019"	481	31	0	0
"Jan 04, 2019"	403	33	0	0
"Jan 05, 2019"	403	2	0	0
"Jan 06, 2019"	356	39	0	0
"Jan 07, 2019"	376	33	0	0
"Jan 08, 2019"	293	26	0	0
"Jan 09, 2019"	182	34	0	0
"Jan 10, 2019"	183	54	0	0
"Jan 11, 2019"	41	27	0	0
"Jan 12, 2019"	163	16	0	0
"Jan 13, 2019"	291	13	0	0
"Jan 14, 2019"	248	9	0	0
"Jan 15, 2019"	326	7	0	0
"Jan 16, 2019"	96	9	0	0
"Jan 17, 2019"	193	9	0	0
"Jan 18, 2019"	173	2	0	0
"Jan 19, 2019"	165	7	0	0
"Jan 20, 2019"	252	8	0	0
"Jan 21, 2019"	214	12	0	0
"Jan 22, 2019"	226	13	0	0
"Jan 23, 2019"	191	6	0	0
"Jan 24, 2019"	115	8	0	0
"Jan 25, 2019"	136	7	0	0
"Jan 26, 2019"	98	1301	0	0
"Jan 27, 2019"	166	561	0	0
"Jan 28, 2019"	256	300	0	0
"Jan 29, 2019"	241	150	0	0
"Jan 30, 2019"	293	106	0	0
"Jan 31, 2019"	322	85	0	0
"Feb 01, 2019"	245	24	0	0
"Feb 02, 2019"	174	34	0	0
"Feb 03, 2019"	159	34	0	0
"Feb 04, 2019"	244	24	0	0
"Feb 05, 2019"	152	9	0	0
"Feb 06, 2019"	235	37	0	0
"Feb 07, 2019"	136	26	0	0
"Feb 08, 2019"	167	14	0	0
"Feb 09, 2019"	170	14	0	0
"Feb 10, 2019"	163	20	0	0
"Feb 11, 2019"	158	16	0	0
"Feb 12, 2019"	110	9	0	0
"Feb 13, 2019"	148	16	0	0
"Feb 14, 2019"	161	5	0	0
"Feb 15, 2019"	156	8	0	0
"Feb 16, 2019"	202	9	0	0
"Feb 17, 2019"	167	9	0	0
"Feb 18, 2019"	176	14	0	0
"Feb 19, 2019"	176	26	0	0
"Feb 20, 2019"	238	27	0	0
"Feb 21, 2019"	199	6	0	0
"Feb 22, 2019"	274	5	0	0
"Feb 23, 2019"	2	13	0	0
"Feb 24, 2019"	184	-5	0	0
"Feb 25, 2019"	199	7	0	0
"Feb 26, 2019"	282	-3	0	0
"Feb 27, 2019"	335	4	0	1
"Feb 28, 2019"	336	4	0	0
"Mar 01, 2019"	128	1	0	0
"Mar 02, 2019"	170	5	0	0
"Mar 03, 2019"	308	3	0	0
"Mar 04, 2019"	159	6	0	0
"Mar 05, 2019"	215	34	0	0
"Mar 06, 2019"	184	17	0	0
"Mar 07, 2019"	318	8	0	0
"Mar 08, 2019"	280	8	0	0
"Mar 09, 2019"	301	12	0	0
"Mar 10, 2019"	377	5	-1	0
"Mar 11, 2019"	496	11	0	0
"Mar 12, 2019"	417	9	0	0
"Mar 13, 2019"	417	9	0	0
"Mar 14, 2019"	417	10	0	0
"Mar 15, 2019"	746	7	0	0
"Mar 16, 2019"	255	8	0	0
"Mar 17, 2019"	449	14	0	0
"Mar 18, 2019"	450	15	0	0
"Mar 19, 2019"	605	26	0	0
"Mar 20, 2019"	226	11	0	0
"Mar 21, 2019"	683	16	0	0
"Mar 22, 2019"	734	14	0	0
"Mar 23, 2019"	780	14	0	0
"Mar 24, 2019"	780	14	0	0
"Mar 25, 2019"	780	14	0	0
"Mar 26, 2019"	780	13	0	0
"Mar 27, 2019"	651	18	0	0
"Mar 28, 2019"	654	13	0	0
"Mar 29, 2019"	465	2	0	0
"Mar 30, 2019"	393	20	0	0
"Mar 31, 2019"	483	18	0	0
"Apr 01, 2019"	536	10	0	0
"Apr 02, 2019"	352	1	0	0
"Apr 03, 2019"	364	9	0	0
"Apr 04, 2019"	325	10	0	0
"Apr 05, 2019"	304	13	0	0
"Apr 06, 2019"	364	26	0	0
"Apr 07, 2019"	511	34	0	0
"Apr 08, 2019"	532	40	0	0
"Apr 09, 2019"	570	13	0	0
"Apr 10, 2019"	524	12	0	0
"Apr 11, 2019"	620	35	0	0
"Apr 12, 2019"	497	16	-1	0
"Apr 13, 2019"	489	19	0	0
"Apr 14, 2019"	625	9	0	0
"Apr 15, 2019"	695	46	0	0
"Apr 16, 2019"	626	17	0	0
"Apr 17, 2019"	465	29	0	0
"Apr 18, 2019"	497	16	0	0
"Apr 19, 2019"	497	17	0	0
"Apr 20, 2019"	497	17	0	0
"Apr 21, 2019"	497	16	0	0
"Apr 22, 2019"	497	17	0	0
"Apr 23, 2019"	498	17	0	0
"Apr 24, 2019"	499	16	0	0
"Apr 25, 2019"	412	9	0	0
"Apr 26, 2019"	477	-3	0	0
"Apr 27, 2019"	478	-3	0	0
"Apr 28, 2019"	224	5	0	0
"Apr 29, 2019"	494	9	0	0
"Apr 30, 2019"	448	6	-1	0
"May 01, 2019"	478	2	0	0
"May 02, 2019"	500	1	0	0
"May 03, 2019"	248	8	0	0
"May 04, 2019"	524	8	0	0
"May 05, 2019"	356	15	0	0
"May 06, 2019"	439	24	0	0
"May 07, 2019"	503	12	0	0
"May 08, 2019"	330	4	0	0
"May 09, 2019"	328	5	0	0
"May 10, 2019"	269	11	0	0
"May 11, 2019"	344	10	0	0
"May 12, 2019"	359	20	0	0
"May 13, 2019"	425	14	0	0
"May 14, 2019"	339	13	0	0
"May 15, 2019"	253	30	0	0
"May 16, 2019"	216	10	0	0
"May 17, 2019"	349	11	0	0
"May 18, 2019"	447	28	0	0
"May 19, 2019"	646	23	0	0
"May 20, 2019"	768	29	0	0
"May 21, 2019"	730	26	0	0
"May 22, 2019"	640	18	0	0
"May 23, 2019"	645	28	0	0
"May 24, 2019"	574	19	0	0
"May 25, 2019"	520	16	0	0
"May 26, 2019"	502	13	0	0
"May 27, 2019"	522	18	0	0
"May 28, 2019"	410	4	0	0
"May 29, 2019"	486	22	0	0
"May 30, 2019"	529	12	0	0
"May 31, 2019"	529	28	0	0
"Jun 01, 2019"	606	7	0	0
"Jun 02, 2019"	593	12	0	0
"Jun 03, 2019"	751	18	0	0
"Jun 04, 2019"	732	19	0	0
"Jun 05, 2019"	509	16	0	0
"Jun 06, 2019"	646	54	0	0
"Jun 07, 2019"	1183	64	0	0
"Jun 08, 2019"	641	26	0	0
"Jun 09, 2019"	636	25	0	0
"Jun 10, 2019"	835	34	0	0
"Jun 11, 2019"	578	17	0	0
"Jun 12, 2019"	591	35	0	0
"Jun 13, 2019"	733	28	0	0
"Jun 14, 2019"	682	24	0	0
"Jun 15, 2019"	581	35	0	0
"Jun 16, 2019"	1359	71	0	0
"Jun 17, 2019"	1676	54	0	0
"Jun 18, 2019"	1393	33	0	0
"Jun 19, 2019"	1786	59	0	0
"Jun 20, 2019"	3891	79	0	0
"Jun 21, 2019"	2201	76	0	0
"Jun 22, 2019"	2330	116	0	0
"Jun 23, 2019"	2443	154	0	0
"Jun 24, 2019"	2645	155	0	0
"Jun 25, 2019"	13808	407	0	0
"Jun 26, 2019"	5320	146	0	0
"Jun 27, 2019"	5221	139	0	0
"Jun 28, 2019"	6633	205	0	0
"Jun 29, 2019"	8602	112	0	0
"Jun 30, 2019"	8855	359	0	0
"Jul 01, 2019"	10793	262	0	0
"Jul 02, 2019"	10574	291	0	0
"Jul 03, 2019"	15604	307	0	0
"Jul 04, 2019"	11255	260	0	0
"Jul 05, 2019"	9260	189	0	0
"Jul 06, 2019"	9870	301	0	0
"Jul 07, 2019"	9789	271	0	0
"Jul 08, 2019"	11844	552	1	0
"Jul 09, 2019"	25946	573	0	0
"Jul 10, 2019"	10665	394	0	0
"Jul 11, 2019"	6392	512	0	0
"Jul 12, 2019"	6393	279	0	0
"Jul 13, 2019"	5513	349	0	0
"Jul 14, 2019"	4579	278	0	0
"Jul 15, 2019"	4869	403	0	0
"Jul 16, 2019"	15184	602	0	0
"Jul 17, 2019"	13991	611	0	0
"Jul 18, 2019"	8879	715	0	0
"Jul 19, 2019"	7633	900	0	0
"Jul 20, 2019"	8108	780	0	0
"Jul 21, 2019"	10647	616	0	0
"Jul 22, 2019"	6785	700	0	0
"Jul 23, 2019"	9920	774	0	0
"Jul 24, 2019"	7822	560	0	0
"Jul 25, 2019"	5148	452	0	0
"Jul 26, 2019"	4849	426	0	0
"Jul 27, 2019"	4510	318	0	0
"Jul 28, 2019"	5169	519	1	0
"Jul 29, 2019"	9704	437	0	0
"Jul 30, 2019"	11630	416	0	0
"Jul 31, 2019"	9088	366	0	0
"Aug 01, 2019"	6433	335	0	0
"Aug 02, 2019"	5782	241	0	0
"Aug 03, 2019"	5557	195	0	0
"Aug 04, 2019"	6582	232	0	0
"Aug 05, 2019"	6435	358	0	0
"Aug 06, 2019"	12696	520	0	0
"Aug 07, 2019"	10040	335	0	0
"Aug 08, 2019"	8129	315	0	0
"Aug 09, 2019"	9523	383	0	0
"Aug 10, 2019"	7924	526	0	0
"Aug 11, 2019"	6733	372	0	0
"Aug 12, 2019"	7030	563	0	0
"Aug 13, 2019"	14760	598	0	0
"Aug 14, 2019"	8978	396	0	0
"Aug 15, 2019"	5579	278	0	0
"Aug 16, 2019"	5612	297	1	0
"Aug 17, 2019"	4866	235	1	0
"Aug 18, 2019"	5723	255	2108	0
"Aug 19, 2019"	11574	699	2108	0
"Aug 20, 2019"	14932	411	1815	0
"Aug 21, 2019"	6787	291	290	0
"Aug 22, 2019"	5727	229	119	0
"Aug 23, 2019"	5345	173	5	0
"Aug 24, 2019"	5251	395	30	0
"Aug 25, 2019"	8168	378	31	0
"Aug 26, 2019"	6661	283	31	0
"Aug 27, 2019"	7360	281	31	0
"Aug 28, 2019"	7747	248	31	0
"Aug 29, 2019"	5688	201	31	0
"Aug 30, 2019"	5584	241	31	0
"Aug 31, 2019"	4677	275	31	0
"Sep 01, 2019"	5811	274	30	0
"Sep 02, 2019"	5921	222	31	0
"Sep 03, 2019"	6226	292	31	0
"Sep 04, 2019"	5675	273	31	0
"Sep 05, 2019"	2580	154	31	0
"Sep 06, 2019"	3115	891	31	0
"Sep 07, 2019"	3059	1165	31	0
"Sep 08, 2019"	3695	658	31	0
"Sep 09, 2019"	3615	7300	30	0
"Sep 10, 2019"	4607	3018	31	0
"Sep 11, 2019"	3213	987	31	0
"Sep 12, 2019"	2565	882	31	0
"Sep 13, 2019"	3031	498	31	0
"Sep 14, 2019"	1654	375	31	0
"Sep 15, 2019"	4774	1039	31	0
"Sep 16, 2019"	6494	590	31	0
"Sep 17, 2019"	4800	246	30	0
"Sep 18, 2019"	-5638	344	31	0
"Sep 19, 2019"	10000	200	31	0
"Sep 20, 2019"	3333	101	31	0
"Sep 21, 2019"	3333	200	31	0
"Sep 22, 2019"	3334	200	31	0
"Sep 23, 2019"	3333	200	31	0
"Sep 24, 2019"	3333	200	31	0
"Sep 25, 2019"	3334	300	31	0
"Sep 26, 2019"	3333	200	30	0
"Sep 27, 2019"	3333	200	31	0
"Sep 28, 2019"	3334	200	31	0
"Sep 29, 2019"	3333	800	31	0
"Sep 30, 2019"	3333	300	31	0
"Oct 01, 2019"	3334	100	31	1
"Oct 02, 2019"	1000	100	31	0
"Oct 03, 2019"	1000	200	31	0
"Oct 04, 2019"	1000	100	30	0
"Oct 05, 2019"	1000	199	31	0
"Oct 06, 2019"	1000	101	31	0
"Oct 07, 2019"	5000	160	31	0
"Oct 08, 2019"	2500	160	31	0
"Oct 09, 2019"	2500	160	31	0
"Oct 10, 2019"	2500	160	31	0
"Oct 11, 2019"	2500	159	31	0
"Oct 12, 2019"	2500	161	30	0
"Oct 13, 2019"	2500	160	31	0
"Oct 14, 2019"	2500	160	31	0
"Oct 15, 2019"	2500	160	31	0
"Oct 16, 2019"	2500	160	31	0
"Oct 17, 2019"	2500	71	31	0
"Oct 18, 2019"	2500	71	31	0
"Oct 19, 2019"	2500	72	31	0
"Oct 20, 2019"	3333	71	30	0
"Oct 21, 2019"	3333	72	31	0
"Oct 22, 2019"	3334	71	31	0
"Oct 23, 2019"	2000	72	31	0
"Oct 24, 2019"	2000	71	31	0
"Oct 25, 2019"	2000	71	31	0
"Oct 26, 2019"	2000	71	31	0
"Oct 27, 2019"	2000	72	31	0
"Oct 28, 2019"	1428	72	31	0
"Oct 29, 2019"	1429	71	7	0
"Oct 30, 2019"	1428	72	7	0
"Oct 31, 2019"	1429	80	7	0
"Nov 01, 2019"	1428	81	7	1
"Nov 02, 2019"	1429	81	7	0
"Nov 03, 2019"	1429	81	7	0
"Nov 04, 2019"	1000	81	8	0
"Nov 05, 2019"	1000	81	14	0
"Nov 06, 2019"	1000	81	15	0
"Nov 07, 2019"	1000	81	15	0
"Nov 08, 2019"	1000	81	15	0
"Nov 09, 2019"	1000	81	14	0
"Nov 10, 2019"	1000	81	15	0
"Nov 11, 2019"	1000	81	15	0
"Nov 12, 2019"	1000	81	15	0
"Nov 13, 2019"	1000	81	14	0
"Nov 14, 2019"	3333	81	15	0
"Nov 15, 2019"	3333	80	15	0
"Nov 16, 2019"	3334	82	15	0
"Nov 17, 2019"	2500	81	14	0
"Nov 18, 2019"	2500	81	15	0
"Nov 19, 2019"	2500	80	15	0
"Nov 20, 2019"	2500	82	15	0
"Nov 21, 2019"	2500	152	14	0
"Nov 22, 2019"	2500	152	15	0
"Nov 23, 2019"	2500	153	15	0
"Nov 24, 2019"	2500	152	15	0
"Nov 25, 2019"	1428	152	15	0
"Nov 26, 2019"	1429	153	20	0
"Nov 27, 2019"	1428	152	20	0
"Nov 28, 2019"	1429	152	20	0
"Nov 29, 2019"	1428	153	20	0
"Nov 30, 2019"	1429	152	20	0
"Dec 01, 2019"	1429	77	20	0
"Dec 02, 2019"	5000	200	20	0
"Dec 03, 2019"	5000	100	20	0
"Dec 04, 2019"	2500	100	20	0
"Dec 05, 2019"	2500	200	30	0
"Dec 06, 2019"	2500	100	30	0
"Dec 07, 2019"	2500	100	20	0
"Dec 08, 2019"	2500	200	30	0
"Dec 09, 2019"	2500	100	30	0
"Dec 10, 2019"	2500	100	10	0
"Dec 11, 2019"	2500	200	10	0
"Dec 12, 2019"	1666	100	20	0
"Dec 13, 2019"	1667	100	10	0
"Dec 14, 2019"	1667	200	20	0
"Dec 15, 2019"	1666	100	10	0
"Dec 16, 2019"	1667	100	20	0
"Dec 17, 2019"	1667	200	10	0
"Dec 18, 2019"	1666	100	20	0
"Dec 19, 2019"	1667	200	10	0
"Dec 20, 2019"	1667	50	20	0
"Dec 21, 2019"	1666	50	20	0
"Dec 22, 2019"	1667	100	10	0
"Dec 23, 2019"	1667	100	20	0
"Dec 24, 2019"	1250	100	20	0
"Dec 25, 2019"	1250	100	10	0
"Dec 26, 2019"	1250	100	20	0
"Dec 27, 2019"	1250	100	20	0
"Dec 28, 2019"	1250	100	10	0
"Dec 29, 2019"	1250	200	20	0
"Dec 30, 2019"	1250	100	20	0
"Dec 31, 2019"	1250	100	10	0
"Jan 01, 2020"	1428	200	20	0
"Jan 02, 2020"	1429	100	20	0
"Jan 03, 2020"	1428	100	20	0
"Jan 04, 2020"	1429	100	20	0
"Jan 05, 2020"	1428	100	20	0
"Jan 06, 2020"	1429	100	20	0
"Jan 07, 2020"	1429	100	10	0
"Jan 08, 2020"	714	100	10	0
"Jan 09, 2020"	714	50	10	0
"Jan 10, 2020"	714	50	10	0
"Jan 11, 2020"	715	50	10	0
"Jan 12, 2020"	714	50	10	0
"Jan 13, 2020"	714	50	10	0
"Jan 14, 2020"	715	50	5	0
"Jan 15, 2020"	714	100	5	0
"Jan 16, 2020"	714	50	5	0
"Jan 17, 2020"	714	50	5	0
"Jan 18, 2020"	715	50	5	0
"Jan 19, 2020"	714	50	5	0
"Jan 20, 2020"	714	50	10	0
"Jan 21, 2020"	715	50	3	0
"Jan 22, 2020"	666	100	3	0
"Jan 23, 2020"	667	33	4	0
"Jan 24, 2020"	667	33	5	0
"Jan 25, 2020"	666	34	5	0
"Jan 26, 2020"	667	50	5	0
"Jan 27, 2020"	667	50	5	0
"Jan 28, 2020"	666	50	5	0
"Jan 29, 2020"	667	50	5	0
"Jan 30, 2020"	667	50	10	0
"Jan 31, 2020"	666	50	10	0
"Feb 01, 2020"	667	100	10	0
"Feb 02, 2020"	667	100	5	0
"Feb 03, 2020"	666	100	5	0
"Feb 04, 2020"	667	100	10	0
"Feb 05, 2020"	667	100	10	0
"Feb 06, 2020"	1111	100	10	0
"Feb 07, 2020"	1111	100	10	0
"Feb 08, 2020"	1111	100	20	0
"Feb 09, 2020"	1111	100	10	0
"Feb 10, 2020"	1111	100	14	0
"Feb 11, 2020"	1111	100	14	0
"Feb 12, 2020"	1111	100	14	0
"Feb 13, 2020"	1111	100	15	0
"Feb 14, 2020"	1112	50	14	0
"Feb 15, 2020"	1111	50	14	0
"Feb 16, 2020"	1111	100	15	0
"Feb 17, 2020"	1111	100	20	0
"Feb 18, 2020"	1111	100	20	0
"Feb 19, 2020"	1111	100	20	0
"Feb 20, 2020"	1111	100	20	0
"Feb 21, 2020"	1111	100	20	0
"Feb 22, 2020"	1111	100	20	0
"Feb 23, 2020"	1112	100	20	0
"Feb 24, 2020"	714	100	20	0
"Feb 25, 2020"	714	100	20	0
"Feb 26, 2020"	714	100	20	0
"Feb 27, 2020"	715	100	25	0
"Feb 28, 2020"	714	100	25	0
"Feb 29, 2020"	714	100	25	0
"Mar 01, 2020"	715	100	25	0
"Mar 02, 2020"	714	33	20	0
"Mar 03, 2020"	714	33	20	0
"Mar 04, 2020"	714	34	20	0
"Mar 05, 2020"	715	50	20	0
"Mar 06, 2020"	714	50	20	0
"Mar 07, 2020"	714	100	20	0
"Mar 08, 2020"	715	200	20	0
"Mar 09, 2020"	2500	200	20	0
"Mar 10, 2020"	2500	200	20	0
"Mar 11, 2020"	2500	300	20	0
"Mar 12, 2020"	2500	200	25	0
"Mar 13, 2020"	2500	200	25	0
"Mar 14, 2020"	2500	300	25	0
"Mar 15, 2020"	2500	200	25	0
"Mar 16, 2020"	2500	200	20	0
"Mar 17, 2020"	2000	200	20	0
"Mar 18, 2020"	2000	300	20	0
"Mar 19, 2020"	2000	200	20	0
"Mar 20, 2020"	2000	200	20	0
"Mar 21, 2020"	2000	300	20	0
"Mar 22, 2020"	2500	200	20	0
"Mar 23, 2020"	2500	200	20	0
"Mar 24, 2020"	2500	200	20	0
"Mar 25, 2020"	2500	300	20	0
"Mar 26, 2020"	2500	200	25	0
"Mar 27, 2020"	2500	200	25	0
"Mar 28, 2020"	2500	300	25	0
"Mar 29, 2020"	2500	200	25	0
"Mar 30, 2020"	3333	200	33	0
"Mar 31, 2020"	3333	300	33	0
"Apr 01, 2020"	3334	200	34	1
"Apr 02, 2020"	3333	200	16	0
"Apr 03, 2020"	3333	200	17	0
"Apr 04, 2020"	3334	200	17	0
"Apr 05, 2020"	2500	250	16	0
"Apr 06, 2020"	2500	250	17	0
"Apr 07, 2020"	2500	250	17	0
"Apr 08, 2020"	2500	250	33	0
"Apr 09, 2020"	5000	200	33	0
"Apr 10, 2020"	5000	200	34	0
"Apr 11, 2020"	2500	200	33	0
"Apr 12, 2020"	2500	200	33	0
"Apr 13, 2020"	2500	200	34	0
"Apr 14, 2020"	2500	250	33	0
"Apr 15, 2020"	3333	250	33	0
"Apr 16, 2020"	3333	250	34	0
"Apr 17, 2020"	3334	250	33	0
"Apr 18, 2020"	2500	250	33	0
"Apr 19, 2020"	2500	250	34	0
"Apr 20, 2020"	2500	250	33	0
"Apr 21, 2020"	2500	250	33	0
"Apr 22, 2020"	2500	200	34	0
"Apr 23, 2020"	2500	200	25	0
"Apr 24, 2020"	2500	200	25	0
"Apr 25, 2020"	2500	200	25	0
"Apr 26, 2020"	2500	200	25	0
"Apr 27, 2020"	2500	250	33	0
"Apr 28, 2020"	2500	250	33	0
"Apr 29, 2020"	2500	250	34	0
"Apr 30, 2020"	10000	250	50	0
"May 01, 2020"	10000	1000	50	0
"May 02, 2020"	3333	166	20	0
"May 03, 2020"	3333	167	20	0
"May 04, 2020"	3334	167	20	0
"May 05, 2020"	5000	166	20	0
"May 06, 2020"	5000	167	20	0
"May 07, 2020"	3333	167	33	0
"May 08, 2020"	3333	500	33	0
"May 09, 2020"	3334	500	34	0
"May 10, 2020"	5000	500	33	0
"May 11, 2020"	5000	500	33	0
"May 12, 2020"	2500	333	34	0
"May 13, 2020"	2500	333	25	0
"May 14, 2020"	2500	334	25	0
"May 15, 2020"	2500	500	25	0
"May 16, 2020"	3333	500	25	0
"May 17, 2020"	3333	500	25	1
"May 18, 2020"	3334	500	25	0
"May 19, 2020"	5000	500	25	0
"May 20, 2020"	5000	500	25	0
"May 21, 2020"	2500	250	25	0
"May 22, 2020"	2500	250	25	0
"May 23, 2020"	2500	250	25	0
"May 24, 2020"	2500	250	25	0
"May 25, 2020"	2500	250	50	0
"May 26, 2020"	2500	250	50	0
"May 27, 2020"	2500	250	16	0
"May 28, 2020"	2500	250	17	0
"May 29, 2020"	5000	250	17	0
"May 30, 2020"	5000	250	16	0
"May 31, 2020"	2500	250	17	0
"Jun 01, 2020"	2500	250	17	0
"Jun 02, 2020"	2500	250	33	0
"Jun 03, 2020"	2500	250	33	0
"Jun 04, 2020"	5000	250	34	0
"Jun 05, 2020"	5000	250	20	0
"Jun 06, 2020"	2000	250	20	0
"Jun 07, 2020"	2000	250	20	0
"Jun 08, 2020"	2000	250	20	0
"Jun 09, 2020"	2000	250	20	0
"Jun 10, 2020"	2000	333	25	0
"Jun 11, 2020"	3333	333	25	0
"Jun 12, 2020"	3333	334	25	0
"Jun 13, 2020"	3334	250	25	0
"Jun 14, 2020"	10000	250	33	0
"Jun 15, 2020"	5000	250	33	0
"Jun 16, 2020"	5000	250	34	0
"Jun 17, 2020"	3333	333	33	0
"Jun 18, 2020"	3333	333	33	0
"Jun 19, 2020"	3334	334	34	0
"Jun 20, 2020"	2500	250	50	0
"Jun 21, 2020"	2500	250	50	0
"Jun 22, 2020"	2500	250	33	0
"Jun 23, 2020"	2500	250	33	0
"Jun 24, 2020"	2000	333	34	0
"Jun 25, 2020"	2000	333	50	0
"Jun 26, 2020"	2000	334	50	0
"Jun 27, 2020"	2000	333	-200	0
"Jun 28, 2020"	2000	333	150	0
"Jun 29, 2020"	3333	334	150	0
"Jun 30, 2020"	3333	-334	33	0
"Jul 01, 2020"	3334	-333	33	1
"Jul 02, 2020"	2500	-333	34	0
"Jul 03, 2020"	2500	2000	50	0
"Jul 04, 2020"	2500	333	50	0
"Jul 05, 2020"	2500	333	33	0
"Jul 06, 2020"	2500	334	33	0
"Jul 07, 2020"	2500	250	34	0
"Jul 08, 2020"	2500	250	50	0
"Jul 09, 2020"	2500	250	50	0
"Jul 10, 2020"	3333	250	33	0
"Jul 11, 2020"	3333	333	33	0
"Jul 12, 2020"	3334	333	34	0
"Jul 13, 2020"	5000	334	33	0
"Jul 14, 2020"	5000	333	33	0
"Jul 15, 2020"	10000	333	34	0
"Jul 16, 2020"	10000	334	50	0
"Jul 17, 2020"	10000	500	50	0
"Jul 18, 2020"	10000	500	33	0
"Jul 19, 2020"	50000	500	33	0
"Jul 20, 2020"	10000	500	34	0
"Jul 21, 2020"	10000	500	50	0
"Jul 22, 2020"	5000	500	50	0
"Jul 23, 2020"	5000	500	200	0
"Jul 24, 2020"	5000	500	-100	0
"Jul 25, 2020"	5000	500	100	0
"Jul 26, 2020"	10000	500	50	0
"Jul 27, 2020"	2500	500	50	0
"Jul 28, 2020"	2500	500	100	0
"Jul 29, 2020"	2500	500	50	0
"Jul 30, 2020"	2500	500	50	0
"Jul 31, 2020"	10000	500	100	0
"Aug 01, 2020"	10000	500	100	1
"Aug 02, 2020"	10000	500	50	0
"Aug 03, 2020"	10000	500	50	0
"Aug 04, 2020"	20000	500	50	0
"Aug 05, 2020"	10000	500	50	0
"Aug 06, 2020"	5000	500	100	0
"Aug 07, 2020"	5000	500	100	0
"Aug 08, 2020"	10000	500	33	0
"Aug 09, 2020"	10000	500	33	0
"Aug 10, 2020"	10000	500	34	0
"Aug 11, 2020"	10000	500	50	0
"Aug 12, 2020"	10000	500	50	0
"Aug 13, 2020"	10000	500	50	0
"Aug 14, 2020"	5000	500	50	0
"Aug 15, 2020"	5000	500	33	0
"Aug 16, 2020"	30000	500	33	0
"Aug 17, 2020"	10000	500	34	0
"Aug 18, 2020"	5000	1000	100	0
"Aug 19, 2020"	5000	333	33	0
"Aug 20, 2020"	10000	333	33	0
"Aug 21, 2020"	10000	334	34	0
"Aug 22, 2020"	10000	333	50	0
"Aug 23, 2020"	10000	333	50	0
"Aug 24, 2020"	10000	334	50	0
"Aug 25, 2020"	5000	333	50	0
"Aug 26, 2020"	5000	333	50	0
"Aug 27, 2020"	5000	334	50	0
"Aug 28, 2020"	5000	500	100	0
"Aug 29, 2020"	10000	500	50	0
"Aug 30, 2020"	20000	1000	50	0
"Aug 31, 2020"	40000	1000	50	0
"Sep 01, 2020"	10000	1000	50	1
"Sep 02, 2020"	10000	1000	100	0
"Sep 03, 2020"	10000	1000	100	0
"Sep 04, 2020"	10000	500	100	0
"Sep 05, 2020"	10000	500	200	0
"Sep 06, 2020"	10000	333	100	0
"Sep 07, 2020"	10000	333	100	0
"Sep 08, 2020"	5000	334	200	0
"Sep 09, 2020"	5000	333	100	0
"Sep 10, 2020"	10000	333	100	0
"Sep 11, 2020"	10000	334	200	0
"Sep 12, 2020"	10000	500	100	0
"Sep 13, 2020"	10000	500	200	0
"Sep 14, 2020"	5000	333	33	0
"Sep 15, 2020"	5000	333	33	0
"Sep 16, 2020"	10000	334	34	0
"Sep 17, 2020"	3333	333	50	0
"Sep 18, 2020"	3333	333	50	0
"Sep 19, 2020"	3334	334	50	0
"Sep 20, 2020"	10000	500	50	0
"Sep 21, 2020"	5000	500	50	0
"Sep 22, 2020"	5000	500	50	0
"Sep 23, 2020"	10000	500	50	0
"Sep 24, 2020"	10000	500	50	0
"Sep 25, 2020"	30000	500	50	0
"Sep 26, 2020"	10000	1000	50	0
"Sep 27, 2020"	10000	500	50	0
"Sep 28, 2020"	10000	500	50	0
"Sep 29, 2020"	20000	1000	100	0
"Sep 30, 2020"	10000	500	50	0
"Oct 01, 2020"	10000	500	50	1
"Oct 02, 2020"	20000	1000	100	0
"Oct 03, 2020"	10000	500	50	1
"Oct 04, 2020"	10000	500	50	1
"Oct 05, 2020"	10000	500	100	1
"Oct 06, 2020"	10000	500	200	1
"Oct 07, 2020"	20000	500	-100	1
"Oct 08, 2020"	30000	500	100	1
"Oct 09, 2020"	10000	500	50	1
"Oct 10, 2020"	10000	500	50	1
"Oct 11, 2020"	10000	500	100	1
"Oct 12, 2020"	10000	500	100	1
"Oct 13, 2020"	20000	1000	50	1
"Oct 14, 2020"	5000	500	50	1
"Oct 15, 2020"	5000	500	100	1
"Oct 16, 2020"	10000	1000	100	1
"Oct 17, 2020"	90000	500	100	1
"Oct 18, 2020"	20000	500	100	1
"Oct 19, 2020"	30000	1000	100	1
"Oct 20, 2020"	10000	1000	100	1
"Oct 21, 2020"	20000	500	100	1
"Oct 22, 2020"	10000	500	100	1
"Oct 23, 2020"	10000	1000	100	1
"Oct 24, 2020"	20000	1000	100	1
"Oct 25, 2020"	20000	50000	100	1
"Oct 26, 2020"	10000	50000	100	1
"Oct 27, 2020"	10000	50000	100	1
"Oct 28, 2020"	20000	22000	100	1
"Oct 29, 2020"	10000	8000	100	1
"Oct 30, 2020"	10000	3000	100	1
"Oct 31, 2020"	20000	6000	100	1
"Nov 01, 2020"	20000	4000	100	1
"Nov 02, 2020"	20000	5000	100	1
"Nov 03, 2020"	20000	1000	100	1
"Nov 04, 2020"	20000	2000	100	1
"Nov 05, 2020"	20000	2000	100	1
"Nov 06, 2020"	10000	4000	100	1
"Nov 07, 2020"	20000	1000	100	1
"Nov 08, 2020"	10000	2000	100	1
"Nov 09, 2020"	10000	2000	50	1
"Nov 10, 2020"	10000	1000	50	1
"Nov 11, 2020"	20000	1000	50	1
"Nov 12, 2020"	5000	1000	50	1
"Nov 13, 2020"	5000	2000	100	1
"Nov 14, 2020"	30000	10000	50	1
"Nov 15, 2020"	10000	11000	50	1
"Nov 16, 2020"	30000	2000	100	1
"Nov 17, 2020"	50000	3000	50	1
"Nov 18, 2020"	20000	3000	50	1
"Nov 19, 2020"	20000	2000	100	1
"Nov 20, 2020"	10000	1000	200	1
"Nov 21, 2020"	20000	2000	200	1
"Nov 22, 2020"	10000	2000	200	1
"Nov 23, 2020"	10000	1000	200	1
"Nov 24, 2020"	10000	1000	200	1
"Nov 25, 2020"	20000	1000	200	1
"Nov 26, 2020"	10000	2000	200	1
"Nov 27, 2020"	5000	1000	200	1
"Nov 28, 2020"	5000	1000	200	1
"Nov 29, 2020"	10000	1000	300	1
"Nov 30, 2020"	10000	1000	100	1
"Dec 01, 2020"	20000	1000	100	1
"Dec 02, 2020"	20000	2000	100	1
"Dec 03, 2020"	10000	3000	100	1
"Dec 04, 2020"	30000	1000	100	1
"Dec 05, 2020"	20000	3000	200	1
"Dec 06, 2020"	20000	20000	100	2
"Dec 07, 2020"	20000	52000	100	1
"Dec 08, 2020"	10000	38000	100	1
"Dec 09, 2020"	20000	17000	100	1
"Dec 10, 2020"	30000	10000	100	2
"Dec 11, 2020"	20000	5000	200	1
"Dec 12, 2020"	10000	5000	50	1
"Dec 13, 2020"	30000	5000	50	1
"Dec 14, 2020"	20000	3000	100	1
"Dec 15, 2020"	30000	2000	100	2
"Dec 16, 2020"	40000	5000	100	1
"Dec 17, 2020"	70000	3000	50	1
"Dec 18, 2020"	50000	3000	50	1
"Dec 19, 2020"	50000	4000	100	2
"Dec 20, 2020"	20000	5000	100	1
"Dec 21, 2020"	60000	3000	100	1
"Dec 22, 2020"	30000	3000	100	1
"Dec 23, 2020"	40000	3000	100	1
"Dec 24, 2020"	30000	3000	100	2
"Dec 25, 2020"	20000	2000	100	1
"Dec 26, 2020"	20000	2000	200	1
"Dec 27, 2020"	20000	3000	100	1
"Dec 28, 2020"	50000	2000	100	2
"Dec 29, 2020"	30000	4000	100	1
"Dec 30, 2020"	30000	4000	200	1
"Dec 31, 2020"	30000	4000	100	1
"Jan 01, 2021"	20000	3000	100	2
"Jan 02, 2021"	20000	3000	200	0
"Jan 03, 2021"	30000	2000	100	0
"Jan 04, 2021"	40000	3000	200	0
"Jan 05, 2021"	50000	3000	100	1
"Jan 06, 2021"	90000	4000	200	0
"Jan 07, 2021"	140000	4000	200	0
"Jan 08, 2021"	40000	3000	100	0
"Jan 09, 2021"	40000	3000	200	1
"Jan 10, 2021"	20000	2000	200	0
"Jan 11, 2021"	30000	3000	100	0
"Jan 12, 2021"	20000	2000	200	0
"Jan 13, 2021"	20000	1000	200	1
"Jan 14, 2021"	20000	3000	50	0
"Jan 15, 2021"	10000	1000	50	0
"Jan 16, 2021"	60000	1000	100	0
"Jan 17, 2021"	20000	3000	100	1
"Jan 18, 2021"	20000	1000	100	0
"Jan 19, 2021"	40000	2000	100	0
"Jan 20, 2021"	30000	1000	100	0
"Jan 21, 2021"	20000	3000	100	1
"Jan 22, 2021"	10000	2000	100	0
"Jan 23, 2021"	20000	3000	100	0
"Jan 24, 2021"	20000	4000	100	0
"Jan 25, 2021"	30000	3000	50	1
"Jan 26, 2021"	10000	4000	50	0
"Jan 27, 2021"	20000	3000	100	0
"Jan 28, 2021"	20000	4000	100	0
"Jan 29, 2021"	10000	4000	100	1
"Jan 30, 2021"	20000	20000	100	0
"Jan 31, 2021"	10000	5000	100	0
"Feb 01, 2021"	30000	5000	100	1
"Feb 02, 2021"	10000	5000	100	0
"Feb 03, 2021"	10000	4000	100	0
"Feb 04, 2021"	20000	3000	100	0
"Feb 05, 2021"	30000	16000	100	1
"Feb 06, 2021"	10000	2000	200	0
"Feb 07, 2021"	20000	2000	200	0
"Feb 08, 2021"	20000	4000	200	1
"Feb 09, 2021"	30000	1000	200	0
"Feb 10, 2021"	20000	2000	200	0
"Feb 11, 2021"	10000	3000	200	1
"Feb 12, 2021"	30000	3000	200	0
"Feb 13, 2021"	10000	2000	200	0
"Feb 14, 2021"	40000	12000	200	1
"Feb 15, 2021"	20000	4000	200	0
"Feb 16, 2021"	10000	2000	50	0
"Feb 17, 2021"	30000	3000	50	1
"Feb 18, 2021"	20000	1000	100	0
"Feb 19, 2021"	10000	1000	100	0
"Feb 20, 2021"	20000	3000	100	1
"Feb 21, 2021"	10000	1000	100	0
"Feb 22, 2021"	20000	1000	100	0
"Feb 23, 2021"	10000	1000	100	1
"Feb 24, 2021"	20000	2000	100	0
"Feb 25, 2021"	10000	500	100	0
"Feb 26, 2021"	10000	500	100	1
"Feb 27, 2021"	10000	1000	50	0
"Feb 28, 2021"	20000	1000	50	0
"Mar 01, 2021"	30000	3000	100	1
"Mar 02, 2021"	30000	1000	50	0
"Mar 03, 2021"	10000	1000	50	0
"Mar 04, 2021"	20000	3000	100	0
"Mar 05, 2021"	10000	5000	100	0
"Mar 06, 2021"	30000	2000	50	0
"Mar 07, 2021"	30000	1000	50	0
"Mar 08, 2021"	20000	2000	100	0
"Mar 09, 2021"	20000	3000	100	0
"Mar 10, 2021"	10000	1000	50	0
"Mar 11, 2021"	10000	1000	50	0
"Mar 12, 2021"	20000	2000	100	1
"Mar 13, 2021"	10000	1000	50	0
"Mar 14, 2021"	10000	1000	50	0
"Mar 15, 2021"	10000	1000	100	0
"Mar 16, 2021"	20000	2000	100	0
"Mar 17, 2021"	5000	1000	100	0
"Mar 18, 2021"	5000	500	50	0
"Mar 19, 2021"	20000	500	50	0
"Mar 20, 2021"	20000	13000	100	0
"Mar 21, 2021"	10000	2000	33	0
"Mar 22, 2021"	10000	1000	33	1
"Mar 23, 2021"	10000	1000	34	0
"Mar 24, 2021"	10000	1000	50	0
"Mar 25, 2021"	10000	6000	50	0
"Mar 26, 2021"	10000	2000	50	0
"Mar 27, 2021"	10000	3000	50	0
"Mar 28, 2021"	20000	3000	50	0
"Mar 29, 2021"	10000	3000	50	0
"Mar 30, 2021"	10000	2000	50	0
"Mar 31, 2021"	10000	1000	50	0
"Apr 01, 2021"	20000	1000	100	1
"Apr 02, 2021"	10000	2000	100	0
"Apr 03, 2021"	10000	1000	100	0
"Apr 04, 2021"	30000	1000	200	0
"Apr 05, 2021"	40000	3000	100	0
"Apr 06, 2021"	10000	2000	100	1
"Apr 07, 2021"	110000	3000	100	0
"Apr 08, 2021"	40000	3000	200	0
"Apr 09, 2021"	20000	2000	100	0
"Apr 10, 2021"	20000	1000	100	1
"Apr 11, 2021"	20000	1000	100	0
"Apr 12, 2021"	20000	1000	200	0
"Apr 13, 2021"	10000	2000	100	0
"Apr 14, 2021"	30000	1000	100	1
"Apr 15, 2021"	20000	2000	100	0
"Apr 16, 2021"	20000	2000	100	0
"Apr 17, 2021"	10000	1000	100	0
"Apr 18, 2021"	20000	2000	200	0
"Apr 19, 2021"	10000	1000	100	1
"Apr 20, 2021"	30000	2000	100	0
"Apr 21, 2021"	10000	2000	100	0
"Apr 22, 2021"	20000	1000	100	0
"Apr 23, 2021"	10000	3000	200	1
"Apr 24, 2021"	10000	1000	50	0
"Apr 25, 2021"	20000	2000	50	0
"Apr 26, 2021"	10000	1000	100	0
"Apr 27, 2021"	20000	2000	100	1
"Apr 28, 2021"	60000	2000	100	0
"Apr 29, 2021"	20000	2000	100	0
"Apr 30, 2021"	10000	2000	100	0
"May 01, 2021"	10000	2000	100	1
"May 02, 2021"	20000	3000	100	0
"May 03, 2021"	10000	500	100	1
"May 04, 2021"	10000	500	100	1
"May 05, 2021"	20000	1000	50	1
"May 06, 2021"	10000	1000	50	1
"May 07, 2021"	10000	1000	100	1
"May 08, 2021"	10000	1000	300	1
"May 09, 2021"	10000	1000	-200	0
"May 10, 2021"	20000	1000	100	1
"May 11, 2021"	10000	1000	100	1
"May 12, 2021"	10000	1000	50	1
"May 13, 2021"	10000	1000	50	1
"May 14, 2021"	10000	500	100	1
"May 15, 2021"	20000	500	100	1
"May 16, 2021"	10000	1000	200	1
"May 17, 2021"	10000	500	-100	0
"May 18, 2021"	10000	500	50	1
"May 19, 2021"	10000	1000	50	1
"May 20, 2021"	10000	1000	100	1
"May 21, 2021"	10000	500	50	1
"May 22, 2021"	10000	500	50	1
"May 23, 2021"	10000	1000	100	1
"May 24, 2021"	10000	1000	200	1
"May 25, 2021"	10000	1666	-100	0
"May 26, 2021"	10000	1667	100	1
"May 27, 2021"	20000	1667	50	1
"May 28, 2021"	20000	1666	50	1
"May 29, 2021"	20000	1667	100	1
"May 30, 2021"	10000	1667	50	1
"May 31, 2021"	10000	1666	50	1
"Jun 01, 2021"	10000	1667	100	1
"Jun 02, 2021"	30000	1667	100	1
"Jun 03, 2021"	20000	1666	50	2
"Jun 04, 2021"	10000	1667	50	2
"Jun 05, 2021"	20000	1667	100	1
"Jun 06, 2021"	20000	1111	100	2
"Jun 07, 2021"	20000	1111	50	2
"Jun 08, 2021"	30000	1111	50	1
"Jun 09, 2021"	20000	1111	100	2
"Jun 10, 2021"	10000	1111	100	2
"Jun 11, 2021"	5000	1111	50	2
"Jun 12, 2021"	5000	1111	50	1
"Jun 13, 2021"	10000	1111	100	2
"Jun 14, 2021"	10000	1112	100	2
"Jun 15, 2021"	10000	769	50	1
"Jun 16, 2021"	10000	769	50	2
"Jun 17, 2021"	10000	769	100	2
"Jun 18, 2021"	5000	769	100	1
"Jun 19, 2021"	5000	770	50	2
"Jun 20, 2021"	10000	769	50	2
"Jun 21, 2021"	10000	769	50	2
"Jun 22, 2021"	30000	769	50	1
"Jun 23, 2021"	10000	770	50	2
"Jun 24, 2021"	10000	769	50	2
"Jun 25, 2021"	10000	769	200	1
"Jun 26, 2021"	10000	769	-100	2
"Jun 27, 2021"	40000	770	50	2
"Jun 28, 2021"	10000	666	50	1
"Jun 29, 2021"	10000	667	100	2
"Jun 30, 2021"	10000	667	50	2
"Jul 01, 2021"	10000	666	50	2
"Jul 02, 2021"	10000	667	50	0
"Jul 03, 2021"	5000	667	50	1
"Jul 04, 2021"	5000	666	100	1
"Jul 05, 2021"	10000	667	50	1
"Jul 06, 2021"	5000	667	50	1
"Jul 07, 2021"	5000	666	100	1
"Jul 08, 2021"	10000	667	50	1
"Jul 09, 2021"	10000	667	50	1
"Jul 10, 2021"	10000	666	100	1
"Jul 11, 2021"	10000	667	50	1
"Jul 12, 2021"	10000	667	50	1
"Jul 13, 2021"	10000	666	100	1
"Jul 14, 2021"	10000	667	100	1
"Jul 15, 2021"	10000	667	50	1
"Jul 16, 2021"	10000	666	50	1
"Jul 17, 2021"	10000	667	100	1
"Jul 18, 2021"	10000	667	100	1
"Jul 19, 2021"	10000	666	50	1
"Jul 20, 2021"	10000	667	50	1
"Jul 21, 2021"	10000	667	100	1
"Jul 22, 2021"	10000	666	100	1
"Jul 23, 2021"	10000	667	100	1
"Jul 24, 2021"	10000	667	50	1
"Jul 25, 2021"	10000	666	50	1
"Jul 26, 2021"	10000	667	100	1
"Jul 27, 2021"	20000	667	50	1
"Jul 28, 2021"	10000	714	50	1
"Jul 29, 2021"	10000	714	100	1
"Jul 30, 2021"	10000	714	50	1
"Jul 31, 2021"	20000	715	50	1
"Aug 01, 2021"	10000	714	100	1
"Aug 02, 2021"	10000	714	100	0
"Aug 03, 2021"	10000	715	50	0
"Aug 04, 2021"	10000	714	50	1
"Aug 05, 2021"	10000	714	50	0
"Aug 06, 2021"	10000	714	50	1
"Aug 07, 2021"	10000	715	50	0
"Aug 08, 2021"	10000	714	50	1
"Aug 09, 2021"	10000	714	100	0
"Aug 10, 2021"	10000	715	600	1
"Aug 11, 2021"	5000	555	600	0
"Aug 12, 2021"	5000	556	600	1
"Aug 13, 2021"	5000	555	600	0
"Aug 14, 2021"	5000	556	600	1
"Aug 15, 2021"	10000	555	700	0
"Aug 16, 2021"	5000	556	33	1
"Aug 17, 2021"	5000	555	33	0
"Aug 18, 2021"	10000	556	34	1
"Aug 19, 2021"	5000	556	50	0
"Aug 20, 2021"	5000	555	50	1
"Aug 21, 2021"	10000	556	50	0
"Aug 22, 2021"	5000	555	50	1
"Aug 23, 2021"	5000	556	50	0
"Aug 24, 2021"	5000	555	50	1
"Aug 25, 2021"	5000	556	50	0
"Aug 26, 2021"	5000	555	50	1
"Aug 27, 2021"	5000	556	100	0
"Aug 28, 2021"	120000	556	200	1
"Aug 29, 2021"	60000	5000	200	0
"Aug 30, 2021"	50000	5000	100	1
"Aug 31, 2021"	30000	1428	200	0
"Sep 01, 2021"	30000	1429	200	1
"Sep 02, 2021"	10000	1428	100	0
"Sep 03, 2021"	20000	1429	200	1
"Sep 04, 2021"	30000	1428	200	1
"Sep 05, 2021"	20000	1429	100	0
"Sep 06, 2021"	10000	1429	200	1
"Sep 07, 2021"	20000	1000	200	1
"Sep 08, 2021"	10000	1000	200	1
"Sep 09, 2021"	20000	1000	33	0
"Sep 10, 2021"	10000	1000	33	1
"Sep 11, 2021"	5000	1000	34	1
"Sep 12, 2021"	5000	1000	50	0
"Sep 13, 2021"	20000	1000	50	1
"Sep 14, 2021"	15000	1000	50	1
"Sep 15, 2021"	15000	1000	50	1
"Sep 16, 2021"	20000	1000	50	0
"Sep 17, 2021"	10000	666	50	1
"Sep 18, 2021"	10000	667	50	1
"Sep 19, 2021"	20000	667	50	1
"Sep 20, 2021"	5000	666	33	0
"Sep 21, 2021"	5000	667	33	1
"Sep 22, 2021"	10000	667	34	1
"Sep 23, 2021"	10000	666	50	0
"Sep 24, 2021"	10000	667	50	1
"Sep 25, 2021"	10000	667	33	1
"Sep 26, 2021"	20000	666	33	1
"Sep 27, 2021"	10000	667	34	0
"Sep 28, 2021"	10000	667	50	1
"Sep 29, 2021"	10000	666	50	1
"Sep 30, 2021"	5000	667	50	1
"Oct 01, 2021"	5000	667	50	1
"Oct 02, 2021"	10000	238	33	0
"Oct 03, 2021"	5000	238	33	0
"Oct 04, 2021"	5000	238	34	0
"Oct 05, 2021"	5000	238	50	1
"Oct 06, 2021"	5000	238	50	0
"Oct 07, 2021"	5000	238	33	0
"Oct 08, 2021"	5000	238	33	1
"Oct 09, 2021"	5000	238	34	1
"Oct 10, 2021"	5000	238	50	1
"Oct 11, 2021"	5000	238	50	1
"Oct 12, 2021"	5000	239	33	1
"Oct 13, 2021"	5000	238	33	1
"Oct 14, 2021"	5000	238	34	1
"Oct 15, 2021"	5000	238	33	1
"Oct 16, 2021"	5000	238	33	2
"Oct 17, 2021"	5000	238	34	0
"Oct 18, 2021"	5000	238	33	0
"Oct 19, 2021"	5000	238	33	1
"Oct 20, 2021"	5000	238	34	0
"Oct 21, 2021"	5000	238	50	0
"Oct 22, 2021"	5000	239	50	1
"Oct 23, 2021"	5000	238	10	0
"Oct 24, 2021"	5000	238	10	1
"Oct 25, 2021"	5000	238	10	0
"Oct 26, 2021"	5000	238	10	0
"Oct 27, 2021"	5000	238	10	1
"Oct 28, 2021"	5000	238	10	0
"Oct 29, 2021"	3333	238	10	0
"Oct 30, 2021"	3333	238	10	1
"Oct 31, 2021"	3334	238	10	0
"Nov 01, 2021"	5000	238	10	1
"Nov 02, 2021"	5000	239	14	0
"Nov 03, 2021"	3333	238	14	0
"Nov 04, 2021"	3333	238	14	1
"Nov 05, 2021"	3334	238	15	0
"Nov 06, 2021"	5000	238	14	0
"Nov 07, 2021"	5000	238	14	1
"Nov 08, 2021"	5000	238	15	0
"Nov 09, 2021"	5000	238	16	1
"Nov 10, 2021"	5000	238	17	0
"Nov 11, 2021"	5000	238	17	0
"Nov 12, 2021"	5000	239	16	0
"Nov 13, 2021"	5000	416	17	1
"Nov 14, 2021"	3333	417	17	0
"Nov 15, 2021"	3333	417	25	0
"Nov 16, 2021"	3334	416	25	0
"Nov 17, 2021"	5000	417	25	1
"Nov 18, 2021"	5000	417	25	0
"Nov 19, 2021"	3333	416	33	1
"Nov 20, 2021"	3333	417	33	0
"Nov 21, 2021"	3334	417	34	1
"Nov 22, 2021"	5000	416	33	0
"Nov 23, 2021"	5000	417	33	1
"Nov 24, 2021"	5000	417	34	0
"Nov 25, 2021"	5000	416	100	1
"Nov 26, 2021"	5000	417	100	0
"Nov 27, 2021"	5000	417	-100	0
"Nov 28, 2021"	20000	416	33	1
"Nov 29, 2021"	20000	417	33	0
"Nov 30, 2021"	10000	417	34	0
"Dec 01, 2021"	10000	416	200	1
"Dec 02, 2021"	5000	417	-100	1
"Dec 03, 2021"	5000	417	50	1
"Dec 04, 2021"	10000	416	50	1
"Dec 05, 2021"	10000	417	50	2
"Dec 06, 2021"	10000	417	50	1
"Dec 07, 2021"	5000	454	50	1
"Dec 08, 2021"	5000	455	50	2
"Dec 09, 2021"	5000	454	50	1
"Dec 10, 2021"	5000	455	50	1
"Dec 11, 2021"	10000	454	100	2
"Dec 12, 2021"	5000	455	100	1
"Dec 13, 2021"	5000	454	12	2
"Dec 14, 2021"	3333	455	13	1
"Dec 15, 2021"	3333	454	12	2
"Dec 16, 2021"	3334	455	13	2
"Dec 17, 2021"	10000	455	12	1
"Dec 18, 2021"	5000	454	13	2
"Dec 19, 2021"	5000	455	12	2
"Dec 20, 2021"	5000	454	13	5
"Dec 21, 2021"	5000	455	33	5
"Dec 22, 2021"	16666	454	33	5
"Dec 23, 2021"	16667	455	34	5
"Dec 24, 2021"	16667	454	100	5
"Dec 25, 2021"	60000	455	100	5
"Dec 26, 2021"	10000	454	200	5
"Dec 27, 2021"	90000	455	100	6
"Dec 28, 2021"	20000	455	100	1
"Dec 29, 2021"	40000	588	100	1
"Dec 30, 2021"	40000	588	200	2
"Dec 31, 2021"	80000	588	100	1
"Jan 01, 2022"	6666	588	100	2
"Jan 02, 2022"	6667	589	100	1
"Jan 03, 2022"	6667	588	200	1
"Jan 04, 2022"	6666	588	100	1
"Jan 05, 2022"	6667	588	100	1
"Jan 06, 2022"	6667	589	-50	2
"Jan 07, 2022"	6666	588	-50	1
"Jan 08, 2022"	6667	588	25	2
"Jan 09, 2022"	6667	588	25	2
"Jan 10, 2022"	6666	589	25	1
"Jan 11, 2022"	6667	588	25	2
"Jan 12, 2022"	6667	588	50	2
"Jan 13, 2022"	6666	588	50	1
"Jan 14, 2022"	6667	589	12	2
"Jan 15, 2022"	6667	555	13	1
"Jan 16, 2022"	4000	556	12	2
"Jan 17, 2022"	4000	555	13	2
"Jan 18, 2022"	4000	556	12	1
"Jan 19, 2022"	4000	555	13	2
"Jan 20, 2022"	4000	556	12	2
"Jan 21, 2022"	4000	555	13	0
"Jan 22, 2022"	4000	556	12	1
"Jan 23, 2022"	4000	556	13	0
"Jan 24, 2022"	4000	555	12	1
"Jan 25, 2022"	4000	556	13	1
"Jan 26, 2022"	4000	555	12	0
"Jan 27, 2022"	4000	556	13	1
"Jan 28, 2022"	4000	555	12	1
"Jan 29, 2022"	4000	556	13	0
"Jan 30, 2022"	4000	555	6	1
"Jan 31, 2022"	4000	556	6	1
"Feb 01, 2022"	4000	556	6	1
"Feb 02, 2022"	4000	133	7	1
"Feb 03, 2022"	4000	133	6	1
"Feb 04, 2022"	4000	134	6	1
"Feb 05, 2022"	4000	133	6	2
"Feb 06, 2022"	4000	133	7	0
"Feb 07, 2022"	4000	134	6	1
"Feb 08, 2022"	4000	133	6	0
"Feb 09, 2022"	4000	133	6	1
"Feb 10, 2022"	2222	134	7	0
"Feb 11, 2022"	2222	133	6	1
"Feb 12, 2022"	2222	133	6	0
"Feb 13, 2022"	2222	134	6	1
"Feb 14, 2022"	2223	133	7	0
"Feb 15, 2022"	2222	133	6	1
"Feb 16, 2022"	2222	134	6	0
"Feb 17, 2022"	2222	133	6	1
"Feb 18, 2022"	2223	133	7	0
"Feb 19, 2022"	2222	134	6	1
"Feb 20, 2022"	2222	133	6	0
"Feb 21, 2022"	2222	133	6	1
"Feb 22, 2022"	2222	134	7	0
"Feb 23, 2022"	2223	133	6	0
"Feb 24, 2022"	2222	133	6	0
"Feb 25, 2022"	2222	134	6	1
"Feb 26, 2022"	2222	133	7	0
"Feb 27, 2022"	2223	133	6	0
"Feb 28, 2022"	2222	134	6	0
"Mar 01, 2022"	2222	133	6	1
"Mar 02, 2022"	2222	133	7	0
"Mar 03, 2022"	2222	134	4	1
"Mar 04, 2022"	2223	133	4	0
"Mar 05, 2022"	2222	133	4	1
"Mar 06, 2022"	2222	134	4	1
"Mar 07, 2022"	2222	133	4	0
"Mar 08, 2022"	2223	133	5	1
"Mar 09, 2022"	2222	134	4	1
"Mar 10, 2022"	2222	133	4	0
"Mar 11, 2022"	2222	133	4	0
"Mar 12, 2022"	2222	134	4	0
"Mar 13, 2022"	2223	133	4	0
"Mar 14, 2022"	2222	133	5	0
"Mar 15, 2022"	2222	134	4	0
"Mar 16, 2022"	2222	133	4	0
"Mar 17, 2022"	2223	133	4	1
"Mar 18, 2022"	2222	134	4	0
"Mar 19, 2022"	2222	133	4	1
"Mar 20, 2022"	2222	133	5	0
"Mar 21, 2022"	2222	134	4	1
"Mar 22, 2022"	2223	133	4	0
"Mar 23, 2022"	2222	133	4	1
"Mar 24, 2022"	2222	134	4	0
"Mar 25, 2022"	2222	133	4	1
"Mar 26, 2022"	2223	133	5	0
"Mar 27, 2022"	1136	134	4	1
"Mar 28, 2022"	1136	133	4	1
"Mar 29, 2022"	1137	133	4	1
"Mar 30, 2022"	1136	134	4	1
"Mar 31, 2022"	1136	133	4	1
"Apr 01, 2022"	1137	133	4	1
"Apr 02, 2022"	1136	134	4	0
"Apr 03, 2022"	1136	133	4	0
"Apr 04, 2022"	1137	133	4	1
"Apr 05, 2022"	1136	134	4	0
"Apr 06, 2022"	1137	133	4	1
"Apr 07, 2022"	1136	133	4	0
"Apr 08, 2022"	1136	134	4	0
"Apr 09, 2022"	1137	133	4	1
"Apr 10, 2022"	1136	133	4	0
"Apr 11, 2022"	1136	134	4	1
"Apr 12, 2022"	1137	133	4	0
"Apr 13, 2022"	1136	133	4	0
"Apr 14, 2022"	1136	134	4	0
"Apr 15, 2022"	1137	133	4	0
"Apr 16, 2022"	1136	133	4	0
"Apr 17, 2022"	1137	134	4	0
"Apr 18, 2022"	1136	133	4	0
"Apr 19, 2022"	1136	133	4	1
"Apr 20, 2022"	1137	134	4	1
"Apr 21, 2022"	1136	133	3	1
"Apr 22, 2022"	1136	133	3	1
"Apr 23, 2022"	1137	134	3	1
"Apr 24, 2022"	1136	133	3	1
"Apr 25, 2022"	1136	133	3	1
"Apr 26, 2022"	1137	134	3	1
"Apr 27, 2022"	1136	133	3	1
"Apr 28, 2022"	1137	133	3	0
"Apr 29, 2022"	1136	134	3	0
"Apr 30, 2022"	1136	133	3	0
"May 01, 2022"	1137	133	3	1
"May 02, 2022"	1136	134	3	1
"May 03, 2022"	1136	133	3	1
"May 04, 2022"	1137	133	3	1
"May 05, 2022"	1136	134	3	1
"May 06, 2022"	1136	133	3	1
"May 07, 2022"	1137	133	3	0
"May 08, 2022"	1136	134	3	1
"May 09, 2022"	1137	133	3	0
"May 10, 2022"	1136	133	3	1
"May 11, 2022"	1136	134	3	0
"May 12, 2022"	1137	133	3	1
"May 13, 2022"	1136	133	3	0
"May 14, 2022"	1136	134	3	1
"May 15, 2022"	1137	133	3	4
"May 16, 2022"	1136	133	3	4
"May 17, 2022"	1136	134	3	4
"May 18, 2022"	1137	133	3	4
"May 19, 2022"	1136	133	3	4
"May 20, 2022"	1137	134	3	4
"May 21, 2022"	1136	133	3	4
"May 22, 2022"	1136	133	3	4
"May 23, 2022"	1137	134	4	3
"May 24, 2022"	1136	133	6	4
"May 25, 2022"	1136	133	6	4
"May 26, 2022"	1137	134	6	4
"May 27, 2022"	1136	133	7	4
"May 28, 2022"	1136	133	6	4
"May 29, 2022"	1137	134	6	4
"May 30, 2022"	1136	133	6	4
"May 31, 2022"	1137	133	7	4
"Jun 01, 2022"	1136	134	6	3
"Jun 02, 2022"	1136	133	6	1
"Jun 03, 2022"	1137	133	6	2
"Jun 04, 2022"	1136	134	7	2
"Jun 05, 2022"	1136	133	6	1
"Jun 06, 2022"	1137	133	6	2
"Jun 07, 2022"	1136	134	6	2
"Jun 08, 2022"	1136	133	7	2
"Jun 09, 2022"	1137	133	4	2
"Jun 10, 2022"	1136	134	5	2
"Jun 11, 2022"	1137	133	5	2
"Jun 12, 2022"	1136	133	5	3
"Jun 13, 2022"	1136	134	4	2
"Jun 14, 2022"	1137	133	5	2
"Jun 15, 2022"	1136	133	5	2
"Jun 16, 2022"	1136	134	5	3
"Jun 17, 2022"	1137	133	4	1
"Jun 18, 2022"	1136	133	5	2
"Jun 19, 2022"	1136	134	5	1
"Jun 20, 2022"	1137	133	5	2
"Jun 21, 2022"	1136	133	4	1
"Jun 22, 2022"	1137	134	5	2
"Jun 23, 2022"	88888	133	5	1
"Jun 24, 2022"	88889	133	5	2
"Jun 25, 2022"	88889	134	4	6
"Jun 26, 2022"	88889	133	5	6
"Jun 27, 2022"	88889	133	5	6
"Jun 28, 2022"	88889	134	5	6
"Jun 29, 2022"	88889	133	5	6
"Jun 30, 2022"	88889	133	500	6
"Jul 01, 2022"	88889	134	600	7
"Jul 02, 2022"	1100000	30000	600	785
"Jul 03, 2022"	500000	10000	500	67
"Jul 04, 2022"	400000	10000	600	68
"Jul 05, 2022"	200000	10000	600	67
"Jul 06, 2022"	300000	3333	600	68
"Jul 07, 2022"	200000	3333	500	67
"Jul 08, 2022"	100000	3334	600	68
"Jul 09, 2022"	200000	2500	600	67
"Jul 10, 2022"	100000	2500	600	68
"Jul 11, 2022"	50000	2500	200	71
"Jul 12, 2022"	50000	2500	200	71
"Jul 13, 2022"	100000	1666	200	71
"Jul 14, 2022"	33333	1667	200	72
"Jul 15, 2022"	33333	1667	200	71
"Jul 16, 2022"	33334	1666	200	71
"Jul 17, 2022"	100000	1667	200	71
"Jul 18, 2022"	33333	1667	200	72
"Jul 19, 2022"	33333	625	200	17
"Jul 20, 2022"	33334	625	200	18
"Jul 21, 2022"	25000	625	300	17
"Jul 22, 2022"	25000	625	50	18
"Jul 23, 2022"	25000	625	50	17
"Jul 24, 2022"	25000	625	100	18
"Jul 25, 2022"	25000	625	50	17
"Jul 26, 2022"	25000	625	50	18
"Jul 27, 2022"	25000	625	100	11
"Jul 28, 2022"	25000	625	100	12
"Jul 29, 2022"	14285	625	50	12
"Jul 30, 2022"	14286	625	50	11
"Jul 31, 2022"	14286	625	100	12
"Aug 01, 2022"	14285	625	100	12
"Aug 02, 2022"	14286	625	50	10
"Aug 03, 2022"	14286	625	50	10
"Aug 04, 2022"	14286	113	50	10
"Aug 05, 2022"	11111	114	50	10
"Aug 06, 2022"	11111	113	50	10
"Aug 07, 2022"	11111	114	50	10
"Aug 08, 2022"	11111	114	50	10
"Aug 09, 2022"	11111	113	50	10
"Aug 10, 2022"	11111	114	50	10
"Aug 11, 2022"	11111	114	50	10
"Aug 12, 2022"	11111	113	100	7
"Aug 13, 2022"	11112	114	33	8
"Aug 14, 2022"	6666	114	33	7
"Aug 15, 2022"	6667	113	34	8
"Aug 16, 2022"	6667	114	50	7
"Aug 17, 2022"	6666	113	50	8
"Aug 18, 2022"	6667	114	50	7
"Aug 19, 2022"	6667	114	50	8
"Aug 20, 2022"	6666	113	50	2
"Aug 21, 2022"	6667	114	50	3
"Aug 22, 2022"	6667	114	50	2
"Aug 23, 2022"	6666	113	50	3
"Aug 24, 2022"	6667	114	33	2
"Aug 25, 2022"	6667	114	33	3
"Aug 26, 2022"	6666	113	34	2
"Aug 27, 2022"	6667	114	300	3
"Aug 28, 2022"	6667	113	-200	6
"Aug 29, 2022"	2941	114	50	6
"Aug 30, 2022"	2941	114	50	6
"Aug 31, 2022"	2941	113	50	6
"Sep 01, 2022"	2941	114	50	6
"Sep 02, 2022"	2941	114	50	0
"Sep 03, 2022"	2942	113	50	1
"Sep 04, 2022"	2941	114	100	1
"Sep 05, 2022"	2941	114	25	1
"Sep 06, 2022"	2941	113	25	1
"Sep 07, 2022"	2941	114	25	1
"Sep 08, 2022"	2941	113	25	1
"Sep 09, 2022"	2942	114	25	1
"Sep 10, 2022"	2941	114	25	1
"Sep 11, 2022"	2941	113	25	1
"Sep 12, 2022"	2941	114	25	1
"Sep 13, 2022"	2941	114	12	1
"Sep 14, 2022"	2942	113	13	1
"Sep 15, 2022"	2941	114	12	1
"Sep 16, 2022"	2941	114	13	2
"Sep 17, 2022"	2941	113	12	1
"Sep 18, 2022"	2941	114	13	1
"Sep 19, 2022"	2941	113	12	1
"Sep 20, 2022"	2942	114	13	2
"Sep 21, 2022"	2941	114	9	1
"Sep 22, 2022"	2941	113	9	1
"Sep 23, 2022"	2941	114	9	1
"Sep 24, 2022"	2941	114	9	2
"Sep 25, 2022"	2941	113	9	1
"Sep 26, 2022"	2942	114	9	1
"Sep 27, 2022"	2941	114	9	1
"Sep 28, 2022"	2941	113	9	2
"Sep 29, 2022"	2941	114	9	1
"Sep 30, 2022"	2941	113	9	1
"Oct 01, 2022"	2942	114	10	1
"Oct 02, 2022"	3571	114	15	2
"Oct 03, 2022"	3571	113	15	1
"Oct 04, 2022"	3572	114	16	1
"Oct 05, 2022"	3571	114	15	1
"Oct 06, 2022"	3572	113	15	2
"Oct 07, 2022"	3571	114	16	2
"Oct 08, 2022"	3572	114	15	3
"Oct 09, 2022"	3571	113	16	2
"Oct 10, 2022"	3571	114	15	3
"Oct 11, 2022"	3572	113	15	2
"Oct 12, 2022"	3571	114	16	3
"Oct 13, 2022"	3572	114	15	2
"Oct 14, 2022"	3571	113	16	3
"Oct 15, 2022"	3572	114	12	1
"Oct 16, 2022"	3571	114	13	1
"Oct 17, 2022"	3571	113	12	1
"Oct 18, 2022"	3572	114	13	2
"Oct 19, 2022"	3571	114	12	1
"Oct 20, 2022"	3572	113	13	1
"Oct 21, 2022"	3571	114	12	1
"Oct 22, 2022"	3572	113	13	2
"Oct 23, 2022"	3571	114	25	2
"Oct 24, 2022"	3571	114	25	3
"Oct 25, 2022"	3572	113	25	2
"Oct 26, 2022"	3571	114	25	3
"Oct 27, 2022"	3572	114	25	2
"Oct 28, 2022"	3571	113	25	3
"Oct 29, 2022"	3572	114	25	2
"Oct 30, 2022"	0	114	25	3
"Oct 31, 2022"	0	0	28	4
"Nov 01, 2022"	0	0	29	4
"Nov 02, 2022"	0	0	28	4
"Nov 03, 2022"	0	0	29	5
"Nov 04, 2022"	0	0	28	4
"Nov 05, 2022"	0	0	29	4
"Nov 06, 2022"	0	0	29	5
"Nov 07, 2022"	0	0	0	0
