Index	Title	Views	Likes	Date	Comments
0	so long nerds	86353588	8619294	1656640000000	1475895
1	The Minecraft VR Experience	15795953	867461	1648940000000	85557
2	I Almost Became An Amputee	11263626	1050829	1640310000000	72899
3	Destroying Friendships with the Minecraft Gravity Mod	14292095	992933	1630700000000	46079
4	where I've been	15689169	1553679	1630090000000	256703
5	I Became the Mayor of Skyblock	18819203	879938	1622060000000	54940
6	"I Must Win MrBeast's $10,000 Refrigerator"	36210770	1457844	1617570000000	64794
7	The Main Character of Dream SMP	14776700	804456	1614550000000	39531
8	I Ruined Skeppy's Video	17124851	783905	1610750000000	29187
9	Dream SMP But I Troll Skeppy	15248285	674657	1607810000000	17374
10	The Fall of Manburg [Dream SMP]	11317944	469432	1606860000000	26868
11	Dream SMP: The Red Festival	12474717	607943	1605290000000	30566
12	"Dream VS Technoblade: $100,000 Duel ANALYSIS"	15821278	758559	1598750000000	68621
13	Dream & Technoblade Win the Minecraft Championship w/ Burren & Michael	19035186	629815	1597880000000	23446
14	"Absolutely Ruining a $36,000 Minecraft Tournament"	19998533	675945	1596390000000	45644
15	Skyblock: Potato War 3 (FINALE)	28129562	977487	1594670000000	68803
16	That Time College Discovered My YouTube Channel	12221081	573067	1588360000000	24932
17	"So We Won the Minecraft Championship ft. Tommy, Wilbur & Ph1lza"	15050738	444413	1587840000000	14602
18	Skyblock: Potato War 2	20960600	633578	1583610000000	24126
19	My First Minecraft Championship	3825902	158722	1582490000000	4343
20	Bullying Tommy & Ph1lza With My Goons	10126859	389353	1581540000000	12122
21	SMP Earth: Battle of the Pit	8956566	237752	1580770000000	8087
22	minecraft but we cyberbully a small child (SMP Earth)	8828848	244180	1577480000000	7578
23	That Time I Conquered SMP Earth	11673707	348298	1576620000000	10456
24	SMP Earth: The Empire Begins	8123230	238610	1575240000000	7448
25	Skyblock: The Great Potato War	38280998	961245	1573690000000	40513
26	Minecraft But TNT Spawns On Me Every 10 Seconds	14965265	495949	1571010000000	18971
27	minecraft monday: the finale	5899975	193762	1570840000000	4986
28	the deadliest sword in skyblock	20260278	404787	1570400000000	15563
29	they added guns to bedwars	7387317	293536	1569690000000	9992
30	minecraft but 100 people are trying to kill us (ft. Skeppy)	10880671	362429	1568760000000	12863
31	i dropped out of college to play minecraft lol	3561393	191766	1568480000000	12448
32	minecraft VR is terrifying	6955448	281671	1567270000000	12582
33	minecraft VR is the ultimate fitness program	6741645	305160	1566600000000	15885
34	"the history of technoblade (1,000,000 sub elbow reveal)"	9196309	485513	1566150000000	31549
35	update video so i dont lose pig rank	2415604	151261	1565560000000	8775
36	slaying dragons in skyblock	13228088	276603	1564960000000	9506
37	how i got into minecraft monday	5141223	167247	1564260000000	7943
38	skeppy tries to troll me but i troll him first	27374804	655710	1563560000000	26362
39	bullying famous youtubers in minecraft minigames	18711253	406031	1563150000000	13446
40	stabbing pewdiepie and james charles in minecraft	12607434	382636	1562530000000	21351
41	flying in skyblock	17188545	359747	1562360000000	11603
42	"stabbing famous youtubers in minecraft for $10,000"	17210025	459715	1561820000000	20904
43	PIG RANK ON HYPIXEL	8187816	315904	1561670000000	7417
44	the fastest man in skyblock	17275956	371135	1561320000000	12791
45	the first boss of hypixel skyblock	8802381	185947	1560900000000	5009
46	the hypixel skyblock experience	25701392	582284	1560550000000	27830
47	the secret to my power	3638306	147732	1559770000000	6539
48	the rarest pet on hypixel	6889546	199958	1554500000000	5850
49	skywars tournament: the grandmaster experience	459013	18435	1552920000000	1626
50	YEAR OF THE PIG üê∑	4752180	175202	1551730000000	5580
51	a world of technoblade	5449350	220599	1549400000000	6363
52	so my channel got a community guideline strike (FIXED)	1122027	70106	1548450000000	3224
53	doing every skywars challenge at the same time	7296096	192175	1545250000000	5026
54	oh my god HYTALE	962498	45801	1544990000000	2665
55	Skeppy vs Technoblade (The Final Reckoning)	18780600	437569	1544650000000	21363
56	when pigs fly	326808	19478	1544310000000	1474
57	free history lesson but it's taught by an idiot playing minecraft	2877460	132997	1544220000000	4350
58	why is the midwest so cold help	1980006	108161	1542050000000	8172
59	skywars but all your enemies can fly	2788094	94307	1540670000000	2559
60	i have one purpose in life and it is to capture wool	2601704	89854	1539630000000	2384
61	fortnite played by professionals who know what they're doing	2588279	105140	1536870000000	5793
62	grown man stabs children in bedwars while talking about soap	5737479	286153	1536700000000	9648
63	dude college is CRAZY i fear for my LIFE	1041298	49333	1535220000000	2422
64	what it's like to play on hypixel with 6 ping	4311845	154194	1534880000000	7441
65	im going to college AHHHHHHHHHHHHH	453719	24499	1534010000000	2752
66	technoblade vs the department of motor vehicles	379926	27576	1531430000000	1426
67	cyberbullying children with my new computer	2130579	87492	1530810000000	3823
68	abusing the new OP skywars perk	5630341	157358	1528570000000	5179
69	my lifelong search for a jetpack (fortnite)	1538993	80438	1527110000000	7208
70	getting scammed by the new bedwars mode	5090282	181440	1526580000000	3174
71	bedwars: perfect game challenge	2585402	105549	1526070000000	2799
72	reaching a higher plane of existence in bedwars	3456144	140879	1525720000000	2829
73	GOLD PRESTIGE IN BEDWARS	7906205	194765	1525470000000	5267
74	the year is 2030 and im still iron prestige in bedwars	1183284	47153	1525380000000	2106
75	the new bedwars mode is crazy	3531157	101588	1525210000000	2081
76	proof that bedwars hates me	4131930	145305	1525120000000	4729
77	the iron prestige struggle	1476445	55055	1525030000000	1935
78	fortnite 50v50 because it's my only chance of winning	937787	46018	1524940000000	3253
79	wholesome bedwars	6303767	196830	1524930000000	6848
80	my haircut gives me strength	228781	15026	1524870000000	1813
81	new OP skywars tactic	1286539	54546	1523560000000	2241
82	jacob do your homework noob	823861	40043	1522780000000	3144
83	losing the world record bedwars winstreak	6883573	221322	1521220000000	6901
84	Hypixel vs Technoblade	13653222	479071	1520110000000	13374
85	abusing barrier blocks in bedwars	13049882	343453	1519330000000	5740
86	greatest bow shot of my life	850812	56445	1519110000000	2415
87	happy valentines day noobs also i might stream more idk	314646	18968	1518650000000	2328
88	the case for ranked & mega bedwars	498564	22410	1518290000000	2052
89	bedwars 1500 winstreak (world record)	932496	29911	1517770000000	2249
90	if i get 1 million subs i will reveal one of my elbows	496647	26744	1517520000000	3170
91	is it still called 'youtube beef' if you're a pig?	687219	33285	1517450000000	2467
92	the new bedwars winstreak world record	2709620	92886	1517090000000	3506
93	timedeo vs technoblade (a contest of pure skill)	2402006	69149	1516210000000	1868
94	you need 500 IQ to understand this minecraft minigame	864504	37579	1516130000000	1806
95	mvp++ is the worst thing to happen ever	6973442	263497	1513980000000	13615
96	im bad lol	1173109	57567	1513710000000	3371
97	youtuber makes actual video wow	199883	10471	1511210000000	1296
98	i hate flies	1852599	109851	1510260000000	4695
99	becoming the ultimate tryhard	618114	30426	1509820000000	1720
100	the quest for the [PIG] rank	2389082	107927	1509210000000	9311
101	im finally free	4362106	155107	1509090000000	7982
102	bedwars 1337 winstreak (world record)	1678333	57532	1508960000000	3668
103	my way of life has been destroyed	699015	31332	1508790000000	1833
104	bedwars 1000 winstreak (world record)	15564181	467859	1508000000000	28944
105	revenge of the hackers (bedwars 900 winstreak)	3949855	122676	1507750000000	7171
106	bedwars 800 winstreak (world record)	598527	21224	1507390000000	3046
107	If Bedwars Had Horses	1026503	36011	1507140000000	1322
108	Bedwars + Admin Abuse	8198018	183979	1507060000000	4059
109	Hypixel's $2500 Bedwars Challenge (700 winstreak)	2502452	78755	1506890000000	5488
110	bedwars 600 winstreak meets fly hacker	4157383	141340	1506540000000	7210
111	bedwars 500 winstreak (world record)	1186184	41963	1506180000000	3888
112	sponsor button makes me a fancy boy	198790	11041	1506110000000	898
113	300k subs im a big boy now	313062	19360	1505600000000	2144
114	the dumbest skywars game of 2017	1104432	40111	1505420000000	2455
115	my terrible youtube mentality	159797	10631	1505330000000	1078
116	converting minecraft cheaters into zombie minions	330965	15411	1504810000000	985
117	carrying two noobs in bedwars ft. ginger & hanna	5078634	166816	1504280000000	6949
118	greatest minecraft mod ever created	3465685	104972	1504200000000	3145
119	school is starting and it's going to take all my views nooo	355371	19834	1503610000000	1492
120	pig rider = strongest kit	1779761	58362	1503420000000	2485
121	actual upload wow	377213	21401	1502480000000	1652
122	BETRAYED BY THE SPRAY CAN ft. iBallisticSquid	458385	19905	1502200000000	1400
123	Bedwars Petition: Save TNT	1037949	57558	1500700000000	2482
124	worst bedwars teammates ever (feat. admin + skeppy)	5989167	141063	1500650000000	2968
125	I'm back.	182298	9088	1500390000000	1216
126	beating minecraft hardcore mode with a steering wheel	19386136	721196	1499800000000	41323
127	i hate bedwars.mp4	910882	40791	1499280000000	1611
128	bedwars: mission impossible	7627422	204360	1498930000000	6926
129	Technoblade vs TapL	799379	24698	1498760000000	981
130	FRIENDSHIP NEVER ENDS	169064	7529	1498590000000	346
131	NERD SPOTTED	225485	9034	1498420000000	515
132	my greatest weakness	253344	12890	1498320000000	989
133	nothing but disappointment	233377	11250	1498240000000	470
134	I'M SO ALONE	215280	9884	1498070000000	679
135	How Sony Vegas Pro Almost Prevented Me From Graduating	1751411	70723	1496940000000	1970
136	the adventures of technoblade	814510	28678	1496850000000	934
137	ADMIN ABUSE	3461406	83459	1496770000000	1616
138	Subscribe to Technoblade (2017 Channel Trailer)	1008753	30873	1496710000000	1516
139	How To Cyberbully Skeppy (Skywars Stream Highlights)	6745105	140481	1496170000000	4934
140	youtube sent me a thing	7620919	450755	1496100000000	15905
141	i rant about the new skywars maps for 17 minutes	1830974	65582	1495480000000	1979
142	The Environmentalist Challenge (Skywars Stream Highlight)	865921	27168	1495400000000	739
143	"technoblade, master detective"	532605	27618	1495180000000	658
144	why is tribute the only skywars map lmao	363710	16819	1494960000000	656
145	epic moderator 1v1!!!1!1!	403459	16956	1494720000000	1020
146	skywars but with 2x the nerds	1418263	46476	1494110000000	1457
147	AP tests are slowly killing me help	287102	14507	1493920000000	1032
148	Tournament! (Skywars Highlights feat. TapL +  defib + Tayber)	2719242	67275	1493480000000	3049
149	this is why i have trust issues	1175687	66181	1493340000000	1182
150	united uhc: the lost season	404133	14284	1493320000000	870
151	new #1 skywars strategy	3945056	100176	1493050000000	3145
152	cyberbullying skywars players at record speeds	1208237	46967	1492980000000	1294
153	ADMIN DISBANDED MY GUILD?!?	894599	30926	1492890000000	1899
154	the worst texturepack ever created	5881119	182750	1492620000000	9408
155	pls help me get more subscribers than hillary clinton	307220	18890	1492450000000	1390
156	111 technoblade uhc	1372666	50727	1492300000000	1772
157	19th century criticism of president andrew jackson	595334	28231	1492200000000	1414
158	my head has returned to a normal shape	544742	26634	1492130000000	1271
159	no techno left behind (guild announcement)	214388	10349	1492050000000	3497
160	cant commentate yet so here's a failed recording	866085	32313	1491970000000	1530
161	three-dimensional strafes	682732	28071	1491770000000	2967
162	getting surgery lol	538726	30921	1491710000000	2060
163	how to youtube	484507	26119	1491330000000	2441
164	#1 bedwars trap	1780691	73332	1491060000000	2505
165	ruthless materialism	1669408	57736	1491000000000	1563
166	technoblade the responsible pet owner	1684090	68699	1490910000000	2424
167	no fun allowed	2983629	87510	1490820000000	3265
168	i am a positive role model	1161231	53392	1490730000000	1654
169	skywars is pokemon	687263	31683	1490480000000	1374
170	cyberbullying nerds with long ranged fire projectiles	161569	7201	1490210000000	543
171	skywars coins are more important than friendship	1018169	44947	1490120000000	1407
172	the legend of tecnoblode	1417256	57951	1489940000000	2228
173	bedwars is a difficult game	12915516	372216	1489430000000	14311
174	consistent uploads are hard. also i trolled my dog	1238073	62482	1489350000000	2153
175	minecraft youtuber returns from long two day absence	201415	10984	1488920000000	872
176	technoblade vs the french language	3812976	152958	1488650000000	7232
177	straightlining skywars players to get into college	281763	14212	1488580000000	693
178	too poor to afford clickbait pls watch me talk about dogs	989577	74625	1488400000000	2918
179	Professional Minecraft PvPer Stabs Children for Coins	598206	29356	1488220000000	1078
180	I AM TREE - Murder Mystery w/ Graser10 & TheBestGinger	2088681	80248	1487970000000	1352
181	abusing youtube rank in murder mystery	1810403	112298	1487900000000	2568
182	Is Hypixel Copying Other Servers?	2005681	65606	1487790000000	4817
183	NEW MINIGAME! (Murder Mystery)	3706455	109747	1487710000000	3516
184	Middle School Stories + Watchdog Does A Thing?!	2467109	99905	1487630000000	3489
185	It's all part of my MASTER PLAN	284961	15694	1487440000000	1043
186	Crawling Challenge! - Skywars	176407	9701	1487260000000	672
187	THE POWER OF LOVE! (Valentine's Day Challenge) - Skywars	773422	43140	1487090000000	1722
188	when i was 9 i was a hardened criminal - skywars	4235381	170130	1486930000000	7985
189	hitting things with shovels - mega walls	101611	4324	1486830000000	368
190	skywars modifiers suck - skywars	235396	12159	1486740000000	1485
191	california is a crazy place - skywars	158570	9235	1486580000000	693
192	edgy teenager talks about the meaning of life - skywars	977435	75579	1486410000000	7420
193	i ramble about editing and the patriarchy - skywars	202518	12605	1486050000000	834
194	"bedwars youtube event w/ AciDic BliTzz, Mydoeza, ShadowApples, a lot of people really"	2699975	74916	1485710000000	2462
195	"Hypixel Olympics: Part 3 (Finale) w/ TheBestGinger13, Zyper & iBeaturscore"	1205959	30492	1485550000000	1089
196	"Hypixel Olympics: Part 2 w/ iBeaturscore, TheBestGinger13 & Zyper"	1542441	31643	1485300000000	970
197	"Hypixel Olympics: Part One w/ Zyper, iBeaturscore & TheBestGinger13"	3404871	60729	1485030000000	1876
198	mlg hacker threatens me on twitter - skywars	2154982	105715	1484940000000	3839
199	school discovered my channel pls send help - skywars	2272790	94334	1484580000000	4271
200	"I Am Alone"" ( Hypixel Skywars TROLL )"""	1167123	59394	1484180000000	1720
201	wtf it's like 8 AM i can't make titles i need sleep - Skywars	396619	24316	1483380000000	1208
202	CHRISTMAS SPIRIT! - Skywars	458103	19136	1482700000000	1764
203	ANVIL STRAT! - Skywars	110146	5196	1482630000000	545
204	HUGE MEGA WALLS UPDATE! (GAMEPLAY)	112929	3910	1482080000000	451
205	"100,000 SUBS"	135863	10368	1482000000000	1249
206	THE POWER OF MUSIC! - Skywars	495066	26747	1481390000000	1318
207	THE BLITZ POLICE - Blitz Survival Games	497641	16088	1481160000000	685
208	I'M A PRINCESS - Skywars	344860	20531	1480890000000	894
209	The Bowspam Continues - Blitz Survival Games	122571	4610	1480640000000	308
210	i like frogs	1220438	68198	1479930000000	3280
211	ARCHER X! - Bowspam Survival Games	466161	23839	1479750000000	744
212	hillary clinton passed me in subs wtf - skywars	325546	14816	1478380000000	966
213	Evil Geniuses - Skywars	716239	42818	1477440000000	1325
214	FLAME BOW! - Blitz	59538	2664	1476400000000	332
215	A Literary Analysis of Color Symbolism in the Great Gatsby - Skywars	223048	16377	1476310000000	820
216	"Map Selector (weak title, I know) - Skywars"	81624	3880	1475950000000	441
217	OP Swords & Back Pain - SkyClash	195573	7937	1475630000000	505
218	please click on this video i need to feed my family i have 12 kids - Skywars	239671	14471	1475340000000	1039
219	eternal_suffering.mp4 - Skywars	89516	4572	1475110000000	507
220	DRAGONS & BETRAYAL - SkyClash w/ TheBestGinger13	156858	5596	1474730000000	435
221	Assassin 6! - Skyclash	131005	3930	1474320000000	414
222	STOP SPAMMING THE STAFF ARE GOING TO KILL ME	49097	2738	1474170000000	468
223	#BringBackSpecChat - Skywars	68547	2964	1474140000000	578
224	Unexpected - Skywars	102767	5332	1473980000000	522
225	NEW MINIGAME! - SkyClash	123672	5262	1473720000000	497
226	The Greatest Players Ever - Skywars	252856	9166	1473630000000	648
227	SWORD CHALLENGE - Skywars	251685	9546	1473550000000	772
228	ONION RING IS BACK?! - Skywars	114195	5333	1473380000000	562
229	"Chat Filters, and Why They Usually Suck"	428177	20356	1473110000000	1698
230	GO GO GO - Skywars	303025	16662	1472850000000	1158
231	BUCKETS - Skywars	315157	12238	1472770000000	754
232	A Work In Progress - Blitz	61829	2823	1472600000000	545
233	CIRCLE STRAT! - Skywars	97735	5690	1472330000000	644
234	On the Resurrection of Blitz	51269	2784	1472000000000	978
235	90K Subs! - Skywars	81605	5092	1471920000000	817
236	YouTube and PvP	122047	5845	1471730000000	848
237	School Adventures - Skywars	1239579	55716	1471570000000	1810
238	HE'S A LEGEND! - Skywars	202259	8843	1471310000000	904
239	YouTuber UHC Games Event	946916	41128	1471110000000	1812
240	school? nooooo - Skywars	121465	6330	1470950000000	738
241	Zyper the TNT Legend - Skywars Highlights	342633	11942	1470770000000	675
242	ONION RING RANT - Skywars	122365	6184	1470690000000	915
243	xXTechnobladeXx - Skywars	178491	6625	1470420000000	902
244	SLEEEEEP - Skywars	74524	4443	1470260000000	560
245	FIRST GAMES BACK! - Skywars	45551	2664	1470070000000	494
246	(insert clickbait here) - Skywars	72878	3734	1469640000000	534
247	WHAT A SAVE! - Skywars	162981	7934	1469570000000	429
248	WORST TEAMMATE EVER! - Mini Walls	181084	8893	1469480000000	401
249	HAAAAAAAAAX - Skywars	446872	18714	1469390000000	1207
250	INTERESTING TITLE!! - Skywars	94823	4932	1469300000000	390
251	Fan Appreciation - Skywars	109734	5618	1469210000000	895
252	0 Kill Win?! - Skywars	715195	33172	1469120000000	1293
253	Knockback II! - Skywars	152902	5790	1469040000000	506
254	STRENGTH RAMPAGE! - Skywars	185793	7341	1468950000000	611
255	COMCAST PLS NO - Skywars	96654	4616	1468780000000	479
256	1v4 Clutch! - Mini Walls	325214	11974	1468690000000	573
257	Clickbait & Rankism - Skywars	101100	5333	1468610000000	637
258	"You Tried, Mojang: The 1.9 Update and Why it Failed"	776007	36619	1468520000000	3332
259	Q&A #2	559811	44896	1468420000000	2037
260	Ping & Karma - Skywars	175520	8078	1468340000000	1065
261	HE'S INVISIBLE! - Skywars	104288	4812	1468260000000	522
262	Arcade Game Treatment - Mini Walls	103223	5317	1468250000000	353
263	BEES - Skywars	180740	9279	1468180000000	1181
264	quality title - Speed UHC	219487	6820	1468160000000	367
265	INTENSE FIGHT!1!!41 - Skywars	88788	3765	1468090000000	689
266	NEW MINIGAME! - Mini Walls	36943	1652	1468080000000	345
267	THE RETURN - Blitz	44877	2652	1468000000000	471
268	More Uploads? - Skywars	50090	2750	1467990000000	707
269	KILL STEALING CHAMPION! - UHC Games Highlights w/ TheBestGinger13	64035	2563	1467820000000	357
270	HUMAN CANNON! - Skywars Solo #57	212490	7601	1467730000000	678
271	Master Troll! - Skywars Solo #56	165317	7618	1467640000000	567
272	ALL THE SUBS! - Skywars Solo #55	65243	4398	1467560000000	574
273	What Makes a Minigame Popular?	77906	4365	1467470000000	742
274	Masters Division Ranked Rewards! - Skywars Solo #54	183514	6871	1467380000000	618
275	GOING FOR GLORY! - Skywars Solo #53	99984	5085	1467240000000	707
276	RIP Spectator Chat - Skywars Solo #52	121812	5903	1467150000000	568
277	I Have No Idea What I'm Doing - Speed UHC #2	121626	5072	1466970000000	402
278	The Quest Continues! - Mega Skywars #31	90612	3358	1466890000000	413
279	New Minigame?! - Speed UHC #1	116453	4802	1466780000000	530
280	COIN UPGRADES... WHY - UHC Games #4	26387	1119	1466700000000	290
281	ALL THE THUMBNAILS MUAHAHA - Skywars Solo #51	140742	5942	1466610000000	647
282	NOTCH APPLE CHALLENGE! - Skywars Solo #50	952060	38000	1466440000000	1083
283	SHARPNESS EIGHT?! - Mega Skywars #30	1293804	54903	1466350000000	2207
284	(just pretend i put a really good Mercy pun here) - Overwatch	76618	4152	1466270000000	510
285	RIP Sleep Schedule - Skywars Solo #49	72784	4350	1466260000000	508
286	I'm Just Fishing - Skywars Solo #48	467574	18715	1466190000000	801
287	SHARPNESS SIX! - Mega Skywars #29	58259	2784	1466110000000	464
288	IM BACK! - Skywars Solo #47	46846	2593	1466020000000	475
289	sharp 6 pls - Mega Skywars #28	34119	1726	1465850000000	425
290	Godshot Attempt v2 - Skywars Solo #46	203731	8480	1465760000000	464
291	sharpness pls ;-; - Mega Skywars #27	60249	2762	1465670000000	500
292	Texture Pack + Vacation - Skywars Solo #45	238332	4366	1465590000000	435
293	the dream	3107263	112363	1465510000000	3043
294	TEAM OF 3?! - Skywars Solo #44	156206	5715	1465410000000	958
295	Mineplex Adventures (with nerds)	212910	7779	1465250000000	520
296	Auto aimbot!11!1!!!1one - Skywars Solo #43	199285	7345	1465080000000	1367
297	Quest for the Best Bowshot - Skywars Solo #42	132497	6198	1464990000000	481
298	No Keyboard Challenge - Skywars Challenges #2	1429289	64546	1464890000000	3499
299	ITS MAH BIRTHDAYYY - Skywars Solo #41	825072	42103	1464820000000	4800
300	Snowballing - UHC Games #3	20021	978	1464730000000	209
301	I'M ACTUALLY OK AT THIS (Overwatch)	186658	10311	1464640000000	965
302	I WANT TO LIIIIIVE! - Mega Skywars #26	60038	2786	1464630000000	333
303	Summer Goals! - Skywars Solo #40	34377	2140	1464560000000	450
304	gg close fight - Skywars Solo #39	131049	6341	1464470000000	854
305	TANK LADY (Overwatch)	165078	11110	1464380000000	1572
306	SHARP 4! - UHC SG #2	25809	1070	1464370000000	130
307	SILVERFISH 1v1! - Skywars Solo #38	62679	3184	1464220000000	305
308	NEW MAPS! - Skywars Solo #37	97201	4279	1463870000000	515
309	SHARPNESS 5! - Mega Skywars #25	108610	3892	1463700000000	362
310	NO NOT THE FRENCH! - Skywars Solo #36	280381	13853	1463610000000	463
311	FLAME BOW! - Skywars Solo #35	110777	4541	1463520000000	356
312	SPRINKLES! - Survival Games #517	32717	1671	1463440000000	311
313	UHC Hunger Games! - UHC Games #1	36203	1530	1463340000000	291
314	QUALITY TITLE  - Skywars Solo #34	46849	2976	1463260000000	387
315	SKELETON ARMY! - Mega Skywars #24 w/ GameBuster101	69435	3151	1463190000000	280
316	"GO, SKELETON! - Skywars Solo #33"	46451	2444	1463090000000	326
317	SO MANY DIAMONDS! - Mega Walls #7	120833	4504	1462660000000	485
318	TNT TRAP! - Skywars Solo #32	196312	8142	1462570000000	397
319	SKYWARS GODS PLS! - Skywars Solo #31	52164	2807	1462130000000	397
320	ANVIL ATTEMPT V2! - Skywars Solo #30	120478	6051	1461880000000	784
321	SCHOOL PLS! - Skywars Solo #29	48494	2743	1461530000000	432
322	comment section why u do this	43922	2452	1461290000000	948
323	Ranked Skywars!	192425	7230	1460920000000	648
324	why	1073630	77715	1460530000000	1750
325	Techno's Guide to Hypixel Skywars	2279714	93993	1460490000000	4364
326	WATCHDOG SAVE ME! - Survival Games #516	109745	4455	1460080000000	470
327	FRIENDSHIP! - Skywars Solo #27	91851	4983	1459890000000	561
328	GOING FOR ANVIL KILLS! - Solo Skywars #26	658062	25804	1459800000000	1030
329	DOUBLE HEADER! - Mega Skywars #23	53904	2821	1459620000000	302
330	SPRING BREAK! - Solo Skywars #25	38649	2362	1459540000000	277
331	Admin 1v1! - Skywars Solo #24	474845	17245	1459110000000	1182
332	"NO PLEASE!"" - Survival Games #515"""	45158	2269	1458950000000	363
333	Farmer! - Skywars Solo #23	79578	3926	1458870000000	408
334	Tachophobia! - Survival Games #514	43604	2190	1458690000000	318
335	PYRO! - Skywars Solo #22	127862	6296	1458610000000	570
336	SKELETON OP! - Skywars Solo #21	57870	3620	1458490000000	592
337	IT'S BACK KINDA - Crazy Walls #2	33431	1691	1458090000000	275
338	2000 Wins! - Skywars Solo #20	62242	3749	1457820000000	507
339	CURSE YOU SNOWMAN! - Skywars Solo #19	61108	3949	1457480000000	454
340	the comment that ended my career	70313	3693	1457230000000	639
341	1.9 - The Stone Axe Update	2857657	130400	1456980000000	5510
342	KNOCKBACK SCUMBAG! - Mega Skywars #22	37726	1807	1456790000000	197
343	THE RETURN! - Mega Walls #6	75001	3107	1456690000000	381
344	50k Sub Q&A	406633	29107	1456610000000	2037
345	KILLED BY MATH! - Skywars Solo #18	91498	5531	1456440000000	461
346	50K SUBS! - Survival Games #513	51610	3036	1456270000000	1256
347	Bodyguard Challenge! - Skywars Challenges #1	690475	24148	1456020000000	1224
348	Bow Tricks! - Skywars Solo #17	58765	3170	1455930000000	443
349	Haaaaax! - Solo Skywars #16	441103	17201	1455840000000	949
350	"NO, MY FEELINGS! - Survival Games #512"	133695	5375	1455680000000	319
351	DETERMINATION! - Solo Skywars #15	80710	4918	1455410000000	797
352	SLEEP DEPRIVED! - Solo Skywars #14	57921	3596	1455290000000	350
353	ERMAGERD COPYING - Solo Skywars #13	70936	3810	1455070000000	476
354	Watchdog - Survival Games #511	42167	2174	1454970000000	262
355	SO MUCH LAG - Hypixel UHC Highlights #1	82908	2689	1454870000000	361
356	Alt Account! - Solo Skywars #12	58503	2962	1454810000000	360
357	Minecraft's Finest #3	413829	21280	1454630000000	1001
358	NETHER PORTAL! - Skywars Highlights #2 w/ Aiden	38714	1848	1454210000000	237
359	STRAIGHTLINE POWERS ACTIVATE! - Survival Games #510	50928	3392	1453950000000	201
360	[POLL] What Gamemodes Should I Make Videos On?	21423	1043	1453690000000	548
361	SO MANY HACKERS - Solo Skywars #11	612073	24540	1453510000000	1515
362	IM A SPEED HACKER? - Survival Games #509	168951	6622	1453150000000	427
363	SPOODERMAN! - Smash Heroes #2	80134	2162	1452960000000	264
364	Cannon Jumping! - Mega Skywars #21	152979	5718	1452820000000	359
365	He Tried - Smash Heroes #1	111571	3345	1452730000000	315
366	The Smash Heroes Experience	1438834	59973	1452450000000	1553
367	ADMINS NOOOOOOO - Skywars Highlights	1397056	42648	1452280000000	1324
368	ERMAGERD BETTY! - Survival Games #508	33893	1621	1451960000000	245
369	Team Awful Returns! - Badlion Build UHC 2v2s #2 w/ PainfulPVP	49404	1828	1451780000000	311
370	BLAZE TO THE RESCUE! - Solo Skywars #10	94269	3297	1451510000000	725
371	GOING UNDERCOVER! - Survival Games #507	36399	1712	1451330000000	332
372	AEGIS IS CURSED! - Solo Skywars #9	75840	3552	1451250000000	546
373	Technoblade's 2016 Channel Trailer	423093	9802	1450980000000	725
374	THE TECHNOBLADE QUIZ	3399697	157037	1450740000000	3573
375	NONONONONONONONO (Warlords Highlight)	50553	2106	1450600000000	181
376	OBI-WAN BEST JEDI - Solo Skywars #8	90039	5050	1450560000000	673
377	SCHOOL IS OVER! - Survival Games #506	30139	1444	1450400000000	685
378	School + 1.8 Drama/LabyMod - Survival Games #505	56374	2054	1450040000000	357
379	WHAT A LEGEND! - Mega Skywars #20 w/ PainfulPVP	48604	2191	1449950000000	217
380	my_darkest_hour.mp4	7901647	503875	1449560000000	10489
381	Air-to-Air Combat	276055	21133	1449440000000	1772
382	TEAMING WITH HUGE NERD - Badlion Build UHC #1 w/ PainfulPVP	107174	3383	1449340000000	400
383	SCHOOL PLS NO - Survival Games #504	37907	2081	1449100000000	245
384	IT'S A BABY! - Solo Skywars #7	84316	3810	1448830000000	482
385	"FIRE, CAELUM, AND MORE FIRE! - Blitz Survival Games #503"	37460	1785	1448750000000	357
386	AN UPDATE! - Survival Games #502	42287	1842	1448560000000	206
387	Minecraft's Finest #2	555089	17962	1448340000000	417
388	PANTS PLS - Survival Games #501	28873	1336	1448230000000	156
389	BROKEN DREAMS! - Solo Skywars #5	129772	4137	1447800000000	454
390	Minecraft's Finest #1	815838	19376	1447650000000	477
391	skywars players will call hacks on literally anything	1872417	74292	1447480000000	2262
392	BLITZ MARATHON! - Survival Games #500	280554	9402	1447370000000	723
393	I HAVE NO IDEA WHAT I'M DOING - Fallout 4 Highlights #1	17862	921	1447210000000	167
394	New Minigame?! - Crazy Walls #1	59761	2193	1447040000000	277
395	New Texture Pack! - Solo Skywars #4	106119	2455	1446940000000	298
396	i am missile	1686501	43846	1446780000000	1565
397	THE ULTIMATE HUNGER GAMES! - Hunger Games Simulator	6555870	277935	1446610000000	11433
398	INVOKER BLITZ! - Blitz Survival Games #499	61403	2451	1446420000000	245
399	HE CAN FLY! - Solo Skywars #3	200584	5593	1446330000000	550
400	HAPPY BURFDAY TO MAH CHANNEL! - Blitz Survival Games #498	33629	1843	1446070000000	358
401	WITCH V! - Mega Skywars #19	60928	2166	1445990000000	161
402	BEST SWORD EVER! - Mega Skywars #18	101664	2822	1445910000000	277
403	JUMPING JACKS! - Blitz Survival Games #497	30943	1571	1445800000000	370
404	SPENDING A MILLION COINS! - Mega Skywars #17	188649	8589	1445730000000	712
405	STREEEEENGTH! - Solo Skywars #2	96348	3872	1445570000000	436
406	ALL THE COINS! - Mega Skywars #16	37756	1551	1445390000000	223
407	TECHNOBLADE DISAPPEARS?!	1924802	163489	1445300000000	7684
408	OMG YOUTUBER!!11one1! - Blitz Survival Games #496	71217	2605	1445210000000	524
409	ENDERPEARLS FOR LIFE! - Mega Skywars #15	31629	1299	1445100000000	200
410	Things Blitz Players Never Say	332084	18202	1444780000000	648
411	Non-VIP Experience in 15 Seconds	2755118	129197	1444690000000	4290
412	TECHNO THE NON-VIP?! - Mega Skywars #14	65592	2231	1444690000000	243
413	TEAM OF 4?! - Blitz Survival Games #495	47091	2049	1444500000000	305
414	Aqueduct! - Mega Skywars #13	20897	888	1444350000000	176
415	New minigame?! - Party Games 3	17384	779	1444260000000	126
416	WHAT A COMEBACK! - Blitz Survival Games #494	23622	1082	1443990000000	192
417	HE GOT EATEN! - Mega Skywars #12	26236	1012	1443890000000	148
418	HUNTER DUO OP! - Mega Walls #5	26300	809	1443810000000	157
419	3 New Maps?! - Skywars #1	52202	2528	1443740000000	319
420	The Little Fly That Could...not - Blitz Survival Games #493	20813	1067	1443660000000	217
421	HE TRIED! - Mega Skywars #11	21454	952	1443490000000	180
422	Best Camping Strategy! - Mega Skywars #10	27182	1022	1443380000000	240
423	BACCA SG	226062	8405	1443320000000	411
424	Max Hunter + MW Update! - Mega Walls #4	35667	936	1443050000000	173
425	NOT THE FISH! - Blitz Survival Games #492 (Highlights) w/ PainfulPVP	50479	2221	1442870000000	152
426	JACKHAMMER OP! - Mega Skywars #9 w/ PainfulPVP	40092	1548	1442790000000	155
427	TECHNO VS WALL! - Mega Skywars #8	21139	1373	1442700000000	126
428	GOTTA MAKE THE SWORD! - Blitz Survival Games #491	17319	926	1442620000000	136
429	MINEPLEX SG BEST SG	297467	11512	1442460000000	647
430	"Minecraft 1.9: The Combat Update"""""	228258	9219	1442170000000	895
431	Combat Logging Strat! - Mega Skywars #7	29757	1058	1442100000000	212
432	THOMAS THE TANK ENGINE - Blitz Survival Games #490	22323	1180	1441930000000	189
433	25 Kills! - Mega Skywars #6	50940	1771	1441840000000	228
434	A DEBT REPAID - Mega Skywars #5	49849	1880	1441750000000	246
435	FALSE HOPE! - Mega Walls #3	23471	1091	1441650000000	222
436	ALL THE COINS! - Blitz Survival Games #489	21783	901	1441570000000	314
437	PIG POWER DUO! - Mega Skywars #4	33941	1266	1441410000000	208
438	How NOT to Apply to College - Blitz Survival Games #488	24716	1097	1441330000000	202
439	Sometimes it's tough being the best.	1511622	117087	1441240000000	2385
440	RAMBO! - Blitz Survival Games #487 (Highlights) w/ BPM	24261	1220	1441060000000	135
441	BEST ESCAPE 2015 - Mega Skywars #3 w/ Baby Punching Marathon	37824	1205	1440980000000	149
442	GRANDPA'S REVENGE - Blitz Survival Games #486	18795	1143	1440890000000	269
443	CHUCK TESTA! - Skywars #23	46661	1301	1440710000000	207
444	HEAT SEEKING ARROWS! - Skywars #22	46228	1349	1440630000000	529
445	TEAMMATES PLS! - Mega Skywars #2	24894	955	1440460000000	200
446	Real Talk - Blitz Survival Games #485	21215	1110	1440370000000	668
447	THE DREAM (getting YT rank)	890503	41965	1440290000000	2751
448	A GOOD TEAMMATE?! - Skywars #20	32897	1440	1440110000000	152
449	MONEY WALLS (contains swearing)	321807	16184	1440020000000	966
450	HOW AM I ALIVE?! - Skywars #19	27018	1427	1439930000000	163
451	Portal Pranks! - NeoTech #4	39628	1506	1439850000000	312
452	Team Rampaging! - Blitz Survival Games #484	15791	709	1439760000000	154
453	HIT REG PLS! - Blitz Survival Games #483	14533	658	1439670000000	123
454	PROT 3 DIAMOND CHESTPLATE?! - Blitz Survival Games #482	26762	857	1439570000000	141
455	Inspiration (contains swearing)	1079802	51145	1439500000000	6507
456	ULTIMATE SCUMBAG! - Blitz Survival Games #481	15075	845	1439400000000	187
457	ROBOT MINING TURTLES! - NeoTech #3	57401	3451	1439140000000	231
458	NUUUUUUUKE! - Blitz Survival Games #479	22970	836	1439080000000	121
459	Laser Gun!? - Neotech #2	23137	1011	1438970000000	104
460	Easiest Win Ever?! - Blitz Survival Games #478	23172	877	1438900000000	134
461	Wither Warrior Blitz! - Blitz Survival Games #477	23032	869	1438820000000	112
462	MLG MODDED MINECRAFT! - Neotech #1	38236	1670	1438820000000	174
463	Paladin X! - Blitz Survival Games #476	65491	1630	1438730000000	177
464	RIDDLE ME THIS... or DIE! - Town of Salem	40997	1743	1438480000000	241
465	Summer Goals V2 - Skywars Ep. 18	29046	863	1438300000000	121
466	Shadow Knight X! - Blitz Survival Games #473	57663	1164	1438200000000	190
467	UPDATE! - Blitz Survival Games #472	14248	576	1438140000000	206
468	TECHNO HAAAAAX! - Blitz Survival Games #471	17670	648	1437950000000	157
469	Mega Skywars! - Mega Skywars #1	32993	1335	1437860000000	183
470	Huahwi Vs Technoblade - 1v1 of the Ages	1266191	52879	1437590000000	2014
471	I'M BACK! - Blitz Survival Games #470	12736	609	1437530000000	289
472	SLEEEEEEP! - Skywars Ep. 16	42490	1383	1437430000000	115
473	The future is now.	1763288	123417	1437380000000	4704
474	SO STACKED! - Blitz Survival Games #469	11212	554	1437330000000	63
475	Healing! - Skywars Ep. 15	27700	1077	1437250000000	118
476	Sexy Armor RETURNS! - Blitz Survival Games	11177	612	1437160000000	116
477	SPEEEEED! - Skywars Ep. 14	34550	1687	1437080000000	181
478	ARMORSMITH! - Skywars Ep. 13	22431	783	1436990000000	122
479	Flawlessing Level 10s! - Blitz Survival Games	19989	741	1436890000000	103
480	Cannoneer! - Skywars Ep. 12	38930	1185	1436820000000	151
481	SHARP 3 FIRE ASPECT 2! - Skywars Ep. 11	48042	1160	1436730000000	157
482	Low Level Struggle! - Blitz Survival Games	12281	633	1436640000000	114
483	i paid 27$ for one joke	1626654	147755	1436640000000	2456
484	Snowman! - Skywars Ep. 10	37965	1007	1436570000000	116
485	Vacation! - Blitz Survival Games	9925	539	1436470000000	147
486	SPENDING 2000 SOULS! (171K Coins!) - Skywars	20565	749	1436380000000	119
487	Armorer! - Skywars Ep. 9	22677	911	1436290000000	93
488	NO ARMOR CHALLENGE! - Blitz Survival Games	28739	1595	1436210000000	182
489	Speleologist! - Skywars Ep. 8	39114	1053	1436120000000	163
490	Armorsmith! - Skywars Ep. 7	23471	895	1436050000000	93
491	MAX GOLEM! - Blitz Survival Games	15098	634	1436040000000	113
492	BEST TEAMMATE EVER ! - Skywars Ep. 6	50537	1348	1435980000000	210
493	Youtube Growth/Server Discussion! - Blitz Survival Games	9514	532	1435960000000	150
494	Knight! - Skywars Ep. 5	32396	976	1435950000000	129
495	13 Kills! - Skywars Ep. 4	46004	1195	1435870000000	168
496	Spawnkilling a Hacker! - Blitz Survival Games	33847	1657	1435860000000	163
497	The Soul Well! - Skywars Ep. 3	23069	937	1435790000000	126
498	FRIENDSHIP MENDING! - Blitz Survival Games	8474	470	1435790000000	79
499	TEAM MODE! - Skywars Ep. 2	37607	1949	1435700000000	180
500	BLAZE IT! - Blitz Survival Games	9838	634	1435690000000	110
501	How to Enchant v2 - Blitz Highlights	36398	1601	1435630000000	160
502	1.5x Speed! - Town of Salem (Custom Mode)	39375	2257	1435620000000	307
503	Adventure! - Blitz Survival Games	8556	606	1435620000000	69
504	NO KIT! - Blitz Survival Games	12617	667	1435530000000	115
505	CURSE YOU TOWNIES! - Town of Salem	16381	785	1435450000000	121
506	BOOP! - Blitz Survival Games (Armorer 10 Gameplay)	18718	882	1435440000000	132
507	OP CHESTS! - Blitz Survival Games	18532	702	1435350000000	80
508	HOW TO FRIENDSHIP! - Blitz Survival Games	10643	550	1435280000000	100
509	SERIAL KILLER VS MAFIA! - Town of Salem	17112	1034	1435190000000	142
510	TEXTURE PACK OP! - Blitz Survival Games	40450	812	1435180000000	149
511	OH MY GOD - Blitz Survival Games (Slime X Gameplay)	35094	1159	1435100000000	134
512	Wolftamer X! - Blitz Survival Games	12431	657	1435000000000	99
513	NOOOO! - Mega Walls #2 (Prestige Arcanist)	86118	2519	1434930000000	312
514	HOLE IN TWO! - Blitz Survival Games	9856	602	1434920000000	100
515	FACEOFF! is ok - Mega Walls (Prestige Pigman Gameplay)	29785	687	1434760000000	94
516	ALMOST FULL DIAMOND! - Blitz Survival Games	10632	724	1434750000000	79
517	Rogue X! - Blitz Survival Games	38116	1282	1434660000000	85
518	Pee Vee Pee Adventure! - Badlion FFA	63183	2569	1434580000000	280
519	Speleo X! - Blitz Survival Games	15558	792	1434570000000	93
520	ALL THE BLAZES! - Mega Walls (Prestige Blaze)	31454	630	1434490000000	92
521	"Blitz"" - Parody of ""Blank Space"" (has swearing)"""	4212014	300625	1434480000000	21838
522	SKYWARS! - Skywars Ep. 1	46599	1605	1434410000000	261
523	Creeper X! - Blitz Survival Games	9549	479	1434400000000	63
524	Airshot + OP DUO! - Mega Walls #1	35826	692	1434320000000	81
525	KILL HIM WITH FIRE - Blitz Survival Games  (Necromancer X Gameplay)	15813	618	1434300000000	63
526	Baker X! - Blitz Survival Games	25490	829	1434220000000	92
527	DAT ESCAPE! - Mega Walls (Prestige Spider Gameplay)	22276	649	1434140000000	64
528	Why I Play on Other Accounts - Blitz Survival Games (Fisherman X Gameplay)	20813	762	1434050000000	96
529	HALF HEART WARRIOR! - Mega Walls	18930	663	1433980000000	108
530	OMG TEXTURE PACK! - Blitz Survival Games (Scout X Gameplay)	33566	693	1433960000000	118
531	ASTRO X! - Blitz Survival Games	14033	578	1433890000000	84
532	14 second clip of me on my main account	1993741	70020	1433820000000	2132
533	Knight X!... meh - Blitz Survival Games	26251	1032	1433800000000	153
534	Diamond Collector! - Mega Walls (Prestige Enderman Gameplay)	34426	671	1433720000000	83
535	Snowman X! - Blitz Survival Games w/ RecklessFaberMC	10267	425	1433700000000	39
536	THE RETURN OF MEGA WALLS! - Mega Walls (Prestige Herobrine)	21421	713	1433630000000	110
537	VIGILANTE TO THE RESCUE! - Town of Salem	17141	781	1433630000000	66
538	Arachno X! - Blitz Survival Games	8775	546	1433620000000	63
539	Bounty Hunters! - Arcade Games	18250	795	1433540000000	109
540	MLG HUDS! - Blitz Survival Games	8420	472	1433530000000	72
541	Toxicologist 10! - Blitz Survival Games w/ Aiden	13548	537	1433460000000	84
542	NEXT LEVEL HOTKEYING! - Blitz Survival Games	17176	907	1433370000000	88
543	PVP GOD! - Blitz Survival Games	18762	1008	1433280000000	165
544	HAPPY BURFDAY ME - Blitz Survival Games	18906	2033	1433200000000	304
545	LEADERBOARD PLAYER 1v1?! - Blitz Survival Games	15705	815	1433100000000	62
546	ALL DA COMBOS! - Blitz Survival Games	18290	795	1433040000000	106
547	Knight X! - Blitz Survival Games	26358	919	1432940000000	92
548	ALL THE GOLD APPLES! - Blitz Survival Games	14815	616	1432770000000	98
549	SPEEEEEEEEEEED! - Blitz Survival Games	9627	477	1432690000000	89
550	Baker X! - Blitz Survival Games	25761	701	1432590000000	105
551	MLG CART RACING! - Turbo Kart Racer	43399	1943	1432500000000	209
552	FEELS GOOD MAN! - Blitz Survival Games	8601	478	1432430000000	76
553	The Power of a Balanced Breakfast - Survival Games Montage	88613	2970	1432100000000	453
554	Creepertamer X! - Blitz Survival Games	10481	489	1432080000000	71
555	Red X!  - Blitz Survival Games	33041	900	1431990000000	105
556	Fisherman X! - Blitz Survival Games	21166	733	1431890000000	97
557	Random Kit! - Blitz Survival Games	23930	744	1431650000000	90
558	MAGIC SNOWBALLS! - Blitz Survival Games	11215	532	1431560000000	69
559	FOR GLORY! - Mega Walls (Prestige Spider)	26904	636	1431470000000	61
560	MORE SHAMAN! - Warlords (Domination)	6518	253	1431300000000	66
561	BEST FRIENDS :D - Blitz Survival Games	14630	694	1431280000000	79
562	Level 75 Shaman! - Warlords (Domination)	11830	355	1431210000000	61
563	LEVEL 1 KIT COMBO OP! - Blitz Survival Games	29230	954	1431200000000	158
564	MAXIMUM SCUMBAG! - BSG	12957	549	1431130000000	100
565	CURSE OF CAELUM! - Blitz Survival Games	12502	622	1431040000000	121
566	Archer X + Snowman X! - Blitz Survival Games	28576	787	1430960000000	85
567	Gamebuster's Strongest Kit! - Blitz Survival Games	24240	867	1430870000000	86
568	HALF DIAMOND! - Mega Walls	21556	577	1430790000000	73
569	Toxic 10! - Blitz Survival Games	33384	988	1430700000000	132
570	MAYOR! - Town of Salem	27671	1318	1430600000000	140
571	team mode ;-; - Blitz Survival Games	14400	844	1430520000000	77
572	PLAY IT SAFE - Mega Walls	16953	521	1430260000000	59
573	Scout X! - Blitz Survival Games	30912	900	1430180000000	116
574	MOST STACKED I'VE EVER BEEN?! - Blitz Survival Games	30093	1081	1430090000000	97
575	MY BACK HURTS! - Town of Salem	15386	853	1430080000000	82
576	TECHNO VS HELICOPTER - Battlefield: Hardline	6544	366	1430000000000	65
577	Rampaging - Blitz Survival Games	8908	639	1429990000000	71
578	FULL DIAMOND?! - Blitz Survival Games	60964	1708	1429910000000	155
579	Basic Guide to Town of Salem	17520	745	1429900000000	175
580	Kill Contest! - Blitz Survival Games	8128	698	1429820000000	70
581	Red X! - Blitz Survival Games	10076	500	1429730000000	81
582	"Family, NO PLS - Blitz Survival Games"	10200	814	1429650000000	65
583	Cooking with Technoblade! (contains swearing)	5882386	372809	1429640000000	21178
584	More Level 10 1v2s! - Blitz Survival Games	18703	715	1429560000000	69
585	Chain Kills! - Mega Walls	15797	511	1429480000000	51
586	Max Golem in Blitz?! :O - Blitz Survival Games	29500	941	1429470000000	94
587	Lag Montage! - Blitz Survival Games	19209	681	1429390000000	82
588	Solo Team Mode Adventures - Blitz Survival Games	24162	822	1429310000000	90
589	Troll X! - Blitz Survival Games	31257	929	1429220000000	133
590	MLG CREEPER SHOWCASE! - Mega Walls	16942	432	1429140000000	92
591	I Leave the Elite Team? - Blitz Survival Games	16982	632	1429120000000	143
592	Tim 10! - Blitz Survival Games	18981	718	1429050000000	42
593	Meatmaster X + 1v2ing Level 10s! - Blitz Survival Games	46791	1187	1428960000000	101
594	Prestige Zombie! - Mega Walls	16368	477	1428880000000	67
595	Level 17 Enchantment! - Blitz Survival Games	28486	780	1428870000000	66
596	MASTER BUILDERS! - Build Battle	45773	1211	1428800000000	134
597	Team of 3?! - Blitz Survival Games	9808	547	1428790000000	99
598	"Update Video! - New Videos, Level X Explanations and YT Rank Discussion!"	16393	750	1428780000000	169
599	Wolf X BREEDS DRAMA - Blitz Survival Games	26564	834	1428710000000	181
600	Prestige Enderman?! - Mega Walls	31887	633	1428620000000	116
601	Full Diamond + Flawlessing Aiden?! - Blitz Survival Games	41585	1300	1428610000000	86
602	Horse X Returns! - Blitz Survival Games	9628	437	1428530000000	75
603	Prestige Herobrine! - Mega Walls	38278	720	1428440000000	123
604	Bacca Army OP! - Blitz Survival Games	7671	461	1428430000000	58
605	Hunter X! - Blitz Survival Games	44143	1077	1428360000000	106
606	Speed Hax OP! - Mega Walls	21883	630	1428270000000	83
607	Meatmaster X + Swag Thumbnail! - Blitz Survival Games	19920	755	1428260000000	90
608	Blaze 10! - Blitz Survival Games	27648	923	1428190000000	84
609	Teaming Update + AK 47! - Blitz Survival Games	20271	713	1428100000000	86
610	Customer Service Police! - Battlefield: Hardline Campaign (Episode 1)	6616	376	1428020000000	68
611	Archer X + Mod Encounter?! - Blitz Survival Games	40557	1193	1428020000000	104
612	Tim 10! - Blitz Survival Games	24692	894	1427930000000	81
613	Blitz Public Service Announcement - COMMUNITY POLL	16526	829	1427910000000	184
614	Sharpness Iron Swords for DAYS! - Blitz Survival Games	11598	666	1427840000000	92
615	Creeper X Returns! - Blitz Survival Games	27411	1138	1427750000000	116
616	My Horse is Spoiled! - Blitz Survival Games	10214	545	1427670000000	77
617	RETURN TO THE BACCA ARMY! - Blitz Survival Games	11446	599	1427580000000	142
618	Speleologist X! - Blitz Survival Games	38975	1003	1427490000000	98
619	Wolf X + DRAMA! - Blitz Survival Games	24171	765	1427410000000	176
620	Arachno 10! - Blitz Survival Games	23736	846	1427320000000	101
621	SO MUCH DIAMOND GEAR! - Blitz Survival Games	16003	616	1427230000000	77
622	(generic title about thumbnail goes here) - Blitz Survival Games	9408	524	1427150000000	112
623	Moar Thumbnails! - Blitz Survival Games	10082	677	1427060000000	92
624	TECHNO THE WAR VETERAN! - Heroes and Generals	15558	613	1426990000000	107
625	I GET FLAWLESSED?! - Blitz Survival Games	27198	794	1426970000000	147
626	BLAZES WHY U NO SAVE ME?! - Blitz Survival Games	8383	733	1426890000000	62
627	xAiden vs HIS MOM?! - Blitz Survival Games	23097	735	1426800000000	96
628	IN BENJA WE TRUST FOR BACCA WE MUST! - Blitz Survival Games	13889	640	1426720000000	148
629	Fishing Rod OP! - Blitz Survival Games	10248	682	1426630000000	56
630	SO CLOSE! - Spider Quest #14 (Mega Walls)	23093	662	1426450000000	109
631	BETTY RETURNS! - Blitz Survival Games	10100	624	1426370000000	97
632	MIND GAMES! - Blitz Survival Games	10034	653	1426200000000	62
633	The Bow Creeper Combo! - Blitz Survival Games	12586	704	1426110000000	82
634	NICE GUY COMMENTARY! - Blitz Survival Games	13017	1061	1425940000000	86
635	Crushing Teamers! - Blitz Survival Games	16200	1124	1425860000000	121
636	Thumbnails 4 Days! - Blitz Survival Games	10755	1240	1425770000000	181
637	All Part of the Plan! - Blitz Survival Games	21597	1065	1425700000000	101
638	Level 10 Grind! ... again... - Blitz Survival Games	21858	887	1425600000000	158
639	KATNISS EVERDEEN! - Blitz Survival Games	17071	624	1425520000000	93
640	GO GO GO! - Warlords (Capture the Flag)	8491	284	1425430000000	58
641	I challenge you to LEAP FROG! - Spider Quest #13 (Mega Walls)	24013	638	1425340000000	99
642	Series Goals and Void Shards?! - Warlords (Domination)	9464	355	1425260000000	60
643	SAVE ME BLAZES! - Blitz Survival Games	11221	860	1425170000000	95
644	IM SO GOOD! - Blitz Survival Games	12326	519	1424980000000	77
645	"CURSE YOU, MAGES! - Warlords (Capture the Flag)"	6457	342	1424910000000	98
646	Greater Warrior Helmet OP! - Warlords (Domination)	7933	331	1424830000000	69
647	Getting Stacked! - Blitz Survival Games	9768	494	1424740000000	106
648	Mage vs Warrior rivalry begins! - Warlords (Domination)	6458	269	1424720000000	76
649	longest game ;-; - Blitz Survival Games	11022	407	1424640000000	43
650	CLOSEST GAME EVER! - Warlords (Domination)	8042	291	1424640000000	49
651	WARLORDS! - CAPTURE DA FLAG	7936	312	1424550000000	77
652	PLOT TWIST! - Blitz Survival Games	10655	439	1424400000000	118
653	AWESOME TITLE HERE - Blitz Survival Games	9899	442	1424310000000	93
654	Carphobia - H1Z1	6544	418	1424290000000	83
655	The Non-VIP Struggle - (10K Sub Special) (A BSG Montage)	94099	2988	1424130000000	496
656	"Teamers, PLS! ;-; - Blitz Survival Games"	7811	359	1424130000000	96
657	JE SUIS UNE POMME DE TERRE?! - Blitz Survival Games	10112	610	1424040000000	163
658	GG Close Fight! - Blitz Survival Games	9324	457	1423960000000	101
659	Teams & Blitz discussion! - Blitz Survival Games	8169	552	1423850000000	148
660	CARROTS = DRUGS - Blitz Survival Games	17686	618	1423710000000	78
661	DIAMOND SWORD?! - Blitz Survival Games	25898	699	1423610000000	111
662	WHAT ;-; - Blitz Survival Games	11581	451	1423530000000	114
663	PIGMAN! - Mega Walls	28951	615	1423430000000	109
664	He's... pathetic? HELP - Blitz Survival Games	15888	655	1423350000000	78
665	BEST GAME ENDING EVER?! - Blitz Survival Games	25174	1073	1423260000000	92
666	ITS BACK! - Blitz Survival Games	10052	463	1423180000000	54
667	Techno is a HAXXOR! - Blitz Survival Games	24923	675	1423080000000	92
668	Non-VIP Shenanigans - Blitz Survival Games	13646	498	1422760000000	132
669	OP Kits FTW! - Blitz Survival Games	9448	538	1422680000000	75
670	A New Base - The DarkOnion Chronicles(Episode 1)	21060	928	1422490000000	117
671	Guilds? Pls Nu! - Spider Quest #12 (Mega Walls)	20673	527	1422410000000	113
672	THE SNOWMEN STRIKE! - Blitz Survival Games	7860	373	1422320000000	66
673	SEXIEST ARMOR EVER?! - Blitz Survival Games	18599	758	1422230000000	141
674	Level 10 Showdowns! - Blitz Survival Games	16501	529	1422130000000	57
675	Slimeyslime for DAYS! - Blitz Survival Games	10794	570	1421980000000	87
676	DA BLITZ GODS! - Blitz Survival Games	11082	416	1421900000000	73
677	YOU THINK THIS IS A GAME?! - Blitz Survival Games	11559	523	1421810000000	92
678	The DarkOnion Chronicles - Trailer	17232	795	1421710000000	153
679	CLEVER TITLE! - Blitz Survival Games	8904	394	1421630000000	37
680	LEAP OF FAITH! - Spider Quest #11 (Mega Walls)	24733	650	1421530000000	81
681	100% Skill! - Blitz Survival Games	25944	660	1421460000000	129
682	EPISODE 1 - Blitz Survival Games	20399	813	1421380000000	79
683	HOW?! - Town of Salem	18477	787	1421280000000	114
684	JESUS TEAMERS?! - Blitz Survival Games	16559	828	1421200000000	103
685	So Much Gold! - Blitz Survival Games	9797	518	1421110000000	100
686	rip boosters - Blitz Survival Games	11441	551	1421010000000	66
687	EXCELLENT TITLE HERE - Blitz Survival Games	22102	898	1420920000000	97
688	SCHOOL - Blitz Survival Games	10448	819	1420680000000	71
689	Enderchest! - Spider Quest #10 (Mega Walls)	27321	569	1420570000000	74
690	NEW MIC + SO MANY TEAMS - Blitz Survival Games	10116	538	1420500000000	65
691	Counter-Team Strats! - Blitz Survival Games	8020	612	1420430000000	68
692	UPDATE? NEW MAP? - Spider Quest #9 (Mega Walls)	15898	382	1420330000000	115
693	Legolas's Final Stand! - Town of Salem	17408	561	1420320000000	50
694	"Mega Walls"" -  Parody of ""Jingle Bells"" (swearing)"""	772504	52902	1420230000000	3279
695	European Ping?! - SG: Heroes	14967	541	1420230000000	142
696	The Lag Survival Games - Blitz Survival Games	7994	342	1420150000000	64
697	Astro City! - Blitz Survival Games	12622	930	1420080000000	100
698	"Brick, NOOOOO! - Blitz Survival Games"	21980	869	1419980000000	122
699	OP KITS = WIN! - Blitz Survival Games	26634	747	1419880000000	145
700	Horse 9! - Blitz Survival Games	10261	365	1419800000000	98
701	Spider = Best Rushing Class! - Spider Quest #8 (Mega Walls)	26279	469	1419730000000	91
702	So Much Diamond Stuff! - Blitz Survival Games	14341	399	1419720000000	51
703	So Many Mobs! - Blitz Survival Games	7900	615	1419630000000	64
704	The Tree	835053	76894	1419580000000	3411
705	The Curse of 1.8! - Blitz Survival Games	11051	369	1419550000000	63
706	Reasons - A Blitz Survival Games Montage (Christmas Special!)	70091	2228	1419540000000	204
707	Spider 7! - Spider Quest #7 (Mega Walls)	14623	407	1419460000000	48
708	How to sweep a UHC Deathmatch	39251	843	1419390000000	96
709	mah bread D: - Spider Quest #6 (Mega Walls)	10731	282	1419380000000	59
710	Creeper 10?! - Blitz Survival Games	20213	556	1419360000000	63
711	Bows are Life! - Blitz Survival Games	9908	510	1419310000000	66
712	A New Minigame?! - Ultra Hard Core	36865	845	1419290000000	129
713	FRIENDSHIPS WERE FORGED! - Spider Quest #5 (Mega Walls)	11170	362	1419200000000	52
714	Intense 1v1! - Blitz Survival Games	9536	543	1419190000000	49
715	Upgrades! - Spider Quest #4 (Mega Walls)	14614	323	1419110000000	56
716	FEAR THE STEAK! - Blitz Survival Games	6611	493	1419100000000	116
717	Chop Chop! - Blitz Survival Games	7233	479	1419030000000	57
718	Your Dead Friend's Pants! - Blitz Survival Games	7079	453	1419020000000	60
719	New Mic?!  - Spider Quest #3 (Mega Walls)	12510	345	1418940000000	80
720	A NEW LEVEL 10?! - Blitz Survival Games	11766	438	1418930000000	86
721	How To Enchant - Blitz Highlights	25383	565	1418870000000	68
722	YOLO = BAD REASON! - Blitz Survival Games	7617	308	1418850000000	38
723	The Booster Continues! - Blitz Survival Games	14931	466	1418850000000	68
724	Network Booster?! - Blitz Survival Games	14149	497	1418770000000	60
725	Best Framer Ever! - Town of Salem	22799	566	1418760000000	72
726	WHERE ARE STICKS?! - Blitz Survival Games	6450	461	1418690000000	94
727	I'm Scared! - Blitz Survival Games	6574	474	1418680000000	77
728	Spider 1 Clutch?! - Spider Quest #2 (Mega Walls)	21356	697	1418610000000	74
729	Pigman! - Blitz Survival Games	10551	602	1418590000000	49
730	"Welcome to Hell- I mean, My Channel! - Channel Trailer 2015"	333510	9992	1418540000000	705
731	Hunter OP + New PC! - Blitz Survival Games	8579	324	1418510000000	52
732	SO MUCH GEAR and TIM X?! - Blitz Survival Games	14402	513	1418500000000	48
733	The Riddle! - Town of Salem	14680	533	1418440000000	54
734	So Many Potions! - Blitz Survival Games	6545	525	1418440000000	87
735	Paranoid Blazes! - Blitz Survival Games	6649	253	1418350000000	48
736	A New Series! - Spider Quest #1 (Mega Walls)	18507	441	1418260000000	86
737	More OP Kit Gameplay! - Blitz Survival Games	9938	353	1418170000000	59
738	Tim 9 and the Cobweb Trap! - Blitz Survival Games	6704	250	1418080000000	54
739	Not Even Close! - Blitz Survival Games	6619	400	1418000000000	45
740	Intimidation OP! - Blitz Survival Games	7385	281	1417920000000	48
741	1v1 Final Showdown! - Town of Salem	14576	513	1417740000000	64
742	Where That Armor At?! - Blitz Survival Games	6566	362	1417740000000	89
743	I'm Back! - Blitz Survival Games	6449	340	1417660000000	81
744	The Return of the Trinity?! - Blitz Survival Games	7391	286	1417390000000	48
745	Troll Showdown - Blitz Survival Games	9142	392	1417200000000	62
746	I Kill The Queen?! - Blitz Survival Games	11687	420	1417040000000	55
747	So Many Speleologists! - Blitz Survival Games	11195	361	1416960000000	62
748	New Map?! Tim X?! I'M BATMAN?! - Blitz Survival Games	10518	309	1416780000000	46
749	Level 10 Grind?! - Blitz Survival Games	13931	490	1416690000000	96
750	The Scumbag Duo! - Blitz Survival Games w/ AidenRK (60 FPS)	6892	327	1416610000000	36
751	OP Kit Marathon! - 5k Sub Special!	63382	1645	1416450000000	209
752	Chain Killing Massacre! - Blitz Survival Games (60 FPS)	6463	288	1416440000000	78
753	Team of 3?! - Blitz Survival Games w/ AidenRK (60 FPS)	14739	428	1416350000000	59
754	Teams Got Nothing on my BAKER! - Blitz Survival Games (60 FPS)	9314	508	1416270000000	48
755	AidenRK gets memed! - Blitz Survival Games w/ AidenRK (60 FPS)	14144	561	1416170000000	86
756	welcome to blitz	53462	2289	1416100000000	210
757	The Level 10 Trinity! - Blitz Survival Games w/ AidenRK (60 FPS)	9238	296	1416080000000	27
758	Damn I'm Good! - Blitz Survival Games (60 FPS)	6944	425	1416010000000	45
759	Not The Blitz Star! - Blitz Survival Games (60 FPS)	7879	399	1415920000000	37
760	CHICKENS ARE DEADLY! - MVP Land	7008	302	1415840000000	54
761	Snowmen OP! - Blitz Survival Games (60 FPS)	6617	504	1415840000000	75
762	Creeper Best Pokemon! - Blitz Survival Games (60 FPS)	7394	552	1415730000000	58
763	The Staff Army?! - Blitz Survival Games (60 FPS)	38706	1465	1415660000000	194
764	Congrats on Helper...Again! - Blitz Survival Games w/ AidenRK (60 FPS)	15525	346	1415580000000	48
765	Life - A BSG Montage (Hypixel Blitz Survival Games)	151735	5174	1415500000000	667
766	ACTUALLY 60 FPS THIS TIME! - Blitz Survival Games	17439	556	1415430000000	78
767	Silly Complaints - Blitz Survival Games	7974	337	1415340000000	79
768	Huahwi Power - Blitz Survival Games	12413	530	1415150000000	62
769	Get Out'ta Here! - Blitz Survival Games	6772	465	1415060000000	36
770	The Spookiest Level X Ever?! - Blitz Survival Games	12927	744	1414970000000	95
771	How 2 Deal with Cheeky Teaming Skrublords	42316	1753	1414910000000	178
772	gg close fight! - Blitz Survival Games	7045	625	1414790000000	46
773	The Snipes! - Blitz Survival Games	6480	373	1414710000000	30
774	Its Jailin' Time! - Town of Salem	16008	494	1414620000000	58
775	Slothtamer - Blitz Survival Games	7141	600	1414540000000	68
776	PUPPIES! - Blitz Survival Games	7732	294	1414450000000	49
777	SO MANY POTIONS! - Blitz Survival Games	6475	365	1414370000000	101
778	MCSG Strats! - Blitz Survival Games	6989	314	1414270000000	43
779	THIS FAMILY SUCKS! - Town of Salem	19175	811	1414210000000	80
780	Pokemon Adventure! - Blitz Survival Games	52000	1628	1414100000000	182
781	"Its Just Leather Guys!"" - Blitz Survival Games"""	10855	654	1414020000000	32
782	Shovel of DOOM! - Blitz Survival Games	7736	251	1413760000000	47
783	Snowman Policemen! - Blitz Survival Games	12786	423	1413670000000	56
784	Not Enough Wolftamers! - Blitz Survival Games	6488	238	1413580000000	28
785	Get Beefed! - Blitz Survival Games	7019	256	1413500000000	31
786	Cake Strat OP! - Blitz Survival Games	15396	562	1413400000000	66
787	Full Enchanted Iron! - Blitz Survival Games	6581	243	1413260000000	48
788	Tuxedo Commentary!? - Blitz Survival Games	6688	293	1413150000000	53
789	Slime 8?! - Blitz Survival Games	10405	276	1413090000000	76
790	Scout 8! - Blitz Survival Games	8181	268	1412990000000	43
791	RUNNERS FOR DAYS! - Blitz Survival Games	6518	300	1412820000000	93
792	Toxicologist :O - Blitz Survival Games	10163	296	1412620000000	36
793	Number Survival Games -  Blitz Survival Games	6531	252	1412460000000	54
794	Cops & Crims - 360 Noscopes!	6460	216	1412300000000	53
795	FIRE IS HOT! - Blitz Survival Games	8516	276	1412130000000	37
796	Cops and Crims - Alleyway!	6465	176	1411940000000	51
797	:O ITS JOHNNY - Blitz Survival Games	9384	281	1411940000000	47
798	Shoutouts! - Blitz Survival Games	6522	262	1411850000000	95
799	"Montages and PVP and Kits, oh my! - Blitz Survival Games"	8887	315	1411790000000	91
800	Unexpected - A BSG Montage (Hypixel Blitz Survival Games)	71196	2167	1411650000000	258
801	PINGWARRIOR! - Blitz Survival Games	6453	319	1411610000000	89
802	So Much Regeneration! - Mega Walls	13094	298	1411440000000	48
803	Fisherman X?! - Blitz Survival Games	12502	335	1411350000000	70
804	French Failures - Blitz Survival Games	17241	579	1411260000000	85
805	REALLY CLOSE DEATHMATCH! - Blitz Survival Games	9157	281	1410920000000	43
806	Dat Airshot! - Mega Walls	11706	316	1410830000000	43
807	"TNT is never useful"""""	67332	1971	1410750000000	138
808	SKELE 9! - Mega Walls	15875	327	1410720000000	53
809	Blitz Hit Registration summed up in 17 seconds	92218	3085	1410720000000	211
810	Why does everyone have diamond gear?! - Mega Walls	11375	273	1410670000000	47
811	ASFJerome IS DA BEST - Blitz Survival Games	23227	776	1410630000000	181
812	ATTENTION GRABBING TITLE! - Mega Walls	7549	215	1410580000000	26
813	Knight 10 + armorer 10?!  - Blitz Survival Games	15823	372	1410570000000	46
814	How to be a Blitz Pro	32456	897	1410490000000	153
815	DIAMOND PANTS?! - Blitz Survival Games	10784	287	1410400000000	49
816	ermag0rd ASFJEROME?! - Mega Walls w/ bunch of randy YTers	31030	1000	1410310000000	218
817	Clutch?! - Mega Walls	19460	420	1410220000000	72
818	THE RETURN - Mega Walls	8588	279	1410120000000	61
819	this is a title - Blitz Survival Games	12871	471	1410020000000	89
820	Level 10 Showdown! - Blitz Survival Games	6542	255	1409700000000	57
821	Pna and why you are a terrible person - Blitz Survival Games	6465	231	1409530000000	129
822	Recent channel issues + elbow cam	74323	3962	1409370000000	347
823	Citadel Adventures! - Blitz Survival Games	6453	271	1409200000000	111
824	ULTIMATE HORSE SCRUB! - Blitz Survival Games	6450	257	1409100000000	48
825	Dream Team! - Blitz	12810	379	1409020000000	48
826	Archer 8! - Blitz Survival Games	8648	256	1408930000000	60
827	Level 8 Enchant?! - Blitz Survival Games	8230	283	1408810000000	55
828	Thorns OP!	17935	503	1408670000000	87
829	Team Invasion! - Blitz Survival Games	7022	277	1408580000000	50
830	Blockhitting tank! - Blitz Survival Games	7067	239	1408490000000	52
831	Armorer 10 gameplay! - Blitz Survival Games	18958	520	1408380000000	69
832	New Server Update: KARMA?!	19695	605	1408340000000	49
833	Welcome to the Level X Club	12371	402	1408320000000	106
834	feed me kits pls! - Blitz Survival Games	6484	296	1408320000000	106
835	360 No Scopes! - Blitz Survival Games	6460	300	1408230000000	86
836	NEW MINIGAME?! - The Blocking Dead	15018	513	1408150000000	86
837	Project Ares - BLOW UP EVERYTHING	6675	248	1408140000000	48
838	I Kill Hypi...ckle? - Blitz Survival Games	16553	425	1408050000000	40
839	"I Pan, I pan! - Blitz Survival Games"	6552	247	1407960000000	95
840	Forcefield Hax! - Blitz Survival Games	8729	260	1407880000000	61
841	train 'em young (Collab with GURL GAMER ERMAGERD)	1355223	132232	1407790000000	8918
842	I'm A Dragon! - Blitz Survival Games	6450	269	1407700000000	63
843	Archer 10?! - Blitz Survival Games	17390	530	1407620000000	65
844	Too Many Good Kits! - Blitz Survival Games	8397	265	1407430000000	29
845	New everything! - Blitz Survival Games	6726	267	1407380000000	48
846	[Tutorial] How to Escape the Spawn Pit in Despair v2	7020	312	1407350000000	36
847	Frame of Mind - A BSG Montage (Hypixel Blitz Survival Games)	223887	9088	1407350000000	1290
848	fall damage working as intended	56831	2906	1407260000000	200
849	SO CLOSE! - Blitz Survival Games	13227	458	1407090000000	65
850	I Have Horse 10?! - Blitz Survival Games	8529	271	1407010000000	34
851	Archer OP - Blitz Survival Games	6503	285	1406920000000	57
852	Moral Dilemnas?! - Blitz Survival Games	6454	271	1406840000000	65
853	This Map Is Hell! - Blitz Survival Games	9137	322	1406750000000	44
854	WITCHCRAFT	38324	1572	1406670000000	136
855	Slaughter! - Mega Walls	11990	284	1406660000000	55
856	Best Enchantment Ever! - Blitz Survival Games	10179	322	1406490000000	43
857	Coordinated Assault - Mega Walls	9107	250	1406400000000	46
858	Despair v2 Kill Record! - Blitz Survival Games	12301	333	1406320000000	53
859	Porky The Pig - The Sequel!	53045	2920	1406240000000	183
860	Despair v1 Kill Record! - Blitz Survival Games	17722	564	1406230000000	58
861	Diamond Shovel OP! - Blitz Survival Games	6529	238	1406160000000	36
862	Admins Attack?! - Mega Walls	15277	302	1406080000000	35
863	This is ridiculous! - Mega Walls	14018	351	1405970000000	50
864	Mistakes were made! - Blitz Survival Games	6694	363	1405970000000	142
865	Refining Technique - Blitz Survival Games	6942	252	1405900000000	39
866	PIGMAAAAAAN - Mega Walls	29416	483	1405880000000	136
867	pretty average deathmatch	52258	2539	1405740000000	144
868	Knight 8?! - Blitz Survival Games	11181	317	1405730000000	47
869	The Magical Porkchop! - Blitz Survival Games	11147	326	1405720000000	37
870	Knockback Cyberbullying! - Blitz Survival Games	6450	359	1405550000000	110
871	BSG Tournament?! - Blitz Survival Games	19818	554	1405470000000	78
872	100 PRESTIGED BLAZES?! - Blaze God Mode Mega Walls	10667	243	1405380000000	33
873	Arachnologist - Blitz Survival Games	6484	280	1405380000000	81
874	Hexxors! - Blitz Survival Games	6474	286	1405290000000	45
875	Prestiged Blaze?! - God Mode Mega Walls	13456	305	1405280000000	53
876	I Has Cape! - Blitz Survival Games	6469	361	1405210000000	73
877	Diamond Shovel OP - Blitz Survival Games	11573	597	1405130000000	170
878	Blaze Gameplay - The Targeting is Real! - Mega Walls	9998	265	1405050000000	61
879	NOSCOPED!!1!!1one - Blitz Survival Games	6573	267	1405020000000	35
880	Hacker Stories! - Blitz Survival Games	18160	655	1404940000000	85
881	Docks 2.0?! Grimm Loche! - Blitz Survival Games	12978	482	1404870000000	108
882	New Map?! RAINFOREST! - Blitz Survival Games	18444	595	1404870000000	99
883	Techno Tips - Winter and Baker!	7031	302	1404850000000	25
884	Tim 7?! - Blitz Survival Games	8049	300	1404760000000	32
885	Techno Tips - Scout & Egypt	7895	309	1404760000000	47
886	How to Escape with Style	22364	1051	1404710000000	109
887	THORINS BACK?! - Blitz Survival Games	35231	1017	1404700000000	131
888	Im Ready to Clutch! - Blitz Survival Games	6621	283	1404590000000	61
889	Scumbag Technoblade! - Blitz Survival Games	25420	528	1404510000000	111
890	SO MUCH FOOD! - Mega Walls	6675	252	1404510000000	40
891	Archer - Blitz Survival Games	7143	357	1404440000000	98
892	Creepertamer! - Blitz Survival Games	17777	616	1404360000000	80
893	Farm Hunt - HOLD THE FORT	17434	679	1404360000000	87
894	HACKER TEAM?! - Blitz Survival Games	23967	802	1403980000000	77
895	Team City?! - Blitz Survival Games	7001	314	1403900000000	72
896	"Eat Him."""""	76253	3697	1403860000000	169
897	A Story of Rankism	295493	27649	1403670000000	1656
898	Kit of the Day: Armorer	7092	332	1403580000000	62
899	BREADTAMER 8! - Blitz Survival Games	18312	695	1403470000000	98
900	Tim The Enchanter OP! - Blitz Survival Games	10595	386	1403320000000	43
901	Them Iron Swords! - Blitz Survival Games	26830	954	1403290000000	129
902	Monetization - Update Video?!	106837	6335	1403240000000	324
903	The Matador Technique - Blitz Survival Games	27490	960	1403200000000	122
904	Proof I don't autoclick	49437696	2561500	1403170000000	150151
905	Get Out Of Dat Skybase! - Mega Walls Deathmatch	8337	386	1403110000000	88
906	Pls Nu Nerf! - Blitz Survival Games	23609	815	1402870000000	104
907	Don't Need Yo OP Kits! - Mega Walls	13491	366	1402680000000	55
908	ALL DAT BREAD - Mega Walls	8775	343	1402600000000	70
909	"Troll Chronicles Part 2 w/ GlitchyShell, SpiderDiclonii, AidenRK & Simfone"	9847	373	1402600000000	48
910	Troll Chronicles 1	15656	576	1402440000000	86
911	Snowman is back! - Blitz Survival Games	9249	720	1402260000000	342
912	Dat Baker Thumbnail! - Blitz Survival Games	9333	518	1402260000000	119
913	Skeleton/Endermen Rivalry - Mega Walls	11138	411	1402190000000	73
914	Winter Massacre (ALL DEM SUBS) - Blitz Survival Games	25810	900	1402180000000	132
915	nothing suspicious here	162747	6881	1402170000000	277
916	Skeleton Buff?! - Mega Walls	21487	577	1402100000000	74
917	75 Player Deathmatch? - God Mode BSG w/ AYS	75463	2644	1402020000000	281
918	The God Sword - A BSG Special - 500 Subs & Birthday!	125577	5208	1401680000000	848
919	WE FOUND THORIN! - Walls 2 w/ AidenRK	16476	575	1401570000000	89
920	"Technoblade's Blaze Army - God Mode BSG w/ Jamie974, Monsterlol & Nordyalex"	52991	1368	1401420000000	133
921	"Troll Squad! - God Mode BSG w/ Jamie974, SpiderDiclonni, Monsterlol & Nordyalex"	26002	885	1401240000000	103
922	"Jamie974's Wolf Army - God Mode BSG  w/ Jamie974, NordyAlex & Monsterlol"	78791	3254	1401060000000	388
923	God Mode?! - Mega Walls #5 w/ GlitchyShell	17868	645	1400990000000	89
924	Cake Barricade! - Blitz Survival Games	10771	655	1400480000000	81
925	School Stories?! - Blitz Survival Games	16800	1138	1400370000000	128
926	DEFEND THE JON - Blitz Survival Games w/ AidenRK	10854	634	1400290000000	144
927	Vine Clip! - BSG God Mode w/ AidenRK	55495	1326	1400210000000	216
928	#420BlazeIt - 420 sub special!	135861	7489	1400200000000	932
929	An Army of Meat w/ AidenRK and Dhruv	28230	1225	1399940000000	212
930	Blitz Survival Games - Naming My Horse!	186070	9762	1399850000000	1024
931	Mineplex Hunger Games - Stack	11058	778	1399520000000	163
932	Blitz Hunger Games - Breadtamers w/ AidenRK	47694	2129	1399150000000	300
933	OPERATION UBERHAX - SUCCESS	13066	854	1398310000000	160
934	Chicken Pot Pie! - Mega Walls #3	19016	1112	1396850000000	138
935	#Professional - A Hunger Games Youtube Event Attempt	15013	993	1396240000000	144
936	Raging Teamers Volume 1	14294	1031	1395980000000	155
937	Hunger Games - Archer!	17052	1205	1395890000000	171
938	Mega Walls - SO MANY DIAMONDS	35532	1334	1395640000000	177
939	Mega Walls - DEM HAX	25633	1473	1395010000000	275
940	Mega Walls - Diamond Axe Strat!	27677	1915	1394780000000	310
941	Mega Walls - The Diamond Thief!	48235	3466	1394160000000	620
942	Hypixel FAQ - How do I Punch Staff? A Comprehensive Guide by Technoblade	688379	42337	1392270000000	3454
943	Moments of WTF 2: CREEPER OF GLORY?	375198	14998	1391310000000	1304
944	Hunger Games 57 - OMGWTFBBQ BOW	159091	13305	1390880000000	1916
945	technoblade vs mineplex's owner	2811092	145487	1383280000000	38434
