Names	BadBoyHalo	Skeppy	a6d
Colors	#ff0000	#0000ff	#111111
Images	0.png	0.png	0.png
28-May-12	0		
29-May-12	0		
30-May-12	0		
31-May-12	0		
1-Jun-12	0		
2-Jun-12	0		
3-Jun-12	0		
4-Jun-12	7		
5-Jun-12	7		
6-Jun-12	8		
7-Jun-12	7		
8-Jun-12	8		
9-Jun-12	7		
10-Jun-12	8		
11-Jun-12	7		
12-Jun-12	7		
13-Jun-12	8		
14-Jun-12	7		
15-Jun-12	8		
16-Jun-12	7		
17-Jun-12	8		
18-Jun-12	7		
19-Jun-12	8		
20-Jun-12	13		
21-Jun-12	22		
22-Jun-12	38		
23-Jun-12	38		
24-Jun-12	39		
25-Jun-12	61		
26-Jun-12	38		
27-Jun-12	17		
28-Jun-12	19		
29-Jun-12	19		
30-Jun-12	88		
1-Jul-12	28		
2-Jul-12	37		
3-Jul-12	30		
4-Jul-12	37		
5-Jul-12	47		
6-Jul-12	60		
7-Jul-12	58		
8-Jul-12	74		
9-Jul-12	29		
10-Jul-12	53		
11-Jul-12	36		
12-Jul-12	28		
13-Jul-12	43		
14-Jul-12	84		
15-Jul-12	48		
16-Jul-12	13		
17-Jul-12	32		
18-Jul-12	41		
19-Jul-12	21		
20-Jul-12	88		
21-Jul-12	34		
22-Jul-12	30		
23-Jul-12	37		
24-Jul-12	41		
25-Jul-12	66		
26-Jul-12	31		
27-Jul-12	33		
28-Jul-12	62		
29-Jul-12	38		
30-Jul-12	73		
31-Jul-12	36		
1-Aug-12	24		
2-Aug-12	44		
3-Aug-12	30		
4-Aug-12	21		
5-Aug-12	95		
6-Aug-12	34		
7-Aug-12	89		
8-Aug-12	59		
9-Aug-12	33		
10-Aug-12	58		
11-Aug-12	35		
12-Aug-12	220		
13-Aug-12	42		
14-Aug-12	21		
15-Aug-12	39		
16-Aug-12	10		
17-Aug-12	68		
18-Aug-12	35		
19-Aug-12	14		
20-Aug-12	140		
21-Aug-12	45		
22-Aug-12	14		
23-Aug-12	60		
24-Aug-12	42		
25-Aug-12	48		
26-Aug-12	14		
27-Aug-12	25		
28-Aug-12	18		
29-Aug-12	15		
30-Aug-12	30		
31-Aug-12	53		
1-Sep-12	16		
2-Sep-12	101		
3-Sep-12	15		
4-Sep-12	42		
5-Sep-12	99		
6-Sep-12	22		
7-Sep-12	27		
8-Sep-12	40		
9-Sep-12	32		
10-Sep-12	23		
11-Sep-12	7		
12-Sep-12	8		
13-Sep-12	27		
14-Sep-12	39		
15-Sep-12	29		
16-Sep-12	36		
17-Sep-12	22		
18-Sep-12	23		
19-Sep-12	27		
20-Sep-12	25		
21-Sep-12	17		
22-Sep-12	41		
23-Sep-12	12		
24-Sep-12	38		
25-Sep-12	13		
26-Sep-12	10		
27-Sep-12	47		
28-Sep-12	19		
29-Sep-12	30		
30-Sep-12	47		
1-Oct-12	30		
2-Oct-12	29		
3-Oct-12	25		
4-Oct-12	28		
5-Oct-12	41		
6-Oct-12	35		
7-Oct-12	41		
8-Oct-12	9		
9-Oct-12	41		
10-Oct-12	4		
11-Oct-12	25		
12-Oct-12	55		
13-Oct-12	37		
14-Oct-12	59		
15-Oct-12	12		
16-Oct-12	29		
17-Oct-12	53		
18-Oct-12	24		
19-Oct-12	53		
20-Oct-12	48		
21-Oct-12	51		
22-Oct-12	4		
23-Oct-12	27		
24-Oct-12	-3		
25-Oct-12	33		
26-Oct-12	14		
27-Oct-12	63		
28-Oct-12	16		
29-Oct-12	4		
30-Oct-12	17		
31-Oct-12	39		
1-Nov-12	16		
2-Nov-12	30		
3-Nov-12	57		
4-Nov-12	66		
5-Nov-12	36		
6-Nov-12	24		
7-Nov-12	62		
8-Nov-12	7		
9-Nov-12	89		
10-Nov-12	52		
11-Nov-12	25		
12-Nov-12	35		
13-Nov-12	37		
14-Nov-12	27		
15-Nov-12	18		
16-Nov-12	36		
17-Nov-12	38		
18-Nov-12	60		
19-Nov-12	25		
20-Nov-12	36		
21-Nov-12	32		
22-Nov-12	33		
23-Nov-12	40		
24-Nov-12	11		
25-Nov-12	72		
26-Nov-12	39		
27-Nov-12	35		
28-Nov-12	3		
29-Nov-12	35		
30-Nov-12	45		
1-Dec-12	43		
2-Dec-12	32		
3-Dec-12	22		
4-Dec-12	14		
5-Dec-12	68		
6-Dec-12	32		
7-Dec-12	62		
8-Dec-12	44		
9-Dec-12	43		
10-Dec-12	10		
11-Dec-12	36		
12-Dec-12	45		
13-Dec-12	54		
14-Dec-12	50		
15-Dec-12	63		
16-Dec-12	41		
17-Dec-12	36		
18-Dec-12	8		
19-Dec-12	99		
20-Dec-12	29		
21-Dec-12	68		
22-Dec-12	25		
23-Dec-12	71		
24-Dec-12	51		
25-Dec-12	35		
26-Dec-12	52		
27-Dec-12	47		
28-Dec-12	64		
29-Dec-12	5		
30-Dec-12	94		
31-Dec-12	54		
1-Jan-13	71		
2-Jan-13	64		
3-Jan-13	60		
4-Jan-13	59		
5-Jan-13	56		
6-Jan-13	89		
7-Jan-13	90		
8-Jan-13	3		
9-Jan-13	133		
10-Jan-13	81		
11-Jan-13	107		
12-Jan-13	98		
13-Jan-13	84		
14-Jan-13	71		
15-Jan-13	61		
16-Jan-13	96		
17-Jan-13	25		
18-Jan-13	132		
19-Jan-13	77		
20-Jan-13	106		
21-Jan-13	75		
22-Jan-13	87		
23-Jan-13	67		
24-Jan-13	61		
25-Jan-13	115		
26-Jan-13	94		
27-Jan-13	99		
28-Jan-13	65		
29-Jan-13	55		
30-Jan-13	66		
31-Jan-13	40		
1-Feb-13	80		
2-Feb-13	115		
3-Feb-13	147		
4-Feb-13	122		
5-Feb-13	148		
6-Feb-13	141		
7-Feb-13	87		
8-Feb-13	69		
9-Feb-13	230		
10-Feb-13	114		
11-Feb-13	80		
12-Feb-13	80		
13-Feb-13	77		
14-Feb-13	93		
15-Feb-13	114		
16-Feb-13	121		
17-Feb-13	121		
18-Feb-13	140		
19-Feb-13	140		
20-Feb-13	103		
21-Feb-13	89		
22-Feb-13	146		
23-Feb-13	134		
24-Feb-13	128		
25-Feb-13	105		
26-Feb-13	137		
27-Feb-13	129		
28-Feb-13	107		
1-Mar-13	116		
2-Mar-13	134		
3-Mar-13	106		
4-Mar-13	106		
5-Mar-13	100		
6-Mar-13	103		
7-Mar-13	118		
8-Mar-13	154		
9-Mar-13	149		
10-Mar-13	109		
11-Mar-13	149		
12-Mar-13	127		
13-Mar-13	120		
14-Mar-13	149		
15-Mar-13	209		
16-Mar-13	157		
17-Mar-13	144		
18-Mar-13	156		
19-Mar-13	105		
20-Mar-13	91		
21-Mar-13	97		
22-Mar-13	158		
23-Mar-13	194		
24-Mar-13	187		
25-Mar-13	137		
26-Mar-13	88		
27-Mar-13	163		
28-Mar-13	114		
29-Mar-13	198		
30-Mar-13	113		
31-Mar-13	126		
1-Apr-13	13		
2-Apr-13	238		
3-Apr-13	95		
4-Apr-13	107		
5-Apr-13	155		
6-Apr-13	153		
7-Apr-13	107		
8-Apr-13	111		
9-Apr-13	144		
10-Apr-13	102		
11-Apr-13	92		
12-Apr-13	202		
13-Apr-13	157		
14-Apr-13	64		
15-Apr-13	195		
16-Apr-13	108		
17-Apr-13	114		
18-Apr-13	76		
19-Apr-13	156		
20-Apr-13	107		
21-Apr-13	95		
22-Apr-13	69		
23-Apr-13	67		
24-Apr-13	82		
25-Apr-13	96		
26-Apr-13	100		
27-Apr-13	99		
28-Apr-13	124		
29-Apr-13	96		
30-Apr-13	91		
1-May-13	112		
2-May-13	18		
3-May-13	220		
4-May-13	115		
5-May-13	119		
6-May-13	103		
7-May-13	102		
8-May-13	108		
9-May-13	13		
10-May-13	203		
11-May-13	132		
12-May-13	66		
13-May-13	77		
14-May-13	126		
15-May-13	131		
16-May-13	101		
17-May-13	93		
18-May-13	163		
19-May-13	123		
20-May-13	122		
21-May-13	33		
22-May-13	82		
23-May-13	117		
24-May-13	159		
25-May-13	162		
26-May-13	135		
27-May-13	142		
28-May-13	19		
29-May-13	132		
30-May-13	106		
31-May-13	253		
1-Jun-13	130		
2-Jun-13	87		
3-Jun-13	171		
4-Jun-13	22		
5-Jun-13	99		
6-Jun-13	81		
7-Jun-13	187		
8-Jun-13	123		
9-Jun-13	67		
10-Jun-13	143		
11-Jun-13	73		
12-Jun-13	172		
13-Jun-13	12		
14-Jun-13	201		
15-Jun-13	115		
16-Jun-13	121		
17-Jun-13	98		
18-Jun-13	127		
19-Jun-13	50		
20-Jun-13	127		
21-Jun-13	117		
22-Jun-13	107		
23-Jun-13	101		
24-Jun-13	94		
25-Jun-13	53		
26-Jun-13	200		
27-Jun-13	115		
28-Jun-13	121		
29-Jun-13	95		
30-Jun-13	96		
1-Jul-13	105		
2-Jul-13	100		
3-Jul-13	85		
4-Jul-13	24		
5-Jul-13	107		
6-Jul-13	182		
7-Jul-13	80		
8-Jul-13	24		
9-Jul-13	173		
10-Jul-13	129		
11-Jul-13	9		
12-Jul-13	131		
13-Jul-13	80		
14-Jul-13	81		
15-Jul-13	78		
16-Jul-13	25		
17-Jul-13	243		
18-Jul-13	30		
19-Jul-13	125		
20-Jul-13	21		
21-Jul-13	177		
22-Jul-13	125		
23-Jul-13	119		
24-Jul-13	81		
25-Jul-13	90		
26-Jul-13	85		
27-Jul-13	35		
28-Jul-13	108		
29-Jul-13	84		
30-Jul-13	87		
31-Jul-13	80		
1-Aug-13	52		
2-Aug-13	85		
3-Aug-13	78		
4-Aug-13	8		
5-Aug-13	124		
6-Aug-13	67		
7-Aug-13	42		
8-Aug-13	71		
9-Aug-13	60		
10-Aug-13	65		
11-Aug-13	72		
12-Aug-13	64		
13-Aug-13	35		
14-Aug-13	58		
15-Aug-13	100		
16-Aug-13	117		
17-Aug-13	107		
18-Aug-13	129		
19-Aug-13	67		
20-Aug-13	93		
21-Aug-13	52		
22-Aug-13	151		
23-Aug-13	114		
24-Aug-13	100		
25-Aug-13	67		
26-Aug-13	31		
27-Aug-13	113		
28-Aug-13	60		
29-Aug-13	75		
30-Aug-13	14		
31-Aug-13	134		
1-Sep-13	161		
2-Sep-13	54		
3-Sep-13	94		
4-Sep-13	97		
5-Sep-13	130		
6-Sep-13	127		
7-Sep-13	112		
8-Sep-13	109		
9-Sep-13	78		
10-Sep-13	-1		
11-Sep-13	152		
12-Sep-13	107		
13-Sep-13	150		
14-Sep-13	75		
15-Sep-13	170		
16-Sep-13	72		
17-Sep-13	98		
18-Sep-13	113		
19-Sep-13	108		
20-Sep-13	146		
21-Sep-13	112		
22-Sep-13	67		
23-Sep-13	30		
24-Sep-13	140		
25-Sep-13	74		
26-Sep-13	27		
27-Sep-13	290		
28-Sep-13	80		
29-Sep-13	34		
30-Sep-13	200		
1-Oct-13	120		
2-Oct-13	89		
3-Oct-13	96		
4-Oct-13	100		
5-Oct-13	100		
6-Oct-13	111		
7-Oct-13	133		
8-Oct-13	71		
9-Oct-13	575		
10-Oct-13	242		
11-Oct-13	165		
12-Oct-13	223		
13-Oct-13	125		
14-Oct-13	109		
15-Oct-13	647		
16-Oct-13	439		
17-Oct-13	268		
18-Oct-13	198		
19-Oct-13	212		
20-Oct-13	397		
21-Oct-13	262		
22-Oct-13	138		
23-Oct-13	133		
24-Oct-13	117		
25-Oct-13	158		
26-Oct-13	130		
27-Oct-13	43		
28-Oct-13	165		
29-Oct-13	102		
30-Oct-13	86		
31-Oct-13	91		
1-Nov-13	125		
2-Nov-13	127		
3-Nov-13	76		
4-Nov-13	117		
5-Nov-13	118		
6-Nov-13	192		
7-Nov-13	116		
8-Nov-13	80		
9-Nov-13	220		
10-Nov-13	93		
11-Nov-13	72		
12-Nov-13	61		
13-Nov-13	36		
14-Nov-13	64		
15-Nov-13	136		
16-Nov-13	52		
17-Nov-13	85		
18-Nov-13	107		
19-Nov-13	36		
20-Nov-13	37		
21-Nov-13	37		
22-Nov-13	103		
23-Nov-13	104		
24-Nov-13	116		
25-Nov-13	13		
26-Nov-13	119		
27-Nov-13	43		
28-Nov-13	38		
29-Nov-13	68		
30-Nov-13	65		
1-Dec-13	86		
2-Dec-13	35		
3-Dec-13	35		
4-Dec-13	69		
5-Dec-13	47		
6-Dec-13	17		
7-Dec-13	137		
8-Dec-13	66		
9-Dec-13	59		
10-Dec-13	38		
11-Dec-13	62		
12-Dec-13	100		
13-Dec-13	99		
14-Dec-13	102		
15-Dec-13	17		
16-Dec-13	132		
17-Dec-13	25		
18-Dec-13	44		
19-Dec-13	93		
20-Dec-13	31		
21-Dec-13	96		
22-Dec-13	44		
23-Dec-13	117		
24-Dec-13	-1		
25-Dec-13	91		
26-Dec-13	77		
27-Dec-13	78		
28-Dec-13	54		
29-Dec-13	55		
30-Dec-13	44		
31-Dec-13	68		
1-Jan-14	74		
2-Jan-14	70		
3-Jan-14	49		
4-Jan-14	8		
5-Jan-14	149		
6-Jan-14	84		
7-Jan-14	68		
8-Jan-14	71		
9-Jan-14	65		
10-Jan-14	56		
11-Jan-14	119		
12-Jan-14	45		
13-Jan-14	19		
14-Jan-14	118		
15-Jan-14	28		
16-Jan-14	53		
17-Jan-14	70		
18-Jan-14	85		
19-Jan-14	47		
20-Jan-14	33		
21-Jan-14	62		
22-Jan-14	62		
23-Jan-14	94		
24-Jan-14	102		
25-Jan-14	78		
26-Jan-14	33		
27-Jan-14	90		
28-Jan-14	55		
29-Jan-14	74		
30-Jan-14	42		
31-Jan-14	42		
1-Feb-14	61		
2-Feb-14	37		
3-Feb-14	32		
4-Feb-14	33		
5-Feb-14	46		
6-Feb-14	64		
7-Feb-14	74		
8-Feb-14	49		
9-Feb-14	57		
10-Feb-14	29		
11-Feb-14	29		
12-Feb-14	21		
13-Feb-14	21		
14-Feb-14	72		
15-Feb-14	72		
16-Feb-14	72		
17-Feb-14	73		
18-Feb-14	79		
19-Feb-14	34		
20-Feb-14	35		
21-Feb-14	69		
22-Feb-14	69		
23-Feb-14	33		
24-Feb-14	56		
25-Feb-14	53		
26-Feb-14	11		
27-Feb-14	1		
28-Feb-14	61		
1-Mar-14	82		
2-Mar-14	35		
3-Mar-14	40		
4-Mar-14	40		
5-Mar-14	72		
6-Mar-14	41		
7-Mar-14	49		
8-Mar-14	51		
9-Mar-14	22		
10-Mar-14	44		
11-Mar-14	16		
12-Mar-14	76		
13-Mar-14	57		
14-Mar-14	48		
15-Mar-14	59		
16-Mar-14	48		
17-Mar-14	16		
18-Mar-14	61		
19-Mar-14	62		
20-Mar-14	4		
21-Mar-14	99		
22-Mar-14	71		
23-Mar-14	25		
24-Mar-14	31		
25-Mar-14	28		
26-Mar-14	12		
27-Mar-14	13		
28-Mar-14	62		
29-Mar-14	40		
30-Mar-14	43		
31-Mar-14	35		
1-Apr-14	36		
2-Apr-14	38		
3-Apr-14	6		
4-Apr-14	48		
5-Apr-14	48		
6-Apr-14	49		
7-Apr-14	17		
8-Apr-14	68		
9-Apr-14	1		
10-Apr-14	37		
11-Apr-14	40		
12-Apr-14	41		
13-Apr-14	27		
14-Apr-14	78		
15-Apr-14	79		
16-Apr-14	25		
17-Apr-14	42		
18-Apr-14	42		
19-Apr-14	19		
20-Apr-14	13		
21-Apr-14	64		
22-Apr-14	36		
23-Apr-14	37		
24-Apr-14	21		
25-Apr-14	34		
26-Apr-14	45		
27-Apr-14	35		
28-Apr-14	9		
29-Apr-14	49		
30-Apr-14	9		
1-May-14	32		
2-May-14	58		
3-May-14	41		
4-May-14	28		
5-May-14	1		
6-May-14	36		
7-May-14	36		
8-May-14	22		
9-May-14	18		
10-May-14	12		
11-May-14	20		
12-May-14	21		
13-May-14	21		
14-May-14	21		
15-May-14	21		
16-May-14	21		
17-May-14	22		
18-May-14	2		
19-May-14	38		
20-May-14	4		
21-May-14	5		
22-May-14	13		
23-May-14	-14		
24-May-14	35		
25-May-14	41		
26-May-14	12		
27-May-14	8		
28-May-14	15		
29-May-14	4		
30-May-14	23		
31-May-14	7		
1-Jun-14	33		
2-Jun-14	20		
3-Jun-14	3		
4-Jun-14	3		
5-Jun-14	9		
6-Jun-14	9		
7-Jun-14	9		
8-Jun-14	-11		
9-Jun-14	2		
10-Jun-14	17		
11-Jun-14	-1		
12-Jun-14	33		
13-Jun-14	-8		
14-Jun-14	20		
15-Jun-14	21		
16-Jun-14	133		
17-Jun-14	71		
18-Jun-14	34		
19-Jun-14	11		
20-Jun-14	24		
21-Jun-14	21		
22-Jun-14	35		
23-Jun-14	38		
24-Jun-14	18		
25-Jun-14	-26		
26-Jun-14	22		
27-Jun-14	-1		
28-Jun-14	43		
29-Jun-14	7		
30-Jun-14	55		
1-Jul-14	27		
2-Jul-14	15		
3-Jul-14	25		
4-Jul-14	23		
5-Jul-14	9		
6-Jul-14	18		
7-Jul-14	35		
8-Jul-14	15		
9-Jul-14	11		
10-Jul-14	19		
11-Jul-14	34		
12-Jul-14	31		
13-Jul-14	45		
14-Jul-14	31		
15-Jul-14	32		
16-Jul-14	26		
17-Jul-14	16		
18-Jul-14	11		
19-Jul-14	17		
20-Jul-14	33		
21-Jul-14	21		
22-Jul-14	4		
23-Jul-14	21		
24-Jul-14	47		
25-Jul-14	14		
26-Jul-14	20		
27-Jul-14	11		
28-Jul-14	-1		
29-Jul-14	26		
30-Jul-14	12		
31-Jul-14	37		
1-Aug-14	5		
2-Aug-14	21		
3-Aug-14	22		
4-Aug-14	1		
5-Aug-14	2		
6-Aug-14	19		
7-Aug-14	13		
8-Aug-14	39		
9-Aug-14	44		
10-Aug-14	3		
11-Aug-14	22		
12-Aug-14	33		
13-Aug-14	32		
14-Aug-14	4		
15-Aug-14	15		
16-Aug-14	3		
17-Aug-14	9		
18-Aug-14	8		
19-Aug-14	9		
20-Aug-14	7		
21-Aug-14	19		
22-Aug-14	32		
23-Aug-14	-1		
24-Aug-14	1		
25-Aug-14	8		
26-Aug-14	25		
27-Aug-14	-6		
28-Aug-14	18		
29-Aug-14	13		
30-Aug-14	16		
31-Aug-14	15		
1-Sep-14	16		
2-Sep-14	21		
3-Sep-14	27		
4-Sep-14	6		
5-Sep-14	-10		
6-Sep-14	-9		
7-Sep-14	17		
8-Sep-14	11		
9-Sep-14	16		
10-Sep-14	6		
11-Sep-14	35		
12-Sep-14	100		
13-Sep-14	49		
14-Sep-14	29		
15-Sep-14	23		
16-Sep-14	29		
17-Sep-14	29		
18-Sep-14	19		
19-Sep-14	28		
20-Sep-14	42		
21-Sep-14	24		
22-Sep-14	13		
23-Sep-14	22		
24-Sep-14	16		
25-Sep-14	11		
26-Sep-14	18		
27-Sep-14	8		
28-Sep-14	29		
29-Sep-14	17		
30-Sep-14	21		
1-Oct-14	8		
2-Oct-14	14		
3-Oct-14	31		
4-Oct-14	23		
5-Oct-14	32		
6-Oct-14	31		
7-Oct-14	8		
8-Oct-14	4		
9-Oct-14	5		
10-Oct-14	14		
11-Oct-14	18		
12-Oct-14	1		
13-Oct-14	1		
14-Oct-14	1		
15-Oct-14	-7		
16-Oct-14	15		
17-Oct-14	4		
18-Oct-14	19		
19-Oct-14	5		
20-Oct-14	6		
21-Oct-14	19		
22-Oct-14	1		
23-Oct-14	24		
24-Oct-14	-10		
25-Oct-14	-17		
26-Oct-14	6		
27-Oct-14	2		
28-Oct-14	14		
29-Oct-14	8		
30-Oct-14	8		
31-Oct-14	9		
1-Nov-14	10		
2-Nov-14	8		
3-Nov-14	8		
4-Nov-14	-4		
5-Nov-14	11		
6-Nov-14	15		
7-Nov-14	14		
8-Nov-14	22		
9-Nov-14	2		
10-Nov-14	2		
11-Nov-14	16		
12-Nov-14	10		
13-Nov-14	16		
14-Nov-14	-1		
15-Nov-14	7		
16-Nov-14	23		
17-Nov-14	9		
18-Nov-14	2		
19-Nov-14	2		
20-Nov-14	5		
21-Nov-14	14		
22-Nov-14	15		
23-Nov-14	-4		
24-Nov-14	14		
25-Nov-14	13		
26-Nov-14	4		
27-Nov-14	4		
28-Nov-14	31		
29-Nov-14	3		
30-Nov-14	4		
1-Dec-14	-65		
2-Dec-14	15		
3-Dec-14	15		
4-Dec-14	11		
5-Dec-14	12		
6-Dec-14	-5		
7-Dec-14	-19		
8-Dec-14	21		
9-Dec-14	-3		
10-Dec-14	2		
11-Dec-14	20		
12-Dec-14	6		
13-Dec-14	-11		
14-Dec-14	13		
15-Dec-14	-7		
16-Dec-14	-18		
17-Dec-14	6		
18-Dec-14	7		
19-Dec-14	8		
20-Dec-14	-1		
21-Dec-14	-9		
22-Dec-14	6		
23-Dec-14	-5		
24-Dec-14	4		
25-Dec-14	-5		
26-Dec-14	14		
27-Dec-14	10		
28-Dec-14	17		
29-Dec-14	13		
30-Dec-14	8		
31-Dec-14	12		
1-Jan-15	12		
2-Jan-15	1		
3-Jan-15	8		
4-Jan-15	12		
5-Jan-15	23		
6-Jan-15	27		
7-Jan-15	28		
8-Jan-15	16		
9-Jan-15	32		
10-Jan-15	26		
11-Jan-15	11		
12-Jan-15	22		
13-Jan-15	17		
14-Jan-15	-7		
15-Jan-15	-7	0	
16-Jan-15	5	0	
17-Jan-15	29	0	
18-Jan-15	13	0	
19-Jan-15	-1	0	
20-Jan-15	24	0	
21-Jan-15	6	0	
22-Jan-15	12	0	
23-Jan-15	7	0	
24-Jan-15	7	0	
25-Jan-15	16	0	
26-Jan-15	16	0	
27-Jan-15	5	0	
28-Jan-15	46	0	
29-Jan-15	18	0	
30-Jan-15	23	0	
31-Jan-15	7	0	
1-Feb-15	19	0	
2-Feb-15	12	0	
3-Feb-15	6	0	
4-Feb-15	5	0	
5-Feb-15	7	0	
6-Feb-15	7	0	
7-Feb-15	8	0	
8-Feb-15	11	0	
9-Feb-15	19	0	
10-Feb-15	3	0	
11-Feb-15	4	0	
12-Feb-15	13	0	
13-Feb-15	14	0	
14-Feb-15	15	0	
15-Feb-15	2	0	
16-Feb-15	28	0	
17-Feb-15	6	0	
18-Feb-15	-1	0	
19-Feb-15	7	0	
20-Feb-15	13	0	
21-Feb-15	10	0	
22-Feb-15	12	0	
23-Feb-15	14	0	
24-Feb-15	13	0	
25-Feb-15	12	0	
26-Feb-15	1	0	
27-Feb-15	-7	0	
28-Feb-15	17	0	
1-Mar-15	10	0	
2-Mar-15	12	0	
3-Mar-15	4	0	
4-Mar-15	7	0	
5-Mar-15	14	0	
6-Mar-15	-8	0	
7-Mar-15	16	0	
8-Mar-15	1	0	
9-Mar-15	6	0	
10-Mar-15	7	0	
11-Mar-15	11	0	
12-Mar-15	8	0	
13-Mar-15	4	0	
14-Mar-15	10	0	
15-Mar-15	4	0	
16-Mar-15	4	0	
17-Mar-15	-8	0	
18-Mar-15	21	0	
19-Mar-15	1	0	
20-Mar-15	1	0	
21-Mar-15	-3	0	
22-Mar-15	22	0	
23-Mar-15	18	0	
24-Mar-15	11	0	
25-Mar-15	8	0	
26-Mar-15	10	0	
27-Mar-15	3	0	
28-Mar-15	3	0	
29-Mar-15	4	0	
30-Mar-15	-16	0	
31-Mar-15	9	0	
1-Apr-15	12	0	
2-Apr-15	1	0	
3-Apr-15	9	0	
4-Apr-15	15	0	
5-Apr-15	20	0	
6-Apr-15	3	0	
7-Apr-15	-2	0	
8-Apr-15	2	0	
9-Apr-15	1	0	
10-Apr-15	-7	0	
11-Apr-15	7	0	
12-Apr-15	8	0	
13-Apr-15	12	0	
14-Apr-15	4	0	
15-Apr-15	9	0	
16-Apr-15	-42	0	
17-Apr-15	1	0	
18-Apr-15	26	0	
19-Apr-15	4	0	
20-Apr-15	5	0	
21-Apr-15	-2	0	
22-Apr-15	3	0	
23-Apr-15	6	0	
24-Apr-15	9	0	
25-Apr-15	12	0	
26-Apr-15	5	0	
27-Apr-15	-1	0	
28-Apr-15	8	0	
29-Apr-15	-2	0	
30-Apr-15	-2	0	
1-May-15	1	0	
2-May-15	-3	0	
3-May-15	-3	0	
4-May-15	-1	0	
5-May-15	3	0	
6-May-15	3	0	
7-May-15	14	0	
8-May-15	1	0	
9-May-15	15	0	
10-May-15	-6	0	
11-May-15	-4	0	
12-May-15	22	0	
13-May-15	7	0	
14-May-15	6	0	
15-May-15	13	0	
16-May-15	18	0	
17-May-15	-1	0	
18-May-15	6	0	
19-May-15	5	0	
20-May-15	5	0	
21-May-15	-6	0	
22-May-15	-5	0	
23-May-15	-6	0	
24-May-15	13	0	
25-May-15	9	0	
26-May-15	1	0	
27-May-15	-16	0	
28-May-15	-19	0	
29-May-15	-9	0	
30-May-15	1	0	
31-May-15	5	0	
1-Jun-15	8	0	
2-Jun-15	1	0	
3-Jun-15	5	0	
4-Jun-15	9	0	
5-Jun-15	6	0	
6-Jun-15	-8	0	
7-Jun-15	-14	0	
8-Jun-15	6	0	
9-Jun-15	13	0	
10-Jun-15	10	0	
11-Jun-15	4	0	
12-Jun-15	8	0	
13-Jun-15	9	0	
14-Jun-15	5	0	
15-Jun-15	18	0	
16-Jun-15	6	0	
17-Jun-15	14	0	
18-Jun-15	14	0	
19-Jun-15	-12	0	
20-Jun-15	9	0	
21-Jun-15	26	0	
22-Jun-15	-14	0	
23-Jun-15	9	0	
24-Jun-15	38	0	
25-Jun-15	-5	0	
26-Jun-15	40	0	
27-Jun-15	7	0	
28-Jun-15	16	0	
29-Jun-15	-2	0	
30-Jun-15	18	0	
1-Jul-15	26	0	
2-Jul-15	13	0	
3-Jul-15	23	0	
4-Jul-15	23	0	
5-Jul-15	16	0	
6-Jul-15	15	0	
7-Jul-15	29	0	
8-Jul-15	27	1	
9-Jul-15	13	1	
10-Jul-15	7	1	
11-Jul-15	17	1	
12-Jul-15	23	1	
13-Jul-15	-37	1	
14-Jul-15	44	1	
15-Jul-15	43	1	
16-Jul-15	43	2	
17-Jul-15	26	1	
18-Jul-15	35	1	
19-Jul-15	48	1	
20-Jul-15	13	1	
21-Jul-15	43	1	
22-Jul-15	53	1	
23-Jul-15	40	1	
24-Jul-15	-20	2	
25-Jul-15	20	1	
26-Jul-15	23	1	
27-Jul-15	39	1	
28-Jul-15	44	1	
29-Jul-15	8	1	
30-Jul-15	56	1	
31-Jul-15	28	1	
1-Aug-15	23	2	
2-Aug-15	42	1	
3-Aug-15	50	1	
4-Aug-15	45	1	
5-Aug-15	14	1	
6-Aug-15	53	1	
7-Aug-15	55	1	
8-Aug-15	45	1	
9-Aug-15	-15	2	
10-Aug-15	14	1	
11-Aug-15	48	1	
12-Aug-15	86	1	
13-Aug-15	5	1	
14-Aug-15	50	1	
15-Aug-15	41	1	
16-Aug-15	38	1	
17-Aug-15	3	2	
18-Aug-15	32	1	
19-Aug-15	76	1	
20-Aug-15	6	1	
21-Aug-15	31	1	
22-Aug-15	-4	1	
23-Aug-15	8	1	
24-Aug-15	57	1	
25-Aug-15	39	2	
26-Aug-15	68	1	
27-Aug-15	64	1	
28-Aug-15	26	1	
29-Aug-15	27	1	
30-Aug-15	31	1	
31-Aug-15	50	1	
1-Sep-15	23	1	
2-Sep-15	58	2	
3-Sep-15	48	1	
4-Sep-15	77	1	
5-Sep-15	37	1	
6-Sep-15	32	1	
7-Sep-15	48	1	
8-Sep-15	44	1	
9-Sep-15	28	1	
10-Sep-15	29	2	
11-Sep-15	70	1	
12-Sep-15	6	1	
13-Sep-15	104	1	
14-Sep-15	5	1	
15-Sep-15	50	1	
16-Sep-15	5	1	
17-Sep-15	1	1	
18-Sep-15	27	2	
19-Sep-15	32	1	
20-Sep-15	40	1	
21-Sep-15	22	1	
22-Sep-15	21	1	
23-Sep-15	21	1	
24-Sep-15	52	1	
25-Sep-15	2	1	
26-Sep-15	1	2	
27-Sep-15	22	1	
28-Sep-15	32	1	
29-Sep-15	11	1	
30-Sep-15	26	1	
1-Oct-15	23	1	
2-Oct-15	14	1	
3-Oct-15	-8	1	
4-Oct-15	12	2	
5-Oct-15	-18	7	
6-Oct-15	12	7	
7-Oct-15	42	7	
8-Oct-15	21	8	
9-Oct-15	31	7	
10-Oct-15	36	7	
11-Oct-15	32	8	
12-Oct-15	24	7	
13-Oct-15	17	7	
14-Oct-15	24	8	
15-Oct-15	9	7	
16-Oct-15	2	7	
17-Oct-15	53	8	
18-Oct-15	24	7	
19-Oct-15	4	7	
20-Oct-15	-12	8	
21-Oct-15	9	7	
22-Oct-15	-3	7	
23-Oct-15	19	8	
24-Oct-15	31	7	
25-Oct-15	51	7	
26-Oct-15	29	7	
27-Oct-15	30	8	
28-Oct-15	19	7	
29-Oct-15	28	7	
30-Oct-15	18	8	
31-Oct-15	31	7	
1-Nov-15	27	7	
2-Nov-15	10	8	
3-Nov-15	4	7	
4-Nov-15	42	7	
5-Nov-15	6	8	
6-Nov-15	16	7	
7-Nov-15	13	7	
8-Nov-15	36	8	
9-Nov-15	4	7	
10-Nov-15	47	7	
11-Nov-15	37	8	
12-Nov-15	4	7	
13-Nov-15	24	7	
14-Nov-15	72	8	
15-Nov-15	8	7	
16-Nov-15	14	7	
17-Nov-15	15	7	
18-Nov-15	15	8	
19-Nov-15	55	7	
20-Nov-15	8	7	
21-Nov-15	57	8	
22-Nov-15	42	7	
23-Nov-15	6	7	
24-Nov-15	44	8	
25-Nov-15	79	7	
26-Nov-15	19	7	
27-Nov-15	12	8	
28-Nov-15	25	7	
29-Nov-15	84	7	
30-Nov-15	-29	8	
1-Dec-15	-1	7	
2-Dec-15	36	7	
3-Dec-15	3	8	
4-Dec-15	25	7	
5-Dec-15	21	7	
6-Dec-15	23	7	
7-Dec-15	11	8	
8-Dec-15	55	7	
9-Dec-15	17	7	
10-Dec-15	26	8	
11-Dec-15	26	7	
12-Dec-15	26	7	
13-Dec-15	26	8	
14-Dec-15	26	7	
15-Dec-15	11	7	
16-Dec-15	-1	8	
17-Dec-15	27	7	
18-Dec-15	27	7	
19-Dec-15	52	8	
20-Dec-15	48	7	
21-Dec-15	95	7	
22-Dec-15	29	8	
23-Dec-15	28	7	
24-Dec-15	15	7	
25-Dec-15	38	8	
26-Dec-15	51	7	
27-Dec-15	69	7	
28-Dec-15	57	7	
29-Dec-15	65	8	
30-Dec-15	33	7	
31-Dec-15	49	7	
1-Jan-16	41	8	
2-Jan-16	69	7	
3-Jan-16	55	7	
4-Jan-16	31	8	
5-Jan-16	50	7	
6-Jan-16	41	7	
7-Jan-16	41	8	
8-Jan-16	65	7	
9-Jan-16	61	7	
10-Jan-16	69	8	
11-Jan-16	46	7	
12-Jan-16	41	7	
13-Jan-16	36	8	
14-Jan-16	35	7	
15-Jan-16	58	7	
16-Jan-16	72	7	
17-Jan-16	101	8	
18-Jan-16	59	7	
19-Jan-16	55	7	
20-Jan-16	31	8	
21-Jan-16	30	7	
22-Jan-16	68	7	
23-Jan-16	92	8	
24-Jan-16	80	7	
25-Jan-16	40	7	
26-Jan-16	68	8	
27-Jan-16	21	7	
28-Jan-16	39	7	
29-Jan-16	79	8	
30-Jan-16	84	7	
31-Jan-16	197	7	
1-Feb-16	142	8	
2-Feb-16	103	7	
3-Feb-16	254	7	
4-Feb-16	37	8	
5-Feb-16	23	20	
6-Feb-16	24	20	
7-Feb-16	24	20	
8-Feb-16	23	20	
9-Feb-16	24	20	
10-Feb-16	24	20	
11-Feb-16	23	20	
12-Feb-16	24	21	
13-Feb-16	24	20	
14-Feb-16	24	20	
15-Feb-16	23	20	
16-Feb-16	24	20	
17-Feb-16	24	20	
18-Feb-16	23	20	
19-Feb-16	24	21	
20-Feb-16	24	20	
21-Feb-16	24	20	
22-Feb-16	23	20	
23-Feb-16	24	20	
24-Feb-16	24	20	
25-Feb-16	23	20	
26-Feb-16	24	20	
27-Feb-16	24	21	
28-Feb-16	24	20	
29-Feb-16	23	20	
1-Mar-16	24	20	
2-Mar-16	24	20	
3-Mar-16	23	20	
4-Mar-16	24	20	
5-Mar-16	24	21	
6-Mar-16	24	20	
7-Mar-16	23	20	
8-Mar-16	24	20	
9-Mar-16	24	20	
10-Mar-16	23	20	
11-Mar-16	24	20	
12-Mar-16	24	20	
13-Mar-16	24	21	
14-Mar-16	23	20	
15-Mar-16	24	20	
16-Mar-16	24	20	
17-Mar-16	23	20	
18-Mar-16	24	20	
19-Mar-16	24	20	
20-Mar-16	24	21	
21-Mar-16	23	20	
22-Mar-16	24	20	
23-Mar-16	24	20	
24-Mar-16	23	20	
25-Mar-16	24	20	
26-Mar-16	24	20	
27-Mar-16	24	20	
28-Mar-16	23	21	
29-Mar-16	24	20	
30-Mar-16	24	20	
31-Mar-16	23	20	
1-Apr-16	24	20	
2-Apr-16	24	20	
3-Apr-16	24	20	
4-Apr-16	23	21	
5-Apr-16	24	20	
6-Apr-16	24	20	
7-Apr-16	23	20	
8-Apr-16	24	20	
9-Apr-16	24	20	
10-Apr-16	24	20	
11-Apr-16	23	20	
12-Apr-16	24	21	
13-Apr-16	24	20	
14-Apr-16	23	20	
15-Apr-16	24	20	
16-Apr-16	24	20	
17-Apr-16	24	20	
18-Apr-16	23	20	
19-Apr-16	24	21	
20-Apr-16	24	20	
21-Apr-16	23	20	
22-Apr-16	24	20	
23-Apr-16	24	20	
24-Apr-16	24	20	
25-Apr-16	23	20	
26-Apr-16	24	21	
27-Apr-16	24	20	
28-Apr-16	23	20	
29-Apr-16	24	20	
30-Apr-16	24	20	
1-May-16	24	20	
2-May-16	23	20	
3-May-16	24	20	
4-May-16	24	21	
5-May-16	23	20	
6-May-16	24	20	
7-May-16	24	20	
8-May-16	24	20	
9-May-16	23	20	
10-May-16	24	20	
11-May-16	24	21	
12-May-16	23	20	
13-May-16	24	20	
14-May-16	24	20	
15-May-16	24	20	
16-May-16	23	20	
17-May-16	24	20	
18-May-16	24	20	
19-May-16	23	21	
20-May-16	24	20	
21-May-16	24	20	
22-May-16	24	20	
23-May-16	23	20	
24-May-16	24	20	
25-May-16	24	20	
26-May-16	23	21	
27-May-16	24	20	
28-May-16	24	20	
29-May-16	24	20	
30-May-16	23	20	
31-May-16	24	20	
1-Jun-16	24	20	
2-Jun-16	23	20	
3-Jun-16	24	21	
4-Jun-16	24	20	
5-Jun-16	24	20	
6-Jun-16	23	20	
7-Jun-16	24	20	
8-Jun-16	24	20	
9-Jun-16	23	20	
10-Jun-16	24	21	
11-Jun-16	24	20	
12-Jun-16	24	20	
13-Jun-16	23	20	
14-Jun-16	24	20	
15-Jun-16	24	20	
16-Jun-16	23	20	
17-Jun-16	24	20	
18-Jun-16	24	21	
19-Jun-16	24	20	
20-Jun-16	23	20	
21-Jun-16	24	20	
22-Jun-16	24	20	
23-Jun-16	23	20	
24-Jun-16	24	20	
25-Jun-16	24	21	
26-Jun-16	24	20	
27-Jun-16	23	20	
28-Jun-16	24	20	
29-Jun-16	24	20	
30-Jun-16	23	20	
1-Jul-16	24	20	
2-Jul-16	24	21	
3-Jul-16	24	20	
4-Jul-16	23	20	
5-Jul-16	24	20	
6-Jul-16	24	20	
7-Jul-16	23	20	
8-Jul-16	24	20	
9-Jul-16	24	20	
10-Jul-16	24	21	
11-Jul-16	23	20	
12-Jul-16	24	20	
13-Jul-16	24	20	
14-Jul-16	23	20	
15-Jul-16	24	20	
16-Jul-16	24	20	
17-Jul-16	24	21	
18-Jul-16	23	20	
19-Jul-16	24	20	
20-Jul-16	24	20	
21-Jul-16	23	20	
22-Jul-16	24	20	
23-Jul-16	24	20	
24-Jul-16	24	20	
25-Jul-16	23	21	
26-Jul-16	24	20	
27-Jul-16	24	20	
28-Jul-16	23	20	
29-Jul-16	24	20	
30-Jul-16	24	20	
31-Jul-16	24	20	
1-Aug-16	23	21	
2-Aug-16	24	20	
3-Aug-16	24	20	
4-Aug-16	23	20	
5-Aug-16	24	20	
6-Aug-16	24	20	
7-Aug-16	24	20	
8-Aug-16	23	20	
9-Aug-16	24	21	
10-Aug-16	24	20	
11-Aug-16	23	20	
12-Aug-16	24	20	
13-Aug-16	24	20	
14-Aug-16	24	20	
15-Aug-16	23	20	
16-Aug-16	24	21	
17-Aug-16	24	20	
18-Aug-16	23	20	
19-Aug-16	24	20	
20-Aug-16	24	20	
21-Aug-16	24	20	
22-Aug-16	23	20	
23-Aug-16	24	20	
24-Aug-16	24	21	
25-Aug-16	23	20	
26-Aug-16	24	20	
27-Aug-16	24	20	
28-Aug-16	24	20	
29-Aug-16	23	20	
30-Aug-16	24	20	
31-Aug-16	24	21	
1-Sep-16	23	20	
2-Sep-16	24	20	
3-Sep-16	24	20	
4-Sep-16	24	20	
5-Sep-16	23	20	
6-Sep-16	24	20	
7-Sep-16	24	20	
8-Sep-16	23	21	
9-Sep-16	24	20	
10-Sep-16	24	20	
11-Sep-16	24	20	
12-Sep-16	23	20	
13-Sep-16	24	20	
14-Sep-16	24	20	
15-Sep-16	23	21	
16-Sep-16	24	20	
17-Sep-16	24	20	
18-Sep-16	24	20	
19-Sep-16	23	20	
20-Sep-16	24	20	
21-Sep-16	24	20	
22-Sep-16	23	21	
23-Sep-16	24	20	
24-Sep-16	24	20	
25-Sep-16	24	20	
26-Sep-16	23	20	
27-Sep-16	24	20	
28-Sep-16	24	20	
29-Sep-16	23	20	
30-Sep-16	24	21	
1-Oct-16	24	20	
2-Oct-16	24	20	
3-Oct-16	23	20	
4-Oct-16	24	20	
5-Oct-16	24	20	
6-Oct-16	23	20	
7-Oct-16	24	21	
8-Oct-16	24	20	
9-Oct-16	23	20	
10-Oct-16	24	20	
11-Oct-16	24	20	
12-Oct-16	24	20	
13-Oct-16	23	20	
14-Oct-16	24	20	
15-Oct-16	24	21	
16-Oct-16	23	20	
17-Oct-16	24	20	
18-Oct-16	24	20	
19-Oct-16	24	20	
20-Oct-16	23	20	
21-Oct-16	24	20	
22-Oct-16	24	21	
23-Oct-16	23	20	
24-Oct-16	24	20	
25-Oct-16	24	20	
26-Oct-16	24	20	
27-Oct-16	23	20	
28-Oct-16	24	20	
29-Oct-16	24	20	
30-Oct-16	23	21	
31-Oct-16	24	20	
1-Nov-16	24	20	
2-Nov-16	24	20	
3-Nov-16	23	20	
4-Nov-16	24	20	
5-Nov-16	24	20	
6-Nov-16	23	21	
7-Nov-16	24	20	
8-Nov-16	24	20	
9-Nov-16	24	20	
10-Nov-16	23	20	
11-Nov-16	24	20	
12-Nov-16	24	20	
13-Nov-16	23	20	
14-Nov-16	24	21	
15-Nov-16	24	20	
16-Nov-16	24	20	
17-Nov-16	23	20	
18-Nov-16	24	20	
19-Nov-16	24	20	
20-Nov-16	23	20	
21-Nov-16	24	21	
22-Nov-16	24	20	
23-Nov-16	24	20	
24-Nov-16	23	20	
25-Nov-16	24	20	
26-Nov-16	24	20	
27-Nov-16	23	20	
28-Nov-16	24	21	
29-Nov-16	24	20	
30-Nov-16	24	20	
1-Dec-16	23	20	
2-Dec-16	24	20	
3-Dec-16	24	20	
4-Dec-16	23	20	
5-Dec-16	24	20	
6-Dec-16	24	21	
7-Dec-16	24	20	
8-Dec-16	23	20	
9-Dec-16	24	20	
10-Dec-16	24	20	
11-Dec-16	23	20	
12-Dec-16	24	20	
13-Dec-16	24	21	
14-Dec-16	24	20	
15-Dec-16	23	20	
16-Dec-16	24	20	
17-Dec-16	24	20	
18-Dec-16	23	20	
19-Dec-16	24	20	
20-Dec-16	24	20	
21-Dec-16	24	21	
22-Dec-16	23	20	
23-Dec-16	24	20	
24-Dec-16	24	20	
25-Dec-16	23	20	
26-Dec-16	24	20	
27-Dec-16	24	20	
28-Dec-16	24	21	
29-Dec-16	23	20	
30-Dec-16	24	20	
31-Dec-16	24	20	
1-Jan-17	23	20	
2-Jan-17	24	20	
3-Jan-17	24	20	
4-Jan-17	24	20	
5-Jan-17	23	21	
6-Jan-17	24	20	
7-Jan-17	24	20	
8-Jan-17	23	20	
9-Jan-17	24	20	
10-Jan-17	24	20	
11-Jan-17	24	20	
12-Jan-17	23	21	
13-Jan-17	24	20	
14-Jan-17	24	20	
15-Jan-17	23	20	
16-Jan-17	24	20	
17-Jan-17	24	20	
18-Jan-17	24	20	
19-Jan-17	23	20	
20-Jan-17	24	21	
21-Jan-17	24	20	
22-Jan-17	23	20	
23-Jan-17	24	20	
24-Jan-17	24	20	
25-Jan-17	24	20	
26-Jan-17	23	20	
27-Jan-17	24	21	
28-Jan-17	24	20	
29-Jan-17	23	20	
30-Jan-17	24	20	
31-Jan-17	24	20	
1-Feb-17	24	20	
2-Feb-17	23	20	
3-Feb-17	24	20	
4-Feb-17	24	21	
5-Feb-17	23	20	
6-Feb-17	24	20	
7-Feb-17	24	20	
8-Feb-17	24	20	
9-Feb-17	23	20	
10-Feb-17	24	20	
11-Feb-17	24	21	
12-Feb-17	23	20	
13-Feb-17	24	20	
14-Feb-17	24	20	
15-Feb-17	24	20	
16-Feb-17	23	20	
17-Feb-17	24	20	
18-Feb-17	24	21	
19-Feb-17	23	20	
20-Feb-17	24	20	
21-Feb-17	24	20	
22-Feb-17	24	20	
23-Feb-17	23	20	
24-Feb-17	24	20	
25-Feb-17	24	20	
26-Feb-17	23	21	
27-Feb-17	24	20	
28-Feb-17	24	20	
1-Mar-17	24	20	
2-Mar-17	23	20	
3-Mar-17	24	20	
4-Mar-17	24	20	
5-Mar-17	23	21	
6-Mar-17	24	20	
7-Mar-17	24	20	
8-Mar-17	24	20	
9-Mar-17	23	20	
10-Mar-17	24	20	
11-Mar-17	24	20	
12-Mar-17	23	20	
13-Mar-17	24	21	
14-Mar-17	24	20	
15-Mar-17	24	20	
16-Mar-17	23	20	
17-Mar-17	24	20	
18-Mar-17	24	20	
19-Mar-17	23	20	
20-Mar-17	24	21	
21-Mar-17	24	20	
22-Mar-17	24	20	
23-Mar-17	23	20	
24-Mar-17	24	20	
25-Mar-17	24	20	
26-Mar-17	23	20	
27-Mar-17	24	20	
28-Mar-17	24	21	
29-Mar-17	24	20	
30-Mar-17	23	20	
31-Mar-17	24	20	
1-Apr-17	24	20	
2-Apr-17	23	20	
3-Apr-17	24	20	
4-Apr-17	24	21	
5-Apr-17	24	20	
6-Apr-17	23	20	
7-Apr-17	24	20	
8-Apr-17	24	20	
9-Apr-17	23	20	
10-Apr-17	24	20	
11-Apr-17	24	20	
12-Apr-17	24	21	
13-Apr-17	23	20	
14-Apr-17	24	20	
15-Apr-17	24	20	
16-Apr-17	23	20	
17-Apr-17	24	20	
18-Apr-17	24	20	
19-Apr-17	24	21	
20-Apr-17	23	20	
21-Apr-17	24	20	
22-Apr-17	24	20	
23-Apr-17	23	20	
24-Apr-17	24	20	
25-Apr-17	24	20	
26-Apr-17	24	21	
27-Apr-17	23	1192	
28-Apr-17	24	1193	
29-Apr-17	24	1193	
30-Apr-17	23	1193	
1-May-17	24	1193	
2-May-17	24	1193	
3-May-17	24	1193	
4-May-17	23	1192	
5-May-17	24	1193	
6-May-17	24	1193	
7-May-17	23	1193	
8-May-17	24	1193	
9-May-17	24	1193	
10-May-17	24	1193	
11-May-17	23	1192	
12-May-17	24	1193	
13-May-17	24	1193	
14-May-17	23	1193	
15-May-17	24	1193	
16-May-17	24	1193	
17-May-17	24	1193	
18-May-17	23	1192	
19-May-17	24	1193	
20-May-17	24	1193	
21-May-17	23	1193	
22-May-17	24	1193	
23-May-17	24	1193	
24-May-17	24	1193	
25-May-17	23	1192	
26-May-17	24	1193	
27-May-17	24	1193	
28-May-17	23	1193	
29-May-17	24	1193	
30-May-17	24	1193	
31-May-17	24	1193	
1-Jun-17	240	1193	
2-Jun-17	240	1192	
3-Jun-17	240	1193	
4-Jun-17	240	1193	
5-Jun-17	240	1193	
6-Jun-17	240	1193	
7-Jun-17	240	1193	
8-Jun-17	240	1193	
9-Jun-17	240	1192	
10-Jun-17	241	1193	
11-Jun-17	240	1193	
12-Jun-17	240	1193	
13-Jun-17	240	1193	
14-Jun-17	240	1193	
15-Jun-17	240	1193	
16-Jun-17	240	1192	
17-Jun-17	240	1193	
18-Jun-17	240	1193	
19-Jun-17	240	1193	
20-Jun-17	241	1193	
21-Jun-17	240	1193	
22-Jun-17	240	1193	
23-Jun-17	240	1192	
24-Jun-17	240	1193	
25-Jun-17	240	1193	
26-Jun-17	240	1193	
27-Jun-17	240	1193	
28-Jun-17	240	1193	
29-Jun-17	240	1193	
30-Jun-17	241	1193	
1-Jul-17	83	1598	
2-Jul-17	84	1599	
3-Jul-17	84	1599	
4-Jul-17	83	1599	
5-Jul-17	84	1599	
6-Jul-17	84	1599	
7-Jul-17	83	1598	
8-Jul-17	84	1599	
9-Jul-17	84	1599	
10-Jul-17	83	1599	
11-Jul-17	84	1599	
12-Jul-17	84	1599	
13-Jul-17	83	1598	
14-Jul-17	84	1599	
15-Jul-17	84	1599	
16-Jul-17	83	1599	
17-Jul-17	84	1599	
18-Jul-17	84	1599	
19-Jul-17	83	1598	
20-Jul-17	84	1599	
21-Jul-17	84	1599	
22-Jul-17	83	1599	
23-Jul-17	84	1599	
24-Jul-17	84	1599	
25-Jul-17	83	1598	
26-Jul-17	84	1599	
27-Jul-17	84	1599	
28-Jul-17	83	1599	
29-Jul-17	84	1599	
30-Jul-17	84	1599	
31-Jul-17	84	1599	
1-Aug-17	54	810	
2-Aug-17	55	811	
3-Aug-17	55	811	
4-Aug-17	54	811	
5-Aug-17	55	811	
6-Aug-17	55	810	
7-Aug-17	54	811	
8-Aug-17	55	811	
9-Aug-17	55	811	
10-Aug-17	55	811	
11-Aug-17	54	810	
12-Aug-17	55	811	
13-Aug-17	55	811	
14-Aug-17	54	811	
15-Aug-17	55	811	
16-Aug-17	55	810	
17-Aug-17	55	811	
18-Aug-17	54	811	
19-Aug-17	55	811	
20-Aug-17	55	811	
21-Aug-17	54	810	
22-Aug-17	55	811	
23-Aug-17	55	811	
24-Aug-17	55	811	
25-Aug-17	54	811	
26-Aug-17	55	810	
27-Aug-17	55	811	
28-Aug-17	54	811	
29-Aug-17	55	811	
30-Aug-17	55	811	
31-Aug-17	55	811	
1-Sep-17	64	691	
2-Sep-17	65	691	
3-Sep-17	65	691	
4-Sep-17	65	691	
5-Sep-17	65	692	
6-Sep-17	64	691	
7-Sep-17	65	691	
8-Sep-17	65	691	
9-Sep-17	65	691	
10-Sep-17	65	692	
11-Sep-17	64	691	
12-Sep-17	65	691	
13-Sep-17	65	691	
14-Sep-17	65	691	
15-Sep-17	65	692	
16-Sep-17	64	691	
17-Sep-17	65	691	
18-Sep-17	65	691	
19-Sep-17	65	691	
20-Sep-17	65	692	
21-Sep-17	64	691	
22-Sep-17	65	691	
23-Sep-17	65	691	
24-Sep-17	65	691	
25-Sep-17	65	692	
26-Sep-17	64	691	
27-Sep-17	65	691	
28-Sep-17	65	691	
29-Sep-17	65	691	
30-Sep-17	65	692	
1-Oct-17	22	476	
2-Oct-17	23	477	
3-Oct-17	22	477	
4-Oct-17	23	477	
5-Oct-17	22	477	
6-Oct-17	23	477	
7-Oct-17	22	477	
8-Oct-17	23	477	
9-Oct-17	22	477	
10-Oct-17	23	477	
11-Oct-17	23	476	
12-Oct-17	22	477	
13-Oct-17	23	477	
14-Oct-17	22	477	
15-Oct-17	23	477	
16-Oct-17	22	477	
17-Oct-17	23	477	
18-Oct-17	22	477	
19-Oct-17	23	477	
20-Oct-17	22	477	
21-Oct-17	23	476	
22-Oct-17	23	477	
23-Oct-17	22	477	
24-Oct-17	23	477	
25-Oct-17	22	477	
26-Oct-17	23	477	
27-Oct-17	22	477	
28-Oct-17	23	477	
29-Oct-17	22	477	
30-Oct-17	23	477	
31-Oct-17	23	477	
1-Nov-17	10	215	
2-Nov-17	11	215	
3-Nov-17	11	215	
4-Nov-17	11	215	
5-Nov-17	11	216	
6-Nov-17	11	215	
7-Nov-17	10	215	
8-Nov-17	11	215	
9-Nov-17	11	215	
10-Nov-17	11	216	
11-Nov-17	11	215	
12-Nov-17	11	215	
13-Nov-17	10	215	
14-Nov-17	11	215	
15-Nov-17	11	216	
16-Nov-17	11	215	
17-Nov-17	11	215	
18-Nov-17	11	215	
19-Nov-17	10	215	
20-Nov-17	11	216	
21-Nov-17	11	215	
22-Nov-17	11	215	
23-Nov-17	11	215	
24-Nov-17	11	215	
25-Nov-17	10	216	
26-Nov-17	11	215	
27-Nov-17	11	215	
28-Nov-17	11	215	
29-Nov-17	11	215	
30-Nov-17	11	216	
1-Dec-17	4	308	
2-Dec-17	5	308	
3-Dec-17	4	308	
4-Dec-17	5	308	
5-Dec-17	4	309	
6-Dec-17	5	308	
7-Dec-17	5	308	
8-Dec-17	4	308	
9-Dec-17	5	309	
10-Dec-17	4	308	
11-Dec-17	5	308	
12-Dec-17	4	308	
13-Dec-17	5	308	
14-Dec-17	5	309	
15-Dec-17	4	308	
16-Dec-17	5	308	
17-Dec-17	4	308	
18-Dec-17	5	309	
19-Dec-17	5	308	
20-Dec-17	4	308	
21-Dec-17	5	308	
22-Dec-17	4	308	
23-Dec-17	5	309	
24-Dec-17	4	308	
25-Dec-17	5	308	
26-Dec-17	5	308	
27-Dec-17	4	309	
28-Dec-17	5	308	
29-Dec-17	4	308	
30-Dec-17	5	308	
31-Dec-17	5	309	
1-Jan-18	2	254	
2-Jan-18	3	255	
3-Jan-18	3	255	
4-Jan-18	3	255	
5-Jan-18	3	254	
6-Jan-18	3	255	
7-Jan-18	3	255	
8-Jan-18	3	255	
9-Jan-18	3	254	
10-Jan-18	3	255	
11-Jan-18	2	255	
12-Jan-18	3	255	
13-Jan-18	3	255	
14-Jan-18	3	254	
15-Jan-18	3	255	
16-Jan-18	3	255	
17-Jan-18	3	255	
18-Jan-18	3	254	
19-Jan-18	3	255	
20-Jan-18	3	255	
21-Jan-18	2	255	
22-Jan-18	3	255	
23-Jan-18	3	254	
24-Jan-18	3	255	
25-Jan-18	3	255	
26-Jan-18	3	255	
27-Jan-18	3	254	
28-Jan-18	3	255	
29-Jan-18	3	255	
30-Jan-18	3	255	
31-Jan-18	3	255	
1-Feb-18	0	256	
2-Feb-18	1	256	
3-Feb-18	1	256	
4-Feb-18	1	256	
5-Feb-18	1	256	
6-Feb-18	0	256	
7-Feb-18	1	256	
8-Feb-18	1	256	
9-Feb-18	1	256	
10-Feb-18	1	256	
11-Feb-18	1	256	
12-Feb-18	0	256	
13-Feb-18	1	256	
14-Feb-18	1	256	
15-Feb-18	1	256	
16-Feb-18	1	256	
17-Feb-18	0	256	
18-Feb-18	1	256	
19-Feb-18	1	256	
20-Feb-18	1	256	
21-Feb-18	1	256	
22-Feb-18	1	256	
23-Feb-18	0	256	
24-Feb-18	1	256	
25-Feb-18	1	256	
26-Feb-18	1	256	
27-Feb-18	1	256	
28-Feb-18	1	257	
1-Mar-18	0	427	
2-Mar-18	0	427	
3-Mar-18	0	427	
4-Mar-18	1	428	
5-Mar-18	0	427	
6-Mar-18	0	427	
7-Mar-18	1	427	
8-Mar-18	0	428	
9-Mar-18	0	427	
10-Mar-18	0	427	
11-Mar-18	1	427	
12-Mar-18	0	428	
13-Mar-18	0	427	
14-Mar-18	1	427	
15-Mar-18	0	427	
16-Mar-18	0	428	
17-Mar-18	0	427	
18-Mar-18	1	427	
19-Mar-18	0	427	
20-Mar-18	0	428	
21-Mar-18	1	427	
22-Mar-18	0	427	
23-Mar-18	0	427	
24-Mar-18	0	428	
25-Mar-18	1	427	
26-Mar-18	0	427	
27-Mar-18	0	427	
28-Mar-18	1	428	
29-Mar-18	0	427	
30-Mar-18	0	427	
31-Mar-18	1	428	
1-Apr-18	-14	410	
2-Apr-18	-14	410	
3-Apr-18	-14	411	
4-Apr-18	-13	410	
5-Apr-18	-14	411	
6-Apr-18	-14	410	
7-Apr-18	-13	410	
8-Apr-18	-14	411	
9-Apr-18	-14	410	
10-Apr-18	-13	411	
11-Apr-18	-14	410	
12-Apr-18	-14	410	
13-Apr-18	-14	411	
14-Apr-18	-13	410	
15-Apr-18	-14	411	
16-Apr-18	-14	410	
17-Apr-18	-13	410	
18-Apr-18	-14	411	
19-Apr-18	-14	410	
20-Apr-18	-13	411	
21-Apr-18	-14	410	
22-Apr-18	-14	410	
23-Apr-18	-14	411	
24-Apr-18	-13	410	
25-Apr-18	-14	411	
26-Apr-18	-14	410	
27-Apr-18	-13	410	
28-Apr-18	-14	411	
29-Apr-18	-14	410	
30-Apr-18	-13	411	
1-May-18	-16	399	
2-May-18	-16	399	
3-May-18	-16	400	
4-May-18	-15	399	
5-May-18	-16	400	
6-May-18	-16	399	
7-May-18	-16	400	
8-May-18	-15	399	
9-May-18	-16	400	
10-May-18	-16	399	
11-May-18	-16	400	
12-May-18	-15	399	
13-May-18	-16	400	
14-May-18	-16	399	
15-May-18	-16	400	
16-May-18	-15	399	
17-May-18	-16	400	
18-May-18	-16	399	
19-May-18	-16	400	
20-May-18	-15	399	
21-May-18	-16	400	
22-May-18	-16	399	
23-May-18	-16	400	
24-May-18	-15	399	
25-May-18	-16	400	
26-May-18	-16	399	
27-May-18	-16	400	
28-May-18	-15	399	
29-May-18	-16	400	
30-May-18	-16	399	
31-May-18	-15	400	
1-Jun-18	-15	362	
2-Jun-18	-15	363	
3-Jun-18	-15	363	
4-Jun-18	-15	363	
5-Jun-18	-15	363	
6-Jun-18	-14	363	
7-Jun-18	-15	363	
8-Jun-18	-15	362	
9-Jun-18	-15	363	
10-Jun-18	-15	363	
11-Jun-18	-15	363	
12-Jun-18	-14	363	
13-Jun-18	-15	363	
14-Jun-18	-15	363	
15-Jun-18	-15	363	
16-Jun-18	-15	362	
17-Jun-18	-15	363	
18-Jun-18	-14	363	
19-Jun-18	-15	363	
20-Jun-18	-15	363	
21-Jun-18	-15	363	
22-Jun-18	-15	363	
23-Jun-18	-15	362	
24-Jun-18	-14	363	
25-Jun-18	-15	363	
26-Jun-18	-15	363	
27-Jun-18	-15	363	
28-Jun-18	-15	363	
29-Jun-18	-15	363	
30-Jun-18	-14	363	
1-Jul-18	-14	374	
2-Jul-18	-14	374	
3-Jul-18	-13	374	
4-Jul-18	-14	374	
5-Jul-18	-14	374	
6-Jul-18	-13	374	
7-Jul-18	-14	374	
8-Jul-18	-13	375	
9-Jul-18	-14	374	
10-Jul-18	-14	374	
11-Jul-18	-13	374	
12-Jul-18	-14	374	
13-Jul-18	-13	374	
14-Jul-18	-14	374	
15-Jul-18	-14	374	
16-Jul-18	-13	375	
17-Jul-18	-14	374	
18-Jul-18	-14	374	
19-Jul-18	-13	374	
20-Jul-18	-14	374	
21-Jul-18	-13	374	
22-Jul-18	-14	374	
23-Jul-18	-14	374	
24-Jul-18	-13	375	
25-Jul-18	-14	374	
26-Jul-18	-13	374	
27-Jul-18	-14	374	
28-Jul-18	-14	374	
29-Jul-18	-13	374	
30-Jul-18	-14	374	
31-Jul-18	-13	375	
1-Aug-18	-13	314	
2-Aug-18	-12	315	
3-Aug-18	-12	315	
4-Aug-18	-12	315	
5-Aug-18	-12	315	
6-Aug-18	-12	315	
7-Aug-18	-12	315	
8-Aug-18	-13	314	
9-Aug-18	-12	315	
10-Aug-18	-12	315	
11-Aug-18	-12	315	
12-Aug-18	-12	315	
13-Aug-18	-12	315	
14-Aug-18	-12	315	
15-Aug-18	-12	315	
16-Aug-18	-13	314	
17-Aug-18	-12	315	
18-Aug-18	-12	315	
19-Aug-18	-12	315	
20-Aug-18	-12	315	
21-Aug-18	-12	315	
22-Aug-18	-12	315	
23-Aug-18	-12	315	
24-Aug-18	-13	314	
25-Aug-18	-12	315	
26-Aug-18	-12	315	
27-Aug-18	-12	315	
28-Aug-18	-12	315	
29-Aug-18	-12	315	
30-Aug-18	-12	315	
31-Aug-18	-12	315	
1-Sep-18	-16	258	
2-Sep-18	-16	259	
3-Sep-18	-16	259	
4-Sep-18	-16	259	
5-Sep-18	-16	259	
6-Sep-18	-15	259	
7-Sep-18	-16	258	
8-Sep-18	-16	259	
9-Sep-18	-16	259	
10-Sep-18	-16	259	
11-Sep-18	-16	259	
12-Sep-18	-15	259	
13-Sep-18	-16	258	
14-Sep-18	-16	259	
15-Sep-18	-16	259	
16-Sep-18	-16	259	
17-Sep-18	-16	259	
18-Sep-18	-15	259	
19-Sep-18	-16	258	
20-Sep-18	-16	259	
21-Sep-18	-16	259	
22-Sep-18	-16	259	
23-Sep-18	-16	259	
24-Sep-18	-15	259	
25-Sep-18	-16	258	
26-Sep-18	-16	259	
27-Sep-18	-16	259	
28-Sep-18	-16	259	
29-Sep-18	-16	259	
30-Sep-18	-15	259	
1-Oct-18	621	2036	
2-Oct-18	621	2037	
3-Oct-18	622	2037	
4-Oct-18	621	2036	
5-Oct-18	621	2037	
6-Oct-18	622	2037	
7-Oct-18	621	2036	
8-Oct-18	621	2037	
9-Oct-18	622	2037	
10-Oct-18	621	2037	
11-Oct-18	621	2036	
12-Oct-18	622	2037	
13-Oct-18	621	2037	0
14-Oct-18	621	2036	0
15-Oct-18	622	2037	0
16-Oct-18	621	2037	0
17-Oct-18	622	2037	0
18-Oct-18	621	2036	0
19-Oct-18	621	2037	0
20-Oct-18	622	2037	0
21-Oct-18	621	2036	0
22-Oct-18	621	2037	0
23-Oct-18	622	2037	0
24-Oct-18	621	2037	0
25-Oct-18	621	2036	0
26-Oct-18	622	2037	0
27-Oct-18	621	2037	0
28-Oct-18	621	2036	0
29-Oct-18	622	2037	0
30-Oct-18	621	2037	0
31-Oct-18	622	2037	0
1-Nov-18	692	4024	0
2-Nov-18	692	4024	0
3-Nov-18	692	4024	0
4-Nov-18	692	4024	0
5-Nov-18	692	4025	0
6-Nov-18	692	4024	0
7-Nov-18	692	4024	0
8-Nov-18	693	4024	0
9-Nov-18	692	4024	0
10-Nov-18	692	4025	0
11-Nov-18	692	4024	0
12-Nov-18	692	4024	0
13-Nov-18	692	4024	0
14-Nov-18	692	4024	0
15-Nov-18	693	4025	0
16-Nov-18	692	4024	0
17-Nov-18	692	4024	0
18-Nov-18	692	4024	0
19-Nov-18	692	4024	0
20-Nov-18	692	4025	0
21-Nov-18	692	4024	0
22-Nov-18	692	4024	0
23-Nov-18	693	4024	0
24-Nov-18	692	4024	0
25-Nov-18	692	4025	0
26-Nov-18	692	4024	306
27-Nov-18	692	4024	306
28-Nov-18	692	4024	307
29-Nov-18	692	4024	306
30-Nov-18	693	4025	306
1-Dec-18	741	3446	307
2-Dec-18	742	3446	306
3-Dec-18	742	3446	307
4-Dec-18	742	3446	306
5-Dec-18	741	3446	306
6-Dec-18	742	3446	307
7-Dec-18	742	3446	306
8-Dec-18	742	3447	307
9-Dec-18	741	3446	306
10-Dec-18	742	3446	306
11-Dec-18	742	3446	307
12-Dec-18	742	3446	306
13-Dec-18	742	3446	307
14-Dec-18	741	3446	306
15-Dec-18	742	3446	306
16-Dec-18	742	3447	307
17-Dec-18	742	3446	306
18-Dec-18	741	3446	306
19-Dec-18	742	3446	307
20-Dec-18	742	3446	306
21-Dec-18	742	3446	307
22-Dec-18	742	3446	306
23-Dec-18	741	3446	306
24-Dec-18	742	3447	307
25-Dec-18	742	3446	306
26-Dec-18	742	3446	307
27-Dec-18	741	3446	306
28-Dec-18	742	3446	306
29-Dec-18	742	3446	307
30-Dec-18	742	3446	306
31-Dec-18	742	3447	307
1-Jan-19	307	1090	56
2-Jan-19	307	1090	56
3-Jan-19	308	1091	56
4-Jan-19	307	1090	56
5-Jan-19	307	1091	56
6-Jan-19	308	1090	56
7-Jan-19	307	1091	56
8-Jan-19	307	1090	57
9-Jan-19	308	1091	56
10-Jan-19	307	1090	56
11-Jan-19	307	1090	56
12-Jan-19	308	1091	56
13-Jan-19	307	1090	56
14-Jan-19	307	1091	56
15-Jan-19	308	1090	56
16-Jan-19	307	1091	57
17-Jan-19	308	1090	56
18-Jan-19	307	1091	56
19-Jan-19	307	1090	56
20-Jan-19	308	1091	56
21-Jan-19	307	1090	56
22-Jan-19	307	1090	56
23-Jan-19	308	1091	56
24-Jan-19	307	1090	57
25-Jan-19	307	1091	56
26-Jan-19	308	1090	56
27-Jan-19	307	1091	56
28-Jan-19	307	1090	56
29-Jan-19	308	1091	56
30-Jan-19	307	1090	56
31-Jan-19	308	1091	57
1-Feb-19	166	992	15
2-Feb-19	167	992	15
3-Feb-19	167	992	15
4-Feb-19	167	992	16
5-Feb-19	167	992	15
6-Feb-19	166	992	15
7-Feb-19	167	992	16
8-Feb-19	167	992	15
9-Feb-19	167	992	15
10-Feb-19	167	992	16
11-Feb-19	167	992	15
12-Feb-19	166	992	15
13-Feb-19	167	992	16
14-Feb-19	167	992	15
15-Feb-19	167	992	15
16-Feb-19	167	992	16
17-Feb-19	166	992	15
18-Feb-19	167	992	15
19-Feb-19	167	992	16
20-Feb-19	167	992	15
21-Feb-19	167	992	15
22-Feb-19	167	992	16
23-Feb-19	166	992	15
24-Feb-19	167	992	15
25-Feb-19	167	992	16
26-Feb-19	167	992	15
27-Feb-19	167	992	15
28-Feb-19	167	993	16
1-Mar-19	245	1464	183
2-Mar-19	246	1465	184
3-Mar-19	246	1465	183
4-Mar-19	245	1464	184
5-Mar-19	246	1465	183
6-Mar-19	246	1465	184
7-Mar-19	246	1464	184
8-Mar-19	245	1465	183
9-Mar-19	246	1465	184
10-Mar-19	246	1464	183
11-Mar-19	246	1465	184
12-Mar-19	245	1465	183
13-Mar-19	246	1464	184
14-Mar-19	246	1465	184
15-Mar-19	246	1465	183
16-Mar-19	245	1464	184
17-Mar-19	246	1465	183
18-Mar-19	246	1465	184
19-Mar-19	246	1464	184
20-Mar-19	245	1465	183
21-Mar-19	246	1465	184
22-Mar-19	246	1464	183
23-Mar-19	246	1465	184
24-Mar-19	245	1465	183
25-Mar-19	246	1464	184
26-Mar-19	246	1465	184
27-Mar-19	246	1465	183
28-Mar-19	245	1464	184
29-Mar-19	246	1465	183
30-Mar-19	246	1465	184
31-Mar-19	246	1465	184
1-Apr-19	159	1238	407
2-Apr-19	160	1238	408
3-Apr-19	160	1238	407
4-Apr-19	160	1238	408
5-Apr-19	209	1238	407
6-Apr-19	209	1238	408
7-Apr-19	209	1238	407
8-Apr-19	210	1238	408
9-Apr-19	209	1238	407
10-Apr-19	209	1239	408
11-Apr-19	209	1238	407
12-Apr-19	210	1238	408
13-Apr-19	193	1238	407
14-Apr-19	193	1238	408
15-Apr-19	193	1238	408
16-Apr-19	193	1238	407
17-Apr-19	193	1238	408
18-Apr-19	193	1238	407
19-Apr-19	193	1238	408
20-Apr-19	193	1239	407
21-Apr-19	385	1238	408
22-Apr-19	386	1238	407
23-Apr-19	385	1238	408
24-Apr-19	386	1238	407
25-Apr-19	385	1238	408
26-Apr-19	386	1238	407
27-Apr-19	385	1238	408
28-Apr-19	386	1238	407
29-Apr-19	310	1238	408
30-Apr-19	310	1239	408
1-May-19	278	1086	187
2-May-19	278	1087	187
3-May-19	278	1087	188
4-May-19	278	1086	187
5-May-19	278	1087	188
6-May-19	279	1087	187
7-May-19	307	1086	187
8-May-19	308	1087	188
9-May-19	308	1087	187
10-May-19	308	1086	188
11-May-19	307	1087	187
12-May-19	308	1087	188
13-May-19	308	1086	187
14-May-19	308	1087	187
15-May-19	229	1087	188
16-May-19	230	1086	187
17-May-19	230	1087	188
18-May-19	230	1087	187
19-May-19	229	1744	187
20-May-19	230	1744	188
21-May-19	230	1745	187
22-May-19	230	1744	188
23-May-19	185	1744	187
24-May-19	185	1745	188
25-May-19	185	1744	187
26-May-19	185	1745	187
27-May-19	185	710	188
28-May-19	185	710	187
29-May-19	185	710	188
30-May-19	185	710	187
31-May-19	257	711	188
1-Jun-19	257	714	362
2-Jun-19	258	714	363
3-Jun-19	257	715	363
4-Jun-19	258	707	362
5-Jun-19	257	707	363
6-Jun-19	258	708	363
7-Jun-19	258	707	363
8-Jun-19	219	707	362
9-Jun-19	220	708	363
10-Jun-19	220	707	363
11-Jun-19	220	708	363
12-Jun-19	219	959	362
13-Jun-19	220	960	363
14-Jun-19	220	960	363
15-Jun-19	220	960	363
16-Jun-19	196	960	362
17-Jun-19	197	960	363
18-Jun-19	197	960	363
19-Jun-19	197	960	362
20-Jun-19	196	1751	363
21-Jun-19	197	1751	363
22-Jun-19	197	1751	363
23-Jun-19	197	1751	362
24-Jun-19	257	1751	363
25-Jun-19	258	1751	363
26-Jun-19	258	1751	363
27-Jun-19	258	1751	362
28-Jun-19	258	6157	363
29-Jun-19	258	6157	363
30-Jun-19	258	6157	363
1-Jul-19	610	35776	1084
2-Jul-19	1690	35776	1085
3-Jul-19	1691	35776	1085
4-Jul-19	1690	35776	1085
5-Jul-19	1691	35777	1085
6-Jul-19	1690	14017	1085
7-Jul-19	1691	14017	1084
8-Jul-19	1690	14017	1085
9-Jul-19	1691	14018	1085
10-Jul-19	2104	14017	1085
11-Jul-19	2104	14017	1085
12-Jul-19	2104	14017	1085
13-Jul-19	2105	14018	1084
14-Jul-19	2104	11544	1085
15-Jul-19	2104	11545	1085
16-Jul-19	2104	11544	1085
17-Jul-19	2105	11545	1085
18-Jul-19	2199	11544	1085
19-Jul-19	2200	11545	1084
20-Jul-19	2200	11544	1085
21-Jul-19	2200	11545	1085
22-Jul-19	2200	7554	1085
23-Jul-19	2200	7554	1085
24-Jul-19	2200	7554	1085
25-Jul-19	2200	7554	1084
26-Jul-19	1913	7554	1085
27-Jul-19	1914	7554	1085
28-Jul-19	1914	7554	1085
29-Jul-19	1914	7555	1085
30-Jul-19	1914	7977	1085
31-Jul-19	1914	7977	1085
1-Aug-19	1729	5430	1111
2-Aug-19	1730	5430	1111
3-Aug-19	1406	5431	1111
4-Aug-19	1406	5430	1112
5-Aug-19	1406	5430	1111
6-Aug-19	1407	5431	1111
7-Aug-19	1406	3800	1112
8-Aug-19	1406	3801	1111
9-Aug-19	1406	3801	1111
10-Aug-19	1407	3801	1111
11-Aug-19	1188	3800	1112
12-Aug-19	1188	3801	1111
13-Aug-19	1188	3801	1111
14-Aug-19	1188	3801	1112
15-Aug-19	1188	2540	1111
16-Aug-19	1188	2540	1111
17-Aug-19	1188	2540	1111
18-Aug-19	1189	2540	1112
19-Aug-19	701	2540	1111
20-Aug-19	701	2540	1111
21-Aug-19	701	2540	1112
22-Aug-19	702	2541	1111
23-Aug-19	701	5368	1111
24-Aug-19	701	5369	1111
25-Aug-19	701	5368	1112
26-Aug-19	702	5369	1111
27-Aug-19	800	5369	1111
28-Aug-19	800	5368	1112
29-Aug-19	801	5369	1111
30-Aug-19	800	5369	1111
31-Aug-19	801	5089	1112
1-Sep-19	1084	3780	1003
2-Sep-19	1084	3780	1004
3-Sep-19	1085	3780	1004
4-Sep-19	537	3780	1003
5-Sep-19	538	3780	1004
6-Sep-19	538	3780	1004
7-Sep-19	538	3781	1004
8-Sep-19	538	3674	1003
9-Sep-19	538	3674	1004
10-Sep-19	538	3675	1004
11-Sep-19	538	3674	1004
12-Sep-19	430	3674	1003
13-Sep-19	430	3675	1004
14-Sep-19	430	3674	1004
15-Sep-19	430	3675	1004
16-Sep-19	430	5800	1003
17-Sep-19	430	5800	1004
18-Sep-19	430	5800	1004
19-Sep-19	430	5801	1003
20-Sep-19	625	5800	1004
21-Sep-19	625	5800	1004
22-Sep-19	625	5800	1004
23-Sep-19	625	5801	1003
24-Sep-19	625	2857	1004
25-Sep-19	625	2857	1004
26-Sep-19	625	2857	1004
27-Sep-19	625	2857	1003
28-Sep-19	333	2857	1004
29-Sep-19	333	2857	1004
30-Sep-19	334	2858	1004
1-Oct-19	400	3333	387
2-Oct-19	400	3333	387
3-Oct-19	400	3334	387
4-Oct-19	400	3333	387
5-Oct-19	400	3333	387
6-Oct-19	500	3334	387
7-Oct-19	500	3333	387
8-Oct-19	500	3333	387
9-Oct-19	500	3334	387
10-Oct-19	500	2500	387
11-Oct-19	500	2500	388
12-Oct-19	500	2500	387
13-Oct-19	500	2500	387
14-Oct-19	500	2500	387
15-Oct-19	500	2500	387
16-Oct-19	500	2500	387
17-Oct-19	500	2500	387
18-Oct-19	500	3750	387
19-Oct-19	500	3750	387
20-Oct-19	500	3750	387
21-Oct-19	500	3750	388
22-Oct-19	500	3750	387
23-Oct-19	500	3750	387
24-Oct-19	500	3750	387
25-Oct-19	500	3750	387
26-Oct-19	500	1666	387
27-Oct-19	500	1667	387
28-Oct-19	500	1667	387
29-Oct-19	500	1666	387
30-Oct-19	500	1667	387
31-Oct-19	500	1667	388
1-Nov-19	333	2000	1600
2-Nov-19	333	2000	1600
3-Nov-19	334	2000	1600
4-Nov-19	333	2000	1600
5-Nov-19	333	2000	1600
6-Nov-19	334	2000	1600
7-Nov-19	500	2000	1600
8-Nov-19	500	2000	1600
9-Nov-19	500	2000	1600
10-Nov-19	500	2000	1600
11-Nov-19	500	3750	1600
12-Nov-19	500	3750	1600
13-Nov-19	500	3750	1600
14-Nov-19	500	3750	1600
15-Nov-19	375	3750	1600
16-Nov-19	375	3750	1600
17-Nov-19	375	3750	1600
18-Nov-19	375	3750	1600
19-Nov-19	375	8750	1600
20-Nov-19	375	8750	1600
21-Nov-19	375	8750	1600
22-Nov-19	375	8750	1600
23-Nov-19	500	8750	1600
24-Nov-19	500	8750	1600
25-Nov-19	500	8750	1600
26-Nov-19	500	8750	1600
27-Nov-19	500	5000	1600
28-Nov-19	500	5000	1600
29-Nov-19	500	5000	1600
30-Nov-19	500	5000	1600
1-Dec-19	375	5000	483
2-Dec-19	375	5000	484
3-Dec-19	375	5000	484
4-Dec-19	375	5000	484
5-Dec-19	375	2500	484
6-Dec-19	375	2500	484
7-Dec-19	375	2500	484
8-Dec-19	375	2500	483
9-Dec-19	750	2500	484
10-Dec-19	750	2500	484
11-Dec-19	750	2500	484
12-Dec-19	750	2500	484
13-Dec-19	750	2500	484
14-Dec-19	750	2500	484
15-Dec-19	750	2500	484
16-Dec-19	750	2500	483
17-Dec-19	500	2500	484
18-Dec-19	500	2500	484
19-Dec-19	500	2500	484
20-Dec-19	500	2500	484
21-Dec-19	500	1250	484
22-Dec-19	500	1250	484
23-Dec-19	500	1250	484
24-Dec-19	500	1250	483
25-Dec-19	571	1250	484
26-Dec-19	571	1250	484
27-Dec-19	572	1250	484
28-Dec-19	571	1250	484
29-Dec-19	572	6666	484
30-Dec-19	571	6667	484
31-Dec-19	572	6667	484
1-Jan-20	1000	6000	451
2-Jan-20	625	6000	452
3-Jan-20	625	6000	451
4-Jan-20	625	6000	452
5-Jan-20	625	6000	452
6-Jan-20	625	2500	451
7-Jan-20	625	2500	452
8-Jan-20	625	2500	451
9-Jan-20	625	2500	452
10-Jan-20	625	2500	452
11-Jan-20	625	2500	451
12-Jan-20	625	2500	452
13-Jan-20	625	2500	451
14-Jan-20	625	1250	452
15-Jan-20	625	1250	452
16-Jan-20	625	1250	451
17-Jan-20	625	1250	452
18-Jan-20	375	1250	452
19-Jan-20	375	1250	451
20-Jan-20	375	1250	452
21-Jan-20	375	1250	451
22-Jan-20	375	2500	452
23-Jan-20	375	2500	452
24-Jan-20	375	2500	451
25-Jan-20	375	2500	452
26-Jan-20	333	2500	451
27-Jan-20	333	2500	452
28-Jan-20	334	2500	452
29-Jan-20	333	2500	451
30-Jan-20	333	5000	452
31-Jan-20	334	5000	452
1-Feb-20	500	714	206
2-Feb-20	500	714	207
3-Feb-20	250	714	207
4-Feb-20	250	715	207
5-Feb-20	250	714	207
6-Feb-20	250	714	207
7-Feb-20	250	715	207
8-Feb-20	250	714	207
9-Feb-20	250	714	207
10-Feb-20	250	714	206
11-Feb-20	250	715	207
12-Feb-20	250	714	207
13-Feb-20	250	714	207
14-Feb-20	250	715	207
15-Feb-20	250	1250	207
16-Feb-20	250	1250	207
17-Feb-20	250	1250	207
18-Feb-20	250	1250	207
19-Feb-20	500	1250	207
20-Feb-20	500	1250	206
21-Feb-20	500	1250	207
22-Feb-20	500	1250	207
23-Feb-20	500	1428	207
24-Feb-20	500	1429	207
25-Feb-20	500	1428	207
26-Feb-20	500	1429	207
27-Feb-20	333	1428	207
28-Feb-20	333	1429	207
29-Feb-20	334	1429	207
1-Mar-20	200	10000	290
2-Mar-20	200	1250	290
3-Mar-20	200	1250	290
4-Mar-20	200	1250	291
5-Mar-20	200	1250	290
6-Mar-20	375	1250	290
7-Mar-20	375	1250	291
8-Mar-20	375	1250	290
9-Mar-20	375	1250	290
10-Mar-20	375	2500	291
11-Mar-20	375	2500	290
12-Mar-20	375	2500	290
13-Mar-20	375	2500	291
14-Mar-20	500	2500	290
15-Mar-20	500	2500	290
16-Mar-20	500	2500	291
17-Mar-20	500	2500	290
18-Mar-20	500	5000	290
19-Mar-20	500	5000	291
20-Mar-20	500	5000	290
21-Mar-20	500	5000	290
22-Mar-20	1250	5000	291
23-Mar-20	1250	5000	290
24-Mar-20	1250	5000	290
25-Mar-20	1250	5000	291
26-Mar-20	1250	16666	290
27-Mar-20	1250	16667	290
28-Mar-20	1250	16667	291
29-Mar-20	1250	16666	290
30-Mar-20	1500	16667	290
31-Mar-20	1500	16667	291
1-Apr-20	2166	25000	966
2-Apr-20	2167	25000	967
3-Apr-20	2167	27500	967
4-Apr-20	2166	27500	966
5-Apr-20	2167	27500	967
6-Apr-20	2167	27500	967
7-Apr-20	2875	27500	966
8-Apr-20	2875	27500	967
9-Apr-20	2875	27500	967
10-Apr-20	2875	27500	966
11-Apr-20	2875	17500	967
12-Apr-20	2875	17500	967
13-Apr-20	2875	17500	966
14-Apr-20	2875	17500	967
15-Apr-20	2500	17500	967
16-Apr-20	2500	17500	966
17-Apr-20	2500	17500	967
18-Apr-20	2500	17500	967
19-Apr-20	2500	8750	966
20-Apr-20	2500	8750	967
21-Apr-20	2500	8750	967
22-Apr-20	2500	8750	966
23-Apr-20	1625	8750	967
24-Apr-20	1625	8750	967
25-Apr-20	1625	8750	966
26-Apr-20	1625	8750	967
27-Apr-20	1625	7500	967
28-Apr-20	1625	7500	966
29-Apr-20	1625	7500	967
30-Apr-20	1625	7500	967
1-May-20	1428	7500	709
2-May-20	1429	7500	710
3-May-20	1428	7500	710
4-May-20	1429	7500	709
5-May-20	1428	10000	710
6-May-20	1429	10000	710
7-May-20	1429	10000	709
8-May-20	2041	10000	710
9-May-20	2042	10000	710
10-May-20	2042	10000	709
11-May-20	2041	10000	710
12-May-20	2042	10000	710
13-May-20	2042	6250	709
14-May-20	2041	6250	710
15-May-20	2042	6250	710
16-May-20	2042	6250	709
17-May-20	2041	6250	710
18-May-20	2042	6250	710
19-May-20	2042	6250	709
20-May-20	2041	6250	710
21-May-20	2042	3750	710
22-May-20	2042	3750	709
23-May-20	2041	3750	710
24-May-20	2042	3750	710
25-May-20	2042	3750	709
26-May-20	2041	3750	710
27-May-20	2042	3750	710
28-May-20	2042	3750	709
29-May-20	2041	6666	710
30-May-20	2042	6667	710
31-May-20	2042	6667	710
1-Jun-20	2733	4000	633
2-Jun-20	2733	4000	633
3-Jun-20	2734	4000	634
4-Jun-20	2733	4000	633
5-Jun-20	2733	4000	633
6-Jun-20	2734	3750	634
7-Jun-20	2733	3750	633
8-Jun-20	2733	3750	633
9-Jun-20	2734	3750	634
10-Jun-20	2733	3750	633
11-Jun-20	2733	3750	633
12-Jun-20	2734	3750	634
13-Jun-20	2733	3750	633
14-Jun-20	2733	2857	633
15-Jun-20	2734	2857	634
16-Jun-20	2733	2857	633
17-Jun-20	2733	2857	633
18-Jun-20	2734	2857	634
19-Jun-20	2733	2857	633
20-Jun-20	2733	2858	633
21-Jun-20	2734	8000	634
22-Jun-20	2733	8000	633
23-Jun-20	2733	8000	633
24-Jun-20	2734	8000	634
25-Jun-20	2733	8000	633
26-Jun-20	2733	8000	633
27-Jun-20	2734	8000	634
28-Jun-20	2733	8000	633
29-Jun-20	2733	8000	633
30-Jun-20	2734	8000	634
1-Jul-20	5322	6451	774
2-Jul-20	5323	6452	774
3-Jul-20	5322	6451	774
4-Jul-20	5323	6452	774
5-Jul-20	5322	6452	774
6-Jul-20	5323	6451	775
7-Jul-20	5323	6452	774
8-Jul-20	5322	6451	774
9-Jul-20	5323	6452	774
10-Jul-20	5322	6452	774
11-Jul-20	5323	6451	775
12-Jul-20	5322	6452	774
13-Jul-20	5323	6451	774
14-Jul-20	5323	6452	774
15-Jul-20	5322	6452	774
16-Jul-20	5323	6451	775
17-Jul-20	5322	6452	774
18-Jul-20	5323	6452	774
19-Jul-20	5323	6451	774
20-Jul-20	5322	6452	774
21-Jul-20	5323	6451	775
22-Jul-20	5322	6452	774
23-Jul-20	5323	6452	774
24-Jul-20	5322	6451	774
25-Jul-20	5323	6452	774
26-Jul-20	5323	6451	775
27-Jul-20	5322	6452	774
28-Jul-20	5323	6452	774
29-Jul-20	5322	6451	774
30-Jul-20	5323	6452	774
31-Jul-20	5323	6452	775
1-Aug-20	10193	7096	1250
2-Aug-20	10194	7097	1250
3-Aug-20	10193	7097	1250
4-Aug-20	10194	7097	1250
5-Aug-20	10193	7096	1250
6-Aug-20	10194	7097	1250
7-Aug-20	10193	7097	1250
8-Aug-20	10194	7097	1250
9-Aug-20	10193	7096	1250
10-Aug-20	10194	7097	1250
11-Aug-20	10194	7097	1250
12-Aug-20	10193	7097	1250
13-Aug-20	10194	7097	625
14-Aug-20	10193	7096	625
15-Aug-20	10194	7097	625
16-Aug-20	10193	7097	625
17-Aug-20	10194	7097	625
18-Aug-20	10193	7096	625
19-Aug-20	10194	7097	625
20-Aug-20	10193	7097	625
21-Aug-20	10194	7097	-625
22-Aug-20	10194	7097	-625
23-Aug-20	10193	7096	-625
24-Aug-20	10194	7097	-625
25-Aug-20	10193	7097	-625
26-Aug-20	10194	7097	-625
27-Aug-20	10193	7096	-625
28-Aug-20	10194	7097	-625
29-Aug-20	10193	7097	333
30-Aug-20	10194	7097	333
31-Aug-20	10194	7097	334
1-Sep-20	7000	6666	153
2-Sep-20	7000	6667	154
3-Sep-20	7000	6667	154
4-Sep-20	7000	6666	154
5-Sep-20	7000	6667	154
6-Sep-20	7000	6667	154
7-Sep-20	7000	6666	153
8-Sep-20	7000	6667	154
9-Sep-20	7000	6667	154
10-Sep-20	7000	6666	154
11-Sep-20	7000	6667	154
12-Sep-20	7000	6667	154
13-Sep-20	7000	6666	154
14-Sep-20	7000	6667	250
15-Sep-20	7000	6667	250
16-Sep-20	7000	6666	250
17-Sep-20	7000	6667	250
18-Sep-20	7000	6667	250
19-Sep-20	7000	6666	250
20-Sep-20	7000	6667	250
21-Sep-20	7000	6667	250
22-Sep-20	7000	6666	125
23-Sep-20	7000	6667	125
24-Sep-20	7000	6667	125
25-Sep-20	7000	6666	125
26-Sep-20	7000	6667	125
27-Sep-20	7000	6667	125
28-Sep-20	7000	6666	125
29-Sep-20	7000	6667	125
30-Sep-20	7000	6667	41
1-Oct-20	5161	6774	42
2-Oct-20	5161	6774	42
3-Oct-20	5161	6774	41
4-Oct-20	5162	6774	42
5-Oct-20	5161	6774	42
6-Oct-20	5161	6775	41
7-Oct-20	5162	6774	42
8-Oct-20	5161	6774	42
9-Oct-20	5161	6774	41
10-Oct-20	5161	6774	42
11-Oct-20	5162	6775	42
12-Oct-20	5161	6774	41
13-Oct-20	5161	6774	42
14-Oct-20	5162	6774	42
15-Oct-20	5161	6774	41
16-Oct-20	5161	6775	42
17-Oct-20	5161	6774	42
18-Oct-20	5162	6774	41
19-Oct-20	5161	6774	42
20-Oct-20	5161	6774	42
21-Oct-20	5162	6775	41
22-Oct-20	5161	6774	42
23-Oct-20	5161	6774	42
24-Oct-20	5161	6774	62
25-Oct-20	5162	6774	63
26-Oct-20	5161	6775	62
27-Oct-20	5161	6774	63
28-Oct-20	5162	6774	62
29-Oct-20	5161	6774	63
30-Oct-20	5161	6774	62
31-Oct-20	5162	6775	63
1-Nov-20	7000	8333	62
2-Nov-20	7000	8333	63
3-Nov-20	7000	8334	62
4-Nov-20	7000	8333	63
5-Nov-20	7000	8333	62
6-Nov-20	7000	8334	63
7-Nov-20	7000	8333	62
8-Nov-20	7000	8333	63
9-Nov-20	7000	8334	125
10-Nov-20	7000	8333	125
11-Nov-20	7000	8333	125
12-Nov-20	7000	8334	125
13-Nov-20	7000	8333	125
14-Nov-20	7000	8333	125
15-Nov-20	7000	8334	125
16-Nov-20	7000	8333	125
17-Nov-20	7000	8333	125
18-Nov-20	7000	8334	125
19-Nov-20	7000	8333	125
20-Nov-20	7000	8333	125
21-Nov-20	7000	8334	125
22-Nov-20	7000	8333	125
23-Nov-20	7000	8333	125
24-Nov-20	7000	8334	125
25-Nov-20	7000	8333	333
26-Nov-20	7000	8333	333
27-Nov-20	7000	8334	334
28-Nov-20	7000	8333	333
29-Nov-20	7000	8333	333
30-Nov-20	7000	8334	334
1-Dec-20	8064	7741	38
2-Dec-20	8065	7742	38
3-Dec-20	8064	7742	39
4-Dec-20	8065	7742	38
5-Dec-20	8064	7742	39
6-Dec-20	8065	7742	38
7-Dec-20	8064	7742	39
8-Dec-20	8065	7742	38
9-Dec-20	8064	7742	39
10-Dec-20	8065	7742	38
11-Dec-20	8064	7742	39
12-Dec-20	8065	7742	38
13-Dec-20	8064	7742	39
14-Dec-20	8065	7742	38
15-Dec-20	8064	7742	38
16-Dec-20	8065	7741	39
17-Dec-20	8064	7742	38
18-Dec-20	8065	7742	39
19-Dec-20	8064	7742	38
20-Dec-20	8065	7742	39
21-Dec-20	8064	7742	38
22-Dec-20	8065	7742	39
23-Dec-20	8064	7742	38
24-Dec-20	8065	7742	39
25-Dec-20	8064	7742	38
26-Dec-20	8065	7742	39
27-Dec-20	8064	7742	200
28-Dec-20	8065	7742	200
29-Dec-20	8064	7742	200
30-Dec-20	8065	7742	200
31-Dec-20	8065	7742	200
1-Jan-21	10000	20000	333
2-Jan-21	10000	20000	333
3-Jan-21	10000	20000	334
4-Jan-21	10000	20000	125
5-Jan-21	10000	20000	125
6-Jan-21	10000	20000	125
7-Jan-21	10000	20000	125
8-Jan-21	10000	10000	125
9-Jan-21	10000	10000	125
10-Jan-21	10000	10000	125
11-Jan-21	10000	10000	125
12-Jan-21	10000	10000	250
13-Jan-21	10000	10000	250
14-Jan-21	10000	10000	250
15-Jan-21	10000	10000	250
16-Jan-21	7500	7500	250
17-Jan-21	7500	7500	250
18-Jan-21	7500	7500	250
19-Jan-21	7500	7500	250
20-Jan-21	7500	7500	125
21-Jan-21	7500	7500	125
22-Jan-21	7500	7500	125
23-Jan-21	7500	7500	125
24-Jan-21	10000	8750	125
25-Jan-21	10000	8750	125
26-Jan-21	10000	8750	125
27-Jan-21	10000	8750	125
28-Jan-21	10000	8750	250
29-Jan-21	10000	8750	250
30-Jan-21	10000	8750	250
31-Jan-21	10000	8750	250
1-Feb-21	11250	8750	250
2-Feb-21	11250	8750	250
3-Feb-21	11250	8750	250
4-Feb-21	11250	8750	250
5-Feb-21	11250	8750	125
6-Feb-21	11250	8750	125
7-Feb-21	11250	8750	125
8-Feb-21	11250	8750	125
9-Feb-21	7500	7500	125
10-Feb-21	7500	7500	125
11-Feb-21	7500	7500	125
12-Feb-21	7500	7500	125
13-Feb-21	7500	7500	250
14-Feb-21	7500	7500	250
15-Feb-21	7500	7500	250
16-Feb-21	7500	7500	250
17-Feb-21	8750	6250	250
18-Feb-21	8750	6250	250
19-Feb-21	8750	6250	250
20-Feb-21	8750	6250	250
21-Feb-21	8750	6250	62
22-Feb-21	8750	6250	63
23-Feb-21	8750	6250	62
24-Feb-21	8750	6250	63
25-Feb-21	10000	5000	62
26-Feb-21	10000	5000	63
27-Feb-21	10000	5000	62
28-Feb-21	10000	5000	63
1-Mar-21	7500	7500	62
2-Mar-21	7500	7500	63
3-Mar-21	7500	7500	62
4-Mar-21	7500	7500	63
5-Mar-21	7500	12500	62
6-Mar-21	7500	12500	63
7-Mar-21	7500	12500	62
8-Mar-21	7500	12500	63
9-Mar-21	7500	12500	71
10-Mar-21	7500	12500	71
11-Mar-21	7500	12500	72
12-Mar-21	7500	12500	71
13-Mar-21	7500	11250	72
14-Mar-21	7500	11250	71
15-Mar-21	7500	11250	72
16-Mar-21	7500	11250	71
17-Mar-21	7500	11250	71
18-Mar-21	7500	11250	72
19-Mar-21	7500	11250	71
20-Mar-21	7500	11250	72
21-Mar-21	6250	10000	71
22-Mar-21	6250	10000	72
23-Mar-21	6250	10000	-56
24-Mar-21	6250	10000	-56
25-Mar-21	6250	10000	-55
26-Mar-21	6250	10000	-56
27-Mar-21	6250	10000	-55
28-Mar-21	6250	10000	-56
29-Mar-21	6666	6666	-55
30-Mar-21	6667	6667	-56
31-Mar-21	6667	6667	-55
1-Apr-21	6000	4000	-56
2-Apr-21	6000	4000	-56
3-Apr-21	6000	4000	-55
4-Apr-21	6000	4000	-56
5-Apr-21	6000	4000	-55
6-Apr-21	5000	3750	-56
7-Apr-21	5000	3750	-55
8-Apr-21	5000	3750	-56
9-Apr-21	5000	3750	-55
10-Apr-21	5000	3750	166
11-Apr-21	5000	3750	167
12-Apr-21	5000	3750	167
13-Apr-21	5000	3750	166
14-Apr-21	5000	6250	167
15-Apr-21	5000	6250	167
16-Apr-21	5000	6250	21
17-Apr-21	5000	6250	22
18-Apr-21	5000	6250	22
19-Apr-21	5000	6250	21
20-Apr-21	5000	6250	22
21-Apr-21	5000	6250	22
22-Apr-21	7500	6250	22
23-Apr-21	7500	6250	21
24-Apr-21	7500	6250	22
25-Apr-21	7500	6250	22
26-Apr-21	7500	6250	22
27-Apr-21	7500	6250	21
28-Apr-21	7500	6250	22
29-Apr-21	7500	6250	22
30-Apr-21	5000	3750	22
1-May-21	5000	3750	21
2-May-21	5000	3750	22
3-May-21	5000	3750	22
4-May-21	5000	3750	22
5-May-21	5000	3750	21
6-May-21	5000	3750	22
7-May-21	5000	3750	22
8-May-21	3750	6250	22
9-May-21	3750	6250	21
10-May-21	3750	6250	22
11-May-21	3750	6250	22
12-May-21	3750	6250	21
13-May-21	3750	6250	22
14-May-21	3750	6250	22
15-May-21	3750	6250	22
16-May-21	5000	8750	21
17-May-21	5000	8750	22
18-May-21	5000	8750	22
19-May-21	5000	8750	22
20-May-21	5000	8750	21
21-May-21	5000	8750	22
22-May-21	5000	8750	22
23-May-21	5000	8750	22
24-May-21	3750	6250	21
25-May-21	3750	6250	22
26-May-21	3750	6250	22
27-May-21	3750	6250	22
28-May-21	3750	6250	21
29-May-21	3750	6250	22
30-May-21	3750	6250	22
31-May-21	3750	6250	22
1-Jun-21	5000	2500	20
2-Jun-21	5000	2500	20
3-Jun-21	5000	2500	20
4-Jun-21	5000	2500	20
5-Jun-21	5000	2500	20
6-Jun-21	5000	2500	20
7-Jun-21	5000	2500	20
8-Jun-21	5000	2500	20
9-Jun-21	2500	3750	20
10-Jun-21	2500	3750	20
11-Jun-21	2500	3750	20
12-Jun-21	2500	3750	20
13-Jun-21	2500	3750	20
14-Jun-21	2500	3750	20
15-Jun-21	2500	3750	20
16-Jun-21	2500	3750	20
17-Jun-21	3750	3750	20
18-Jun-21	3750	3750	20
19-Jun-21	3750	3750	20
20-Jun-21	3750	3750	20
21-Jun-21	3750	3750	20
22-Jun-21	3750	3750	20
23-Jun-21	3750	3750	20
24-Jun-21	3750	3750	20
25-Jun-21	3333	3333	20
26-Jun-21	3333	3333	20
27-Jun-21	3334	3334	20
28-Jun-21	3333	3333	20
29-Jun-21	3333	3333	20
30-Jun-21	3334	3334	20
1-Jul-21	5000	5000	20
2-Jul-21	5000	5000	20
3-Jul-21	3750	5000	20
4-Jul-21	3750	5000	20
5-Jul-21	3750	5000	20
6-Jul-21	3750	5000	20
7-Jul-21	3750	5000	20
8-Jul-21	3750	5000	20
9-Jul-21	3750	5000	20
10-Jul-21	3750	5000	20
11-Jul-21	3750	6250	20
12-Jul-21	3750	6250	20
13-Jul-21	3750	6250	20
14-Jul-21	3750	6250	20
15-Jul-21	3750	6250	20
16-Jul-21	3750	6250	20
17-Jul-21	3750	6250	20
18-Jul-21	3750	6250	20
19-Jul-21	5000	3750	20
20-Jul-21	5000	3750	20
21-Jul-21	5000	3750	31
22-Jul-21	5000	3750	31
23-Jul-21	5000	3750	31
24-Jul-21	5000	3750	32
25-Jul-21	5000	3750	31
26-Jul-21	5000	3750	31
27-Jul-21	4000	4000	31
28-Jul-21	4000	4000	32
29-Jul-21	4000	4000	31
30-Jul-21	4000	4000	31
31-Jul-21	4000	4000	31
1-Aug-21	3333	3333	32
2-Aug-21	3333	3333	31
3-Aug-21	3334	3334	31
4-Aug-21	2500	2500	31
5-Aug-21	2500	2500	32
6-Aug-21	2500	2500	31
7-Aug-21	2500	2500	31
8-Aug-21	2500	2500	31
9-Aug-21	2500	2500	32
10-Aug-21	2500	2500	31
11-Aug-21	2500	2500	31
12-Aug-21	2500	3750	31
13-Aug-21	2500	3750	32
14-Aug-21	2500	3750	31
15-Aug-21	2500	3750	31
16-Aug-21	2500	3750	31
17-Aug-21	2500	3750	32
18-Aug-21	2500	3750	31
19-Aug-21	2500	3750	31
20-Aug-21	2500	3750	31
21-Aug-21	2500	3750	32
22-Aug-21	2500	3750	62
23-Aug-21	2500	3750	63
24-Aug-21	2500	3750	62
25-Aug-21	2500	3750	63
26-Aug-21	2500	3750	62
27-Aug-21	2500	3750	63
28-Aug-21	2500	5000	62
29-Aug-21	2500	5000	63
30-Aug-21	2500	5000	62
31-Aug-21	2500	5000	63
1-Sep-21	2500	2500	62
2-Sep-21	2500	2500	63
3-Sep-21	2500	2500	62
4-Sep-21	2500	2500	63
5-Sep-21	2500	2500	62
6-Sep-21	2500	2500	63
7-Sep-21	2500	2500	-125
8-Sep-21	2500	2500	-125
9-Sep-21	2500	2500	-125
10-Sep-21	2500	2500	-125
11-Sep-21	2500	2500	-125
12-Sep-21	2500	2500	-125
13-Sep-21	1250	2500	-125
14-Sep-21	1250	2500	-125
15-Sep-21	1250	2500	-22
16-Sep-21	1250	2500	-21
17-Sep-21	1250	2500	-21
18-Sep-21	1250	2500	-22
19-Sep-21	1250	2500	-21
20-Sep-21	1250	2500	-21
21-Sep-21	2500	1250	-21
22-Sep-21	2500	1250	-22
23-Sep-21	2500	1250	-21
24-Sep-21	2500	1250	-21
25-Sep-21	2500	1250	-22
26-Sep-21	2500	1250	-21
27-Sep-21	2500	1250	-21
28-Sep-21	2500	1250	-21
29-Sep-21	1250	5000	-22
30-Sep-21	1250	5000	-21
1-Oct-21	1250	714	-21
2-Oct-21	1250	714	-21
3-Oct-21	1250	714	-22
4-Oct-21	1250	715	-21
5-Oct-21	1250	714	-21
6-Oct-21	1250	714	-22
7-Oct-21	1250	715	-21
8-Oct-21	1250	714	-21
9-Oct-21	1250	714	-21
10-Oct-21	1250	714	-22
11-Oct-21	1250	715	-21
12-Oct-21	1250	714	-21
13-Oct-21	1250	714	-22
14-Oct-21	1250	715	-21
15-Oct-21	1250	1250	-21
16-Oct-21	1250	1250	-21
17-Oct-21	1250	1250	-22
18-Oct-21	1250	1250	-21
19-Oct-21	1250	1250	-21
20-Oct-21	1250	1250	-21
21-Oct-21	1250	1250	-22
22-Oct-21	1250	1250	-21
23-Oct-21	1250	1250	-21
24-Oct-21	1250	1250	-22
25-Oct-21	1250	1250	-21
26-Oct-21	1250	1250	-21
27-Oct-21	1250	1250	-21
28-Oct-21	1250	1250	-22
29-Oct-21	1250	1250	-21
30-Oct-21	1250	1250	-21
31-Oct-21	8750	2500	-21
1-Nov-21	8750	2500	111
2-Nov-21	8750	2500	111
3-Nov-21	8750	2500	111
4-Nov-21	8750	2500	111
5-Nov-21	8750	2500	111
6-Nov-21	8750	2500	111
7-Nov-21	8750	2500	111
8-Nov-21	6250	2500	111
9-Nov-21	6250	2500	112
10-Nov-21	6250	2500	-125
11-Nov-21	6250	2500	-125
12-Nov-21	6250	2500	-125
13-Nov-21	6250	2500	-125
14-Nov-21	6250	2500	-125
15-Nov-21	6250	2500	-125
16-Nov-21	2500	2500	-125
17-Nov-21	2500	2500	-125
18-Nov-21	2500	2500	-42
19-Nov-21	2500	2500	-42
20-Nov-21	2500	2500	-41
21-Nov-21	2500	2500	-42
22-Nov-21	2500	2500	-42
23-Nov-21	2500	2500	-41
24-Nov-21	1428	1428	-42
25-Nov-21	1429	1429	-42
26-Nov-21	1428	1428	-41
27-Nov-21	1429	1429	-42
28-Nov-21	1428	1428	-42
29-Nov-21	1429	1429	-41
30-Nov-21	1429	1429	-42
1-Dec-21	2222	2222	-42
2-Dec-21	2222	2222	-41
3-Dec-21	2222	2222	-42
4-Dec-21	2222	2222	-42
5-Dec-21	2223	2223	-41
6-Dec-21	2222	2222	-42
7-Dec-21	2222	2222	-42
8-Dec-21	2222	2222	-41
9-Dec-21	2223	2223	-42
10-Dec-21	1250	1250	-42
11-Dec-21	1250	1250	-41
12-Dec-21	1250	1250	-32
13-Dec-21	1250	1250	-31
14-Dec-21	1250	1250	-31
15-Dec-21	1250	1250	-31
16-Dec-21	1250	1250	-32
17-Dec-21	1250	1250	-31
18-Dec-21	1250	714	-31
19-Dec-21	1250	714	-31
20-Dec-21	1250	714	-32
21-Dec-21	1250	715	-31
22-Dec-21	1250	714	-31
23-Dec-21	1250	714	-31
24-Dec-21	1250	715	-32
25-Dec-21	1250	714	-31
26-Dec-21	1666	714	-31
27-Dec-21	1667	714	-31
28-Dec-21	1667	715	-32
29-Dec-21	1666	714	-31
30-Dec-21	1667	714	-31
31-Dec-21	1667	715	-31
1-Jan-22	1000	833	-32
2-Jan-22	1000	833	-31
3-Jan-22	1000	834	-31
4-Jan-22	1000	833	-31
5-Jan-22	1000	833	-32
6-Jan-22	1000	834	-31
7-Jan-22	1000	833	-31
8-Jan-22	1000	833	-31
9-Jan-22	1000	834	-32
10-Jan-22	1000	833	-31
11-Jan-22	1250	833	-31
12-Jan-22	1250	834	-31
13-Jan-22	1250	212	-53
14-Jan-22	1250	213	-53
15-Jan-22	1250	213	-52
16-Jan-22	1250	213	-53
17-Jan-22	1250	212	-53
18-Jan-22	1250	213	-52
19-Jan-22	384	213	-53
20-Jan-22	385	213	-53
21-Jan-22	384	212	-52
22-Jan-22	385	213	-53
23-Jan-22	385	213	-52
24-Jan-22	384	213	-53
25-Jan-22	385	212	-53
26-Jan-22	384	213	-52
27-Jan-22	385	213	-53
28-Jan-22	385	213	-53
29-Jan-22	384	213	-52
30-Jan-22	385	212	-53
31-Jan-22	385	213	-52
1-Feb-22	384	213	-48
2-Feb-22	385	213	-48
3-Feb-22	384	212	-47
4-Feb-22	385	213	-48
5-Feb-22	385	213	-48
6-Feb-22	384	213	-47
7-Feb-22	385	212	-48
8-Feb-22	384	213	-47
9-Feb-22	385	213	-48
10-Feb-22	385	213	-48
11-Feb-22	384	212	-47
12-Feb-22	385	213	-48
13-Feb-22	385	213	-48
14-Feb-22	1250	213	-47
15-Feb-22	1250	213	-48
16-Feb-22	1250	212	-47
17-Feb-22	1250	213	-48
18-Feb-22	1250	213	-48
19-Feb-22	1250	213	-47
20-Feb-22	1250	212	-48
21-Feb-22	1250	213	-47
22-Feb-22	1428	213	-42
23-Feb-22	1429	213	-42
24-Feb-22	1428	212	-41
25-Feb-22	1429	213	-42
26-Feb-22	1428	213	-42
27-Feb-22	1429	213	-41
28-Feb-22	1429	213	-42
1-Mar-22	400		-42
2-Mar-22	400		-41
3-Mar-22	400		-42
4-Mar-22	400		-42
5-Mar-22	400		-41
6-Mar-22	400		-42
7-Mar-22	400		-42
8-Mar-22	400		-41
9-Mar-22	400		-42
10-Mar-22	400		-42
11-Mar-22	400		-41
12-Mar-22	400		-42
13-Mar-22	400		-42
14-Mar-22	400		-41
15-Mar-22	400		-42
16-Mar-22	400		-42
17-Mar-22	400		-41
18-Mar-22	400		-63
19-Mar-22	400		-62
20-Mar-22	400		-63
21-Mar-22	400		-62
22-Mar-22	400		-63
23-Mar-22	400		-62
24-Mar-22	400		-63
25-Mar-22	400		-62
26-Mar-22			-63
27-Mar-22			-62
28-Mar-22			-63
29-Mar-22			-62
30-Mar-22			-63
31-Mar-22			-62
1-Apr-22			-63
2-Apr-22			-62
3-Apr-22			142
4-Apr-22			143
5-Apr-22			143
6-Apr-22			143
7-Apr-22			143
8-Apr-22			143
9-Apr-22			143
10-Apr-22			
